2025-02-13 08:57:35,581 [Worker-0: Loading available Gradle versions] INFO  o.e.b.c.i.u.g.PublishedGradleVersions - Gradle version information cache is not available. Remote download required.
2025-02-13 09:05:22,195 [Worker-5: Loading available Gradle versions] INFO  o.e.b.c.i.u.g.PublishedGradleVersions - Gradle version information cache is up-to-date. Trying to read.
2025-02-13 09:09:02,200 [Worker-4: Creating project "EducationBoard"] INFO  o.e.m.c.i.e.AbstractTransferListenerAdapter - Downloading https://repo.maven.apache.org/maven2/org/apache/maven/plugins/maven-clean-plugin/3.2.0/maven-clean-plugin-3.2.0.jar
2025-02-13 09:09:02,438 [Worker-4: Creating project "EducationBoard"] INFO  o.e.m.c.i.e.AbstractTransferListenerAdapter - Downloaded https://repo.maven.apache.org/maven2/org/apache/maven/plugins/maven-clean-plugin/3.2.0/maven-clean-plugin-3.2.0.jar
2025-02-13 09:09:02,597 [Worker-4: Creating project "EducationBoard"] INFO  o.e.m.c.i.e.AbstractTransferListenerAdapter - Downloading https://repo.maven.apache.org/maven2/org/apache/maven/plugins/maven-resources-plugin/3.3.1/maven-resources-plugin-3.3.1.jar
2025-02-13 09:09:02,775 [Worker-4: Creating project "EducationBoard"] INFO  o.e.m.c.i.e.AbstractTransferListenerAdapter - Downloaded https://repo.maven.apache.org/maven2/org/apache/maven/plugins/maven-resources-plugin/3.3.1/maven-resources-plugin-3.3.1.jar
2025-02-13 09:09:02,913 [Worker-4: Creating project "EducationBoard"] INFO  o.e.m.c.i.e.AbstractTransferListenerAdapter - Downloading https://repo.maven.apache.org/maven2/org/apache/maven/plugins/maven-compiler-plugin/3.13.0/maven-compiler-plugin-3.13.0.jar
2025-02-13 09:09:03,003 [Worker-4: Creating project "EducationBoard"] INFO  o.e.m.c.i.e.AbstractTransferListenerAdapter - Downloaded https://repo.maven.apache.org/maven2/org/apache/maven/plugins/maven-compiler-plugin/3.13.0/maven-compiler-plugin-3.13.0.jar
2025-02-13 09:09:03,099 [Worker-4: Creating project "EducationBoard"] INFO  o.e.m.c.i.e.AbstractTransferListenerAdapter - Downloading https://repo.maven.apache.org/maven2/org/apache/maven/plugins/maven-surefire-plugin/3.2.5/maven-surefire-plugin-3.2.5.jar
2025-02-13 09:09:03,255 [Worker-4: Creating project "EducationBoard"] INFO  o.e.m.c.i.e.AbstractTransferListenerAdapter - Downloaded https://repo.maven.apache.org/maven2/org/apache/maven/plugins/maven-surefire-plugin/3.2.5/maven-surefire-plugin-3.2.5.jar
2025-02-13 09:09:03,372 [Worker-4: Creating project "EducationBoard"] INFO  o.e.m.c.i.e.AbstractTransferListenerAdapter - Downloading https://repo.maven.apache.org/maven2/org/apache/maven/plugins/maven-jar-plugin/3.4.1/maven-jar-plugin-3.4.1.jar
2025-02-13 09:09:03,576 [Worker-4: Creating project "EducationBoard"] INFO  o.e.m.c.i.e.AbstractTransferListenerAdapter - Downloaded https://repo.maven.apache.org/maven2/org/apache/maven/plugins/maven-jar-plugin/3.4.1/maven-jar-plugin-3.4.1.jar
2025-02-13 09:09:03,729 [Worker-4: Creating project "EducationBoard"] INFO  o.e.m.c.i.e.AbstractTransferListenerAdapter - Downloading https://repo.maven.apache.org/maven2/org/apache/maven/plugins/maven-install-plugin/3.1.2/maven-install-plugin-3.1.2.jar
2025-02-13 09:09:03,890 [Worker-4: Creating project "EducationBoard"] INFO  o.e.m.c.i.e.AbstractTransferListenerAdapter - Downloaded https://repo.maven.apache.org/maven2/org/apache/maven/plugins/maven-install-plugin/3.1.2/maven-install-plugin-3.1.2.jar
2025-02-13 09:09:04,020 [Worker-4: Creating project "EducationBoard"] INFO  o.e.m.c.i.e.AbstractTransferListenerAdapter - Downloading https://repo.maven.apache.org/maven2/org/apache/maven/plugins/maven-deploy-plugin/3.1.2/maven-deploy-plugin-3.1.2.jar
2025-02-13 09:09:04,212 [Worker-4: Creating project "EducationBoard"] INFO  o.e.m.c.i.e.AbstractTransferListenerAdapter - Downloaded https://repo.maven.apache.org/maven2/org/apache/maven/plugins/maven-deploy-plugin/3.1.2/maven-deploy-plugin-3.1.2.jar
2025-02-13 09:09:04,457 [Worker-4: Creating project "EducationBoard"] INFO  o.e.m.c.i.e.AbstractTransferListenerAdapter - Downloading https://repo.maven.apache.org/maven2/org/apache/maven/plugins/maven-site-plugin/3.12.1/maven-site-plugin-3.12.1.jar
2025-02-13 09:09:04,544 [Worker-4: Creating project "EducationBoard"] INFO  o.e.m.c.i.e.AbstractTransferListenerAdapter - Downloaded https://repo.maven.apache.org/maven2/org/apache/maven/plugins/maven-site-plugin/3.12.1/maven-site-plugin-3.12.1.jar
2025-02-13 09:09:04,624 [Worker-4: Creating project "EducationBoard"] INFO  o.e.m.c.i.e.AbstractTransferListenerAdapter - Downloading https://repo.maven.apache.org/maven2/org/apache/maven/plugins/maven-compiler-plugin/3.13.0/maven-compiler-plugin-3.13.0.pom
2025-02-13 09:09:04,656 [Worker-4: Creating project "EducationBoard"] INFO  o.e.m.c.i.e.AbstractTransferListenerAdapter - Downloaded https://repo.maven.apache.org/maven2/org/apache/maven/plugins/maven-compiler-plugin/3.13.0/maven-compiler-plugin-3.13.0.pom
2025-02-13 09:09:04,742 [Worker-4: Creating project "EducationBoard"] INFO  o.e.m.c.i.e.AbstractTransferListenerAdapter - Downloading https://repo.maven.apache.org/maven2/org/apache/maven/plugins/maven-plugins/41/maven-plugins-41.pom
2025-02-13 09:09:04,764 [Worker-4: Creating project "EducationBoard"] INFO  o.e.m.c.i.e.AbstractTransferListenerAdapter - Downloaded https://repo.maven.apache.org/maven2/org/apache/maven/plugins/maven-plugins/41/maven-plugins-41.pom
2025-02-13 09:09:04,832 [Worker-4: Creating project "EducationBoard"] INFO  o.e.m.c.i.e.AbstractTransferListenerAdapter - Downloading https://repo.maven.apache.org/maven2/org/apache/maven/maven-parent/41/maven-parent-41.pom
2025-02-13 09:09:04,881 [Worker-4: Creating project "EducationBoard"] INFO  o.e.m.c.i.e.AbstractTransferListenerAdapter - Downloaded https://repo.maven.apache.org/maven2/org/apache/maven/maven-parent/41/maven-parent-41.pom
2025-02-13 09:09:04,953 [Worker-4: Creating project "EducationBoard"] INFO  o.e.m.c.i.e.AbstractTransferListenerAdapter - Downloading https://repo.maven.apache.org/maven2/org/apache/apache/31/apache-31.pom
2025-02-13 09:09:04,993 [Worker-4: Creating project "EducationBoard"] INFO  o.e.m.c.i.e.AbstractTransferListenerAdapter - Downloaded https://repo.maven.apache.org/maven2/org/apache/apache/31/apache-31.pom
2025-02-13 09:09:05,105 [Worker-4: Creating project "EducationBoard"] INFO  o.e.m.c.i.e.AbstractTransferListenerAdapter - Downloading https://repo.maven.apache.org/maven2/org/apache/maven/shared/maven-shared-utils/3.4.2/maven-shared-utils-3.4.2.pom
2025-02-13 09:09:05,125 [Worker-4: Creating project "EducationBoard"] INFO  o.e.m.c.i.e.AbstractTransferListenerAdapter - Downloaded https://repo.maven.apache.org/maven2/org/apache/maven/shared/maven-shared-utils/3.4.2/maven-shared-utils-3.4.2.pom
2025-02-13 09:09:05,187 [Worker-4: Creating project "EducationBoard"] INFO  o.e.m.c.i.e.AbstractTransferListenerAdapter - Downloading https://repo.maven.apache.org/maven2/org/apache/maven/shared/maven-shared-components/39/maven-shared-components-39.pom
2025-02-13 09:09:05,209 [Worker-4: Creating project "EducationBoard"] INFO  o.e.m.c.i.e.AbstractTransferListenerAdapter - Downloaded https://repo.maven.apache.org/maven2/org/apache/maven/shared/maven-shared-components/39/maven-shared-components-39.pom
2025-02-13 09:09:05,269 [Worker-4: Creating project "EducationBoard"] INFO  o.e.m.c.i.e.AbstractTransferListenerAdapter - Downloading https://repo.maven.apache.org/maven2/org/apache/maven/maven-parent/39/maven-parent-39.pom
2025-02-13 09:09:05,330 [Worker-4: Creating project "EducationBoard"] INFO  o.e.m.c.i.e.AbstractTransferListenerAdapter - Downloaded https://repo.maven.apache.org/maven2/org/apache/maven/maven-parent/39/maven-parent-39.pom
2025-02-13 09:09:05,401 [Worker-4: Creating project "EducationBoard"] INFO  o.e.m.c.i.e.AbstractTransferListenerAdapter - Downloading https://repo.maven.apache.org/maven2/org/apache/apache/29/apache-29.pom
2025-02-13 09:09:05,448 [Worker-4: Creating project "EducationBoard"] INFO  o.e.m.c.i.e.AbstractTransferListenerAdapter - Downloaded https://repo.maven.apache.org/maven2/org/apache/apache/29/apache-29.pom
2025-02-13 09:09:05,520 [Worker-4: Creating project "EducationBoard"] INFO  o.e.m.c.i.e.AbstractTransferListenerAdapter - Downloading https://repo.maven.apache.org/maven2/org/slf4j/slf4j-api/1.7.36/slf4j-api-1.7.36.pom
2025-02-13 09:09:05,542 [Worker-4: Creating project "EducationBoard"] INFO  o.e.m.c.i.e.AbstractTransferListenerAdapter - Downloaded https://repo.maven.apache.org/maven2/org/slf4j/slf4j-api/1.7.36/slf4j-api-1.7.36.pom
2025-02-13 09:09:05,601 [Worker-4: Creating project "EducationBoard"] INFO  o.e.m.c.i.e.AbstractTransferListenerAdapter - Downloading https://repo.maven.apache.org/maven2/org/slf4j/slf4j-parent/1.7.36/slf4j-parent-1.7.36.pom
2025-02-13 09:09:05,640 [Worker-4: Creating project "EducationBoard"] INFO  o.e.m.c.i.e.AbstractTransferListenerAdapter - Downloaded https://repo.maven.apache.org/maven2/org/slf4j/slf4j-parent/1.7.36/slf4j-parent-1.7.36.pom
2025-02-13 09:09:05,712 [Worker-4: Creating project "EducationBoard"] INFO  o.e.m.c.i.e.AbstractTransferListenerAdapter - Downloading https://repo.maven.apache.org/maven2/commons-io/commons-io/2.11.0/commons-io-2.11.0.pom
2025-02-13 09:09:05,756 [Worker-4: Creating project "EducationBoard"] INFO  o.e.m.c.i.e.AbstractTransferListenerAdapter - Downloaded https://repo.maven.apache.org/maven2/commons-io/commons-io/2.11.0/commons-io-2.11.0.pom
2025-02-13 09:09:05,824 [Worker-4: Creating project "EducationBoard"] INFO  o.e.m.c.i.e.AbstractTransferListenerAdapter - Downloading https://repo.maven.apache.org/maven2/org/apache/commons/commons-parent/52/commons-parent-52.pom
2025-02-13 09:09:05,896 [Worker-4: Creating project "EducationBoard"] INFO  o.e.m.c.i.e.AbstractTransferListenerAdapter - Downloaded https://repo.maven.apache.org/maven2/org/apache/commons/commons-parent/52/commons-parent-52.pom
2025-02-13 09:09:05,963 [Worker-4: Creating project "EducationBoard"] INFO  o.e.m.c.i.e.AbstractTransferListenerAdapter - Downloading https://repo.maven.apache.org/maven2/org/apache/apache/23/apache-23.pom
2025-02-13 09:09:06,000 [Worker-4: Creating project "EducationBoard"] INFO  o.e.m.c.i.e.AbstractTransferListenerAdapter - Downloaded https://repo.maven.apache.org/maven2/org/apache/apache/23/apache-23.pom
2025-02-13 09:09:06,074 [Worker-4: Creating project "EducationBoard"] INFO  o.e.m.c.i.e.AbstractTransferListenerAdapter - Downloading https://repo.maven.apache.org/maven2/org/junit/junit-bom/5.7.2/junit-bom-5.7.2.pom
2025-02-13 09:09:06,094 [Worker-4: Creating project "EducationBoard"] INFO  o.e.m.c.i.e.AbstractTransferListenerAdapter - Downloaded https://repo.maven.apache.org/maven2/org/junit/junit-bom/5.7.2/junit-bom-5.7.2.pom
2025-02-13 09:09:06,156 [Worker-4: Creating project "EducationBoard"] INFO  o.e.m.c.i.e.AbstractTransferListenerAdapter - Downloading https://repo.maven.apache.org/maven2/org/apache/maven/shared/maven-shared-incremental/1.1/maven-shared-incremental-1.1.pom
2025-02-13 09:09:06,177 [Worker-4: Creating project "EducationBoard"] INFO  o.e.m.c.i.e.AbstractTransferListenerAdapter - Downloaded https://repo.maven.apache.org/maven2/org/apache/maven/shared/maven-shared-incremental/1.1/maven-shared-incremental-1.1.pom
2025-02-13 09:09:06,237 [Worker-4: Creating project "EducationBoard"] INFO  o.e.m.c.i.e.AbstractTransferListenerAdapter - Downloading https://repo.maven.apache.org/maven2/org/apache/maven/shared/maven-shared-components/19/maven-shared-components-19.pom
2025-02-13 09:09:06,259 [Worker-4: Creating project "EducationBoard"] INFO  o.e.m.c.i.e.AbstractTransferListenerAdapter - Downloaded https://repo.maven.apache.org/maven2/org/apache/maven/shared/maven-shared-components/19/maven-shared-components-19.pom
2025-02-13 09:09:06,316 [Worker-4: Creating project "EducationBoard"] INFO  o.e.m.c.i.e.AbstractTransferListenerAdapter - Downloading https://repo.maven.apache.org/maven2/org/apache/maven/maven-parent/23/maven-parent-23.pom
2025-02-13 09:09:06,366 [Worker-4: Creating project "EducationBoard"] INFO  o.e.m.c.i.e.AbstractTransferListenerAdapter - Downloaded https://repo.maven.apache.org/maven2/org/apache/maven/maven-parent/23/maven-parent-23.pom
2025-02-13 09:09:06,434 [Worker-4: Creating project "EducationBoard"] INFO  o.e.m.c.i.e.AbstractTransferListenerAdapter - Downloading https://repo.maven.apache.org/maven2/org/apache/apache/13/apache-13.pom
2025-02-13 09:09:06,468 [Worker-4: Creating project "EducationBoard"] INFO  o.e.m.c.i.e.AbstractTransferListenerAdapter - Downloaded https://repo.maven.apache.org/maven2/org/apache/apache/13/apache-13.pom
2025-02-13 09:09:06,539 [Worker-4: Creating project "EducationBoard"] INFO  o.e.m.c.i.e.AbstractTransferListenerAdapter - Downloading https://repo.maven.apache.org/maven2/org/codehaus/plexus/plexus-java/1.2.0/plexus-java-1.2.0.pom
2025-02-13 09:09:06,563 [Worker-4: Creating project "EducationBoard"] INFO  o.e.m.c.i.e.AbstractTransferListenerAdapter - Downloaded https://repo.maven.apache.org/maven2/org/codehaus/plexus/plexus-java/1.2.0/plexus-java-1.2.0.pom
2025-02-13 09:09:06,621 [Worker-4: Creating project "EducationBoard"] INFO  o.e.m.c.i.e.AbstractTransferListenerAdapter - Downloading https://repo.maven.apache.org/maven2/org/codehaus/plexus/plexus-languages/1.2.0/plexus-languages-1.2.0.pom
2025-02-13 09:09:06,643 [Worker-4: Creating project "EducationBoard"] INFO  o.e.m.c.i.e.AbstractTransferListenerAdapter - Downloaded https://repo.maven.apache.org/maven2/org/codehaus/plexus/plexus-languages/1.2.0/plexus-languages-1.2.0.pom
2025-02-13 09:09:06,702 [Worker-4: Creating project "EducationBoard"] INFO  o.e.m.c.i.e.AbstractTransferListenerAdapter - Downloading https://repo.maven.apache.org/maven2/org/codehaus/plexus/plexus/15/plexus-15.pom
2025-02-13 09:09:06,753 [Worker-4: Creating project "EducationBoard"] INFO  o.e.m.c.i.e.AbstractTransferListenerAdapter - Downloaded https://repo.maven.apache.org/maven2/org/codehaus/plexus/plexus/15/plexus-15.pom
2025-02-13 09:09:06,824 [Worker-4: Creating project "EducationBoard"] INFO  o.e.m.c.i.e.AbstractTransferListenerAdapter - Downloading https://repo.maven.apache.org/maven2/org/junit/junit-bom/5.10.0/junit-bom-5.10.0.pom
2025-02-13 09:09:06,846 [Worker-4: Creating project "EducationBoard"] INFO  o.e.m.c.i.e.AbstractTransferListenerAdapter - Downloaded https://repo.maven.apache.org/maven2/org/junit/junit-bom/5.10.0/junit-bom-5.10.0.pom
2025-02-13 09:09:06,909 [Worker-4: Creating project "EducationBoard"] INFO  o.e.m.c.i.e.AbstractTransferListenerAdapter - Downloading https://repo.maven.apache.org/maven2/org/ow2/asm/asm/9.6/asm-9.6.pom
2025-02-13 09:09:06,928 [Worker-4: Creating project "EducationBoard"] INFO  o.e.m.c.i.e.AbstractTransferListenerAdapter - Downloaded https://repo.maven.apache.org/maven2/org/ow2/asm/asm/9.6/asm-9.6.pom
2025-02-13 09:09:06,986 [Worker-4: Creating project "EducationBoard"] INFO  o.e.m.c.i.e.AbstractTransferListenerAdapter - Downloading https://repo.maven.apache.org/maven2/org/ow2/ow2/1.5.1/ow2-1.5.1.pom
2025-02-13 09:09:07,019 [Worker-4: Creating project "EducationBoard"] INFO  o.e.m.c.i.e.AbstractTransferListenerAdapter - Downloaded https://repo.maven.apache.org/maven2/org/ow2/ow2/1.5.1/ow2-1.5.1.pom
2025-02-13 09:09:07,088 [Worker-4: Creating project "EducationBoard"] INFO  o.e.m.c.i.e.AbstractTransferListenerAdapter - Downloading https://repo.maven.apache.org/maven2/com/thoughtworks/qdox/qdox/2.0.3/qdox-2.0.3.pom
2025-02-13 09:09:07,128 [Worker-4: Creating project "EducationBoard"] INFO  o.e.m.c.i.e.AbstractTransferListenerAdapter - Downloaded https://repo.maven.apache.org/maven2/com/thoughtworks/qdox/qdox/2.0.3/qdox-2.0.3.pom
2025-02-13 09:09:07,199 [Worker-4: Creating project "EducationBoard"] INFO  o.e.m.c.i.e.AbstractTransferListenerAdapter - Downloading https://repo.maven.apache.org/maven2/org/sonatype/oss/oss-parent/9/oss-parent-9.pom
2025-02-13 09:09:07,219 [Worker-4: Creating project "EducationBoard"] INFO  o.e.m.c.i.e.AbstractTransferListenerAdapter - Downloaded https://repo.maven.apache.org/maven2/org/sonatype/oss/oss-parent/9/oss-parent-9.pom
2025-02-13 09:09:07,281 [Worker-4: Creating project "EducationBoard"] INFO  o.e.m.c.i.e.AbstractTransferListenerAdapter - Downloading https://repo.maven.apache.org/maven2/org/codehaus/plexus/plexus-compiler-api/2.15.0/plexus-compiler-api-2.15.0.pom
2025-02-13 09:09:07,301 [Worker-4: Creating project "EducationBoard"] INFO  o.e.m.c.i.e.AbstractTransferListenerAdapter - Downloaded https://repo.maven.apache.org/maven2/org/codehaus/plexus/plexus-compiler-api/2.15.0/plexus-compiler-api-2.15.0.pom
2025-02-13 09:09:07,359 [Worker-4: Creating project "EducationBoard"] INFO  o.e.m.c.i.e.AbstractTransferListenerAdapter - Downloading https://repo.maven.apache.org/maven2/org/codehaus/plexus/plexus-compiler/2.15.0/plexus-compiler-2.15.0.pom
2025-02-13 09:09:07,380 [Worker-4: Creating project "EducationBoard"] INFO  o.e.m.c.i.e.AbstractTransferListenerAdapter - Downloaded https://repo.maven.apache.org/maven2/org/codehaus/plexus/plexus-compiler/2.15.0/plexus-compiler-2.15.0.pom
2025-02-13 09:09:07,438 [Worker-4: Creating project "EducationBoard"] INFO  o.e.m.c.i.e.AbstractTransferListenerAdapter - Downloading https://repo.maven.apache.org/maven2/org/codehaus/plexus/plexus/17/plexus-17.pom
2025-02-13 09:09:07,493 [Worker-4: Creating project "EducationBoard"] INFO  o.e.m.c.i.e.AbstractTransferListenerAdapter - Downloaded https://repo.maven.apache.org/maven2/org/codehaus/plexus/plexus/17/plexus-17.pom
2025-02-13 09:09:07,565 [Worker-4: Creating project "EducationBoard"] INFO  o.e.m.c.i.e.AbstractTransferListenerAdapter - Downloading https://repo.maven.apache.org/maven2/org/junit/junit-bom/5.10.2/junit-bom-5.10.2.pom
2025-02-13 09:09:07,587 [Worker-4: Creating project "EducationBoard"] INFO  o.e.m.c.i.e.AbstractTransferListenerAdapter - Downloaded https://repo.maven.apache.org/maven2/org/junit/junit-bom/5.10.2/junit-bom-5.10.2.pom
2025-02-13 09:09:07,648 [Worker-4: Creating project "EducationBoard"] INFO  o.e.m.c.i.e.AbstractTransferListenerAdapter - Downloading https://repo.maven.apache.org/maven2/org/codehaus/plexus/plexus-utils/4.0.0/plexus-utils-4.0.0.pom
2025-02-13 09:09:07,683 [Worker-4: Creating project "EducationBoard"] INFO  o.e.m.c.i.e.AbstractTransferListenerAdapter - Downloaded https://repo.maven.apache.org/maven2/org/codehaus/plexus/plexus-utils/4.0.0/plexus-utils-4.0.0.pom
2025-02-13 09:09:07,752 [Worker-4: Creating project "EducationBoard"] INFO  o.e.m.c.i.e.AbstractTransferListenerAdapter - Downloading https://repo.maven.apache.org/maven2/org/codehaus/plexus/plexus/13/plexus-13.pom
2025-02-13 09:09:07,791 [Worker-4: Creating project "EducationBoard"] INFO  o.e.m.c.i.e.AbstractTransferListenerAdapter - Downloaded https://repo.maven.apache.org/maven2/org/codehaus/plexus/plexus/13/plexus-13.pom
2025-02-13 09:09:07,858 [Worker-4: Creating project "EducationBoard"] INFO  o.e.m.c.i.e.AbstractTransferListenerAdapter - Downloading https://repo.maven.apache.org/maven2/org/junit/junit-bom/5.9.3/junit-bom-5.9.3.pom
2025-02-13 09:09:07,878 [Worker-4: Creating project "EducationBoard"] INFO  o.e.m.c.i.e.AbstractTransferListenerAdapter - Downloaded https://repo.maven.apache.org/maven2/org/junit/junit-bom/5.9.3/junit-bom-5.9.3.pom
2025-02-13 09:09:07,936 [Worker-4: Creating project "EducationBoard"] INFO  o.e.m.c.i.e.AbstractTransferListenerAdapter - Downloading https://repo.maven.apache.org/maven2/org/codehaus/plexus/plexus-compiler-manager/2.15.0/plexus-compiler-manager-2.15.0.pom
2025-02-13 09:09:07,960 [Worker-4: Creating project "EducationBoard"] INFO  o.e.m.c.i.e.AbstractTransferListenerAdapter - Downloaded https://repo.maven.apache.org/maven2/org/codehaus/plexus/plexus-compiler-manager/2.15.0/plexus-compiler-manager-2.15.0.pom
2025-02-13 09:09:08,023 [Worker-4: Creating project "EducationBoard"] INFO  o.e.m.c.i.e.AbstractTransferListenerAdapter - Downloading https://repo.maven.apache.org/maven2/javax/inject/javax.inject/1/javax.inject-1.pom
2025-02-13 09:09:08,042 [Worker-4: Creating project "EducationBoard"] INFO  o.e.m.c.i.e.AbstractTransferListenerAdapter - Downloaded https://repo.maven.apache.org/maven2/javax/inject/javax.inject/1/javax.inject-1.pom
2025-02-13 09:09:08,115 [Worker-4: Creating project "EducationBoard"] INFO  o.e.m.c.i.e.AbstractTransferListenerAdapter - Downloading https://repo.maven.apache.org/maven2/org/codehaus/plexus/plexus-xml/3.0.0/plexus-xml-3.0.0.pom
2025-02-13 09:09:08,139 [Worker-4: Creating project "EducationBoard"] INFO  o.e.m.c.i.e.AbstractTransferListenerAdapter - Downloaded https://repo.maven.apache.org/maven2/org/codehaus/plexus/plexus-xml/3.0.0/plexus-xml-3.0.0.pom
2025-02-13 09:09:08,199 [Worker-4: Creating project "EducationBoard"] INFO  o.e.m.c.i.e.AbstractTransferListenerAdapter - Downloading https://repo.maven.apache.org/maven2/org/codehaus/plexus/plexus-compiler-javac/2.15.0/plexus-compiler-javac-2.15.0.pom
2025-02-13 09:09:08,232 [Worker-4: Creating project "EducationBoard"] INFO  o.e.m.c.i.e.AbstractTransferListenerAdapter - Downloaded https://repo.maven.apache.org/maven2/org/codehaus/plexus/plexus-compiler-javac/2.15.0/plexus-compiler-javac-2.15.0.pom
2025-02-13 09:09:08,296 [Worker-4: Creating project "EducationBoard"] INFO  o.e.m.c.i.e.AbstractTransferListenerAdapter - Downloading https://repo.maven.apache.org/maven2/org/codehaus/plexus/plexus-compilers/2.15.0/plexus-compilers-2.15.0.pom
2025-02-13 09:09:08,329 [Worker-4: Creating project "EducationBoard"] INFO  o.e.m.c.i.e.AbstractTransferListenerAdapter - Downloaded https://repo.maven.apache.org/maven2/org/codehaus/plexus/plexus-compilers/2.15.0/plexus-compilers-2.15.0.pom
2025-02-13 09:09:08,403 [Worker-4: Creating project "EducationBoard"] INFO  o.e.m.c.i.e.AbstractTransferListenerAdapter - Downloading https://repo.maven.apache.org/maven2/org/apache/maven/shared/maven-shared-utils/3.4.2/maven-shared-utils-3.4.2.jar
2025-02-13 09:09:08,516 [Worker-4: Creating project "EducationBoard"] INFO  o.e.m.c.i.e.AbstractTransferListenerAdapter - Downloaded https://repo.maven.apache.org/maven2/org/apache/maven/shared/maven-shared-utils/3.4.2/maven-shared-utils-3.4.2.jar
2025-02-13 09:09:08,571 [BasicRepositoryConnector-repo.maven.apache.org-0-2] INFO  o.e.m.c.i.e.AbstractTransferListenerAdapter - Downloading https://repo.maven.apache.org/maven2/org/apache/maven/shared/maven-shared-incremental/1.1/maven-shared-incremental-1.1.jar
2025-02-13 09:09:08,679 [BasicRepositoryConnector-repo.maven.apache.org-0-4] INFO  o.e.m.c.i.e.AbstractTransferListenerAdapter - Downloading https://repo.maven.apache.org/maven2/org/ow2/asm/asm/9.6/asm-9.6.jar
2025-02-13 09:09:08,681 [BasicRepositoryConnector-repo.maven.apache.org-0-1] INFO  o.e.m.c.i.e.AbstractTransferListenerAdapter - Downloading https://repo.maven.apache.org/maven2/commons-io/commons-io/2.11.0/commons-io-2.11.0.jar
2025-02-13 09:09:08,696 [BasicRepositoryConnector-repo.maven.apache.org-0-0] INFO  o.e.m.c.i.e.AbstractTransferListenerAdapter - Downloading https://repo.maven.apache.org/maven2/org/slf4j/slf4j-api/1.7.36/slf4j-api-1.7.36.jar
2025-02-13 09:09:08,706 [BasicRepositoryConnector-repo.maven.apache.org-0-3] INFO  o.e.m.c.i.e.AbstractTransferListenerAdapter - Downloading https://repo.maven.apache.org/maven2/org/codehaus/plexus/plexus-java/1.2.0/plexus-java-1.2.0.jar
2025-02-13 09:09:08,806 [BasicRepositoryConnector-repo.maven.apache.org-0-2] INFO  o.e.m.c.i.e.AbstractTransferListenerAdapter - Downloaded https://repo.maven.apache.org/maven2/org/apache/maven/shared/maven-shared-incremental/1.1/maven-shared-incremental-1.1.jar
2025-02-13 09:09:08,851 [BasicRepositoryConnector-repo.maven.apache.org-0-3] INFO  o.e.m.c.i.e.AbstractTransferListenerAdapter - Downloaded https://repo.maven.apache.org/maven2/org/codehaus/plexus/plexus-java/1.2.0/plexus-java-1.2.0.jar
2025-02-13 09:09:08,876 [BasicRepositoryConnector-repo.maven.apache.org-0-2] INFO  o.e.m.c.i.e.AbstractTransferListenerAdapter - Downloading https://repo.maven.apache.org/maven2/com/thoughtworks/qdox/qdox/2.0.3/qdox-2.0.3.jar
2025-02-13 09:09:08,886 [BasicRepositoryConnector-repo.maven.apache.org-0-4] INFO  o.e.m.c.i.e.AbstractTransferListenerAdapter - Downloaded https://repo.maven.apache.org/maven2/org/ow2/asm/asm/9.6/asm-9.6.jar
2025-02-13 09:09:08,920 [BasicRepositoryConnector-repo.maven.apache.org-0-3] INFO  o.e.m.c.i.e.AbstractTransferListenerAdapter - Downloading https://repo.maven.apache.org/maven2/org/codehaus/plexus/plexus-compiler-api/2.15.0/plexus-compiler-api-2.15.0.jar
2025-02-13 09:09:08,980 [BasicRepositoryConnector-repo.maven.apache.org-0-4] INFO  o.e.m.c.i.e.AbstractTransferListenerAdapter - Downloading https://repo.maven.apache.org/maven2/org/codehaus/plexus/plexus-compiler-manager/2.15.0/plexus-compiler-manager-2.15.0.jar
2025-02-13 09:09:09,049 [BasicRepositoryConnector-repo.maven.apache.org-0-4] INFO  o.e.m.c.i.e.AbstractTransferListenerAdapter - Downloaded https://repo.maven.apache.org/maven2/org/codehaus/plexus/plexus-compiler-manager/2.15.0/plexus-compiler-manager-2.15.0.jar
2025-02-13 09:09:09,102 [BasicRepositoryConnector-repo.maven.apache.org-0-4] INFO  o.e.m.c.i.e.AbstractTransferListenerAdapter - Downloading https://repo.maven.apache.org/maven2/javax/inject/javax.inject/1/javax.inject-1.jar
2025-02-13 09:09:09,102 [BasicRepositoryConnector-repo.maven.apache.org-0-1] INFO  o.e.m.c.i.e.AbstractTransferListenerAdapter - Downloaded https://repo.maven.apache.org/maven2/commons-io/commons-io/2.11.0/commons-io-2.11.0.jar
2025-02-13 09:09:09,117 [BasicRepositoryConnector-repo.maven.apache.org-0-4] INFO  o.e.m.c.i.e.AbstractTransferListenerAdapter - Downloaded https://repo.maven.apache.org/maven2/javax/inject/javax.inject/1/javax.inject-1.jar
2025-02-13 09:09:09,149 [BasicRepositoryConnector-repo.maven.apache.org-0-1] INFO  o.e.m.c.i.e.AbstractTransferListenerAdapter - Downloading https://repo.maven.apache.org/maven2/org/codehaus/plexus/plexus-xml/3.0.0/plexus-xml-3.0.0.jar
2025-02-13 09:09:09,186 [BasicRepositoryConnector-repo.maven.apache.org-0-4] INFO  o.e.m.c.i.e.AbstractTransferListenerAdapter - Downloading https://repo.maven.apache.org/maven2/org/codehaus/plexus/plexus-compiler-javac/2.15.0/plexus-compiler-javac-2.15.0.jar
2025-02-13 09:09:09,297 [BasicRepositoryConnector-repo.maven.apache.org-0-2] INFO  o.e.m.c.i.e.AbstractTransferListenerAdapter - Downloaded https://repo.maven.apache.org/maven2/com/thoughtworks/qdox/qdox/2.0.3/qdox-2.0.3.jar
2025-02-13 09:09:09,300 [BasicRepositoryConnector-repo.maven.apache.org-0-1] INFO  o.e.m.c.i.e.AbstractTransferListenerAdapter - Downloaded https://repo.maven.apache.org/maven2/org/codehaus/plexus/plexus-xml/3.0.0/plexus-xml-3.0.0.jar
2025-02-13 09:09:09,347 [BasicRepositoryConnector-repo.maven.apache.org-0-2] INFO  o.e.m.c.i.e.AbstractTransferListenerAdapter - Downloading https://repo.maven.apache.org/maven2/org/codehaus/plexus/plexus-utils/4.0.0/plexus-utils-4.0.0.jar
2025-02-13 09:09:09,437 [BasicRepositoryConnector-repo.maven.apache.org-0-0] INFO  o.e.m.c.i.e.AbstractTransferListenerAdapter - Downloaded https://repo.maven.apache.org/maven2/org/slf4j/slf4j-api/1.7.36/slf4j-api-1.7.36.jar
2025-02-13 09:09:09,439 [BasicRepositoryConnector-repo.maven.apache.org-0-3] INFO  o.e.m.c.i.e.AbstractTransferListenerAdapter - Downloaded https://repo.maven.apache.org/maven2/org/codehaus/plexus/plexus-compiler-api/2.15.0/plexus-compiler-api-2.15.0.jar
2025-02-13 09:09:09,491 [BasicRepositoryConnector-repo.maven.apache.org-0-2] INFO  o.e.m.c.i.e.AbstractTransferListenerAdapter - Downloaded https://repo.maven.apache.org/maven2/org/codehaus/plexus/plexus-utils/4.0.0/plexus-utils-4.0.0.jar
2025-02-13 09:09:09,501 [BasicRepositoryConnector-repo.maven.apache.org-0-4] INFO  o.e.m.c.i.e.AbstractTransferListenerAdapter - Downloaded https://repo.maven.apache.org/maven2/org/codehaus/plexus/plexus-compiler-javac/2.15.0/plexus-compiler-javac-2.15.0.jar
2025-02-13 09:09:10,435 [Worker-4: Creating project "EducationBoard"] INFO  o.e.m.c.i.l.LifecycleMappingFactory - Using org.eclipse.m2e.jdt.JarLifecycleMapping lifecycle mapping for MavenProject: edu.fa:EducationBoard:0.0.1-SNAPSHOT @ E:\PJ\Eclipse\EducationBoard\pom.xml.
2025-02-13 09:09:10,489 [Worker-4: Creating project "EducationBoard"] INFO  o.e.m.c.i.e.AbstractTransferListenerAdapter - Downloading https://repo.maven.apache.org/maven2/org/apache/maven/plugins/maven-resources-plugin/3.3.1/maven-resources-plugin-3.3.1.pom
2025-02-13 09:09:10,510 [Worker-4: Creating project "EducationBoard"] INFO  o.e.m.c.i.e.AbstractTransferListenerAdapter - Downloaded https://repo.maven.apache.org/maven2/org/apache/maven/plugins/maven-resources-plugin/3.3.1/maven-resources-plugin-3.3.1.pom
2025-02-13 09:09:10,563 [Worker-4: Creating project "EducationBoard"] INFO  o.e.m.c.i.e.AbstractTransferListenerAdapter - Downloading https://repo.maven.apache.org/maven2/org/apache/maven/plugins/maven-plugins/39/maven-plugins-39.pom
2025-02-13 09:09:10,583 [Worker-4: Creating project "EducationBoard"] INFO  o.e.m.c.i.e.AbstractTransferListenerAdapter - Downloaded https://repo.maven.apache.org/maven2/org/apache/maven/plugins/maven-plugins/39/maven-plugins-39.pom
2025-02-13 09:09:10,652 [Worker-4: Creating project "EducationBoard"] INFO  o.e.m.c.i.e.AbstractTransferListenerAdapter - Downloading https://repo.maven.apache.org/maven2/org/apache/maven/plugins/maven-surefire-plugin/3.2.5/maven-surefire-plugin-3.2.5.pom
2025-02-13 09:09:10,670 [Worker-4: Creating project "EducationBoard"] INFO  o.e.m.c.i.e.AbstractTransferListenerAdapter - Downloaded https://repo.maven.apache.org/maven2/org/apache/maven/plugins/maven-surefire-plugin/3.2.5/maven-surefire-plugin-3.2.5.pom
2025-02-13 09:09:10,732 [Worker-4: Creating project "EducationBoard"] INFO  o.e.m.c.i.e.AbstractTransferListenerAdapter - Downloading https://repo.maven.apache.org/maven2/org/apache/maven/surefire/surefire/3.2.5/surefire-3.2.5.pom
2025-02-13 09:09:10,769 [Worker-4: Creating project "EducationBoard"] INFO  o.e.m.c.i.e.AbstractTransferListenerAdapter - Downloaded https://repo.maven.apache.org/maven2/org/apache/maven/surefire/surefire/3.2.5/surefire-3.2.5.pom
2025-02-13 09:09:10,846 [Worker-4: Creating project "EducationBoard"] INFO  o.e.m.c.i.e.AbstractTransferListenerAdapter - Downloading https://repo.maven.apache.org/maven2/org/apache/maven/plugins/maven-jar-plugin/3.4.1/maven-jar-plugin-3.4.1.pom
2025-02-13 09:09:10,867 [Worker-4: Creating project "EducationBoard"] INFO  o.e.m.c.i.e.AbstractTransferListenerAdapter - Downloaded https://repo.maven.apache.org/maven2/org/apache/maven/plugins/maven-jar-plugin/3.4.1/maven-jar-plugin-3.4.1.pom
2025-02-13 09:09:10,925 [Worker-4: Creating project "EducationBoard"] INFO  o.e.m.c.i.e.AbstractTransferListenerAdapter - Downloading https://repo.maven.apache.org/maven2/org/apache/maven/plugins/maven-plugins/42/maven-plugins-42.pom
2025-02-13 09:09:10,949 [Worker-4: Creating project "EducationBoard"] INFO  o.e.m.c.i.e.AbstractTransferListenerAdapter - Downloaded https://repo.maven.apache.org/maven2/org/apache/maven/plugins/maven-plugins/42/maven-plugins-42.pom
2025-02-13 09:09:11,001 [Worker-4: Creating project "EducationBoard"] INFO  o.e.m.c.i.e.AbstractTransferListenerAdapter - Downloading https://repo.maven.apache.org/maven2/org/apache/maven/maven-parent/42/maven-parent-42.pom
2025-02-13 09:09:11,055 [Worker-4: Creating project "EducationBoard"] INFO  o.e.m.c.i.e.AbstractTransferListenerAdapter - Downloaded https://repo.maven.apache.org/maven2/org/apache/maven/maven-parent/42/maven-parent-42.pom
2025-02-13 09:09:11,117 [Worker-4: Creating project "EducationBoard"] INFO  o.e.m.c.i.e.AbstractTransferListenerAdapter - Downloading https://repo.maven.apache.org/maven2/org/apache/apache/32/apache-32.pom
2025-02-13 09:09:11,152 [Worker-4: Creating project "EducationBoard"] INFO  o.e.m.c.i.e.AbstractTransferListenerAdapter - Downloaded https://repo.maven.apache.org/maven2/org/apache/apache/32/apache-32.pom
2025-02-13 09:09:11,228 [Worker-4: Creating project "EducationBoard"] INFO  o.e.m.c.i.e.AbstractTransferListenerAdapter - Downloading https://repo.maven.apache.org/maven2/org/apache/maven/shared/file-management/3.1.0/file-management-3.1.0.pom
2025-02-13 09:09:11,247 [Worker-4: Creating project "EducationBoard"] INFO  o.e.m.c.i.e.AbstractTransferListenerAdapter - Downloaded https://repo.maven.apache.org/maven2/org/apache/maven/shared/file-management/3.1.0/file-management-3.1.0.pom
2025-02-13 09:09:11,300 [Worker-4: Creating project "EducationBoard"] INFO  o.e.m.c.i.e.AbstractTransferListenerAdapter - Downloading https://repo.maven.apache.org/maven2/org/apache/maven/shared/maven-shared-components/36/maven-shared-components-36.pom
2025-02-13 09:09:11,321 [Worker-4: Creating project "EducationBoard"] INFO  o.e.m.c.i.e.AbstractTransferListenerAdapter - Downloaded https://repo.maven.apache.org/maven2/org/apache/maven/shared/maven-shared-components/36/maven-shared-components-36.pom
2025-02-13 09:09:11,372 [Worker-4: Creating project "EducationBoard"] INFO  o.e.m.c.i.e.AbstractTransferListenerAdapter - Downloading https://repo.maven.apache.org/maven2/org/apache/maven/maven-parent/36/maven-parent-36.pom
2025-02-13 09:09:11,423 [Worker-4: Creating project "EducationBoard"] INFO  o.e.m.c.i.e.AbstractTransferListenerAdapter - Downloaded https://repo.maven.apache.org/maven2/org/apache/maven/maven-parent/36/maven-parent-36.pom
2025-02-13 09:09:11,487 [Worker-4: Creating project "EducationBoard"] INFO  o.e.m.c.i.e.AbstractTransferListenerAdapter - Downloading https://repo.maven.apache.org/maven2/org/apache/apache/26/apache-26.pom
2025-02-13 09:09:11,520 [Worker-4: Creating project "EducationBoard"] INFO  o.e.m.c.i.e.AbstractTransferListenerAdapter - Downloaded https://repo.maven.apache.org/maven2/org/apache/apache/26/apache-26.pom
2025-02-13 09:09:11,580 [Worker-4: Creating project "EducationBoard"] INFO  o.e.m.c.i.e.AbstractTransferListenerAdapter - Downloading https://repo.maven.apache.org/maven2/org/codehaus/plexus/plexus-utils/4.0.1/plexus-utils-4.0.1.pom
2025-02-13 09:09:11,599 [Worker-4: Creating project "EducationBoard"] INFO  o.e.m.c.i.e.AbstractTransferListenerAdapter - Downloaded https://repo.maven.apache.org/maven2/org/codehaus/plexus/plexus-utils/4.0.1/plexus-utils-4.0.1.pom
2025-02-13 09:09:11,654 [Worker-4: Creating project "EducationBoard"] INFO  o.e.m.c.i.e.AbstractTransferListenerAdapter - Downloading https://repo.maven.apache.org/maven2/commons-io/commons-io/2.16.1/commons-io-2.16.1.pom
2025-02-13 09:09:11,689 [Worker-4: Creating project "EducationBoard"] INFO  o.e.m.c.i.e.AbstractTransferListenerAdapter - Downloaded https://repo.maven.apache.org/maven2/commons-io/commons-io/2.16.1/commons-io-2.16.1.pom
2025-02-13 09:09:11,750 [Worker-4: Creating project "EducationBoard"] INFO  o.e.m.c.i.e.AbstractTransferListenerAdapter - Downloading https://repo.maven.apache.org/maven2/org/apache/commons/commons-parent/69/commons-parent-69.pom
2025-02-13 09:09:11,819 [Worker-4: Creating project "EducationBoard"] INFO  o.e.m.c.i.e.AbstractTransferListenerAdapter - Downloaded https://repo.maven.apache.org/maven2/org/apache/commons/commons-parent/69/commons-parent-69.pom
2025-02-13 09:09:11,880 [Worker-4: Creating project "EducationBoard"] INFO  o.e.m.c.i.e.AbstractTransferListenerAdapter - Downloading https://repo.maven.apache.org/maven2/org/apache/maven/maven-archiver/3.6.2/maven-archiver-3.6.2.pom
2025-02-13 09:09:11,899 [Worker-4: Creating project "EducationBoard"] INFO  o.e.m.c.i.e.AbstractTransferListenerAdapter - Downloaded https://repo.maven.apache.org/maven2/org/apache/maven/maven-archiver/3.6.2/maven-archiver-3.6.2.pom
2025-02-13 09:09:11,950 [Worker-4: Creating project "EducationBoard"] INFO  o.e.m.c.i.e.AbstractTransferListenerAdapter - Downloading https://repo.maven.apache.org/maven2/org/apache/maven/shared/maven-shared-components/41/maven-shared-components-41.pom
2025-02-13 09:09:11,972 [Worker-4: Creating project "EducationBoard"] INFO  o.e.m.c.i.e.AbstractTransferListenerAdapter - Downloaded https://repo.maven.apache.org/maven2/org/apache/maven/shared/maven-shared-components/41/maven-shared-components-41.pom
2025-02-13 09:09:12,025 [Worker-4: Creating project "EducationBoard"] INFO  o.e.m.c.i.e.AbstractTransferListenerAdapter - Downloading https://repo.maven.apache.org/maven2/org/codehaus/plexus/plexus-archiver/4.9.2/plexus-archiver-4.9.2.pom
2025-02-13 09:09:12,049 [Worker-4: Creating project "EducationBoard"] INFO  o.e.m.c.i.e.AbstractTransferListenerAdapter - Downloaded https://repo.maven.apache.org/maven2/org/codehaus/plexus/plexus-archiver/4.9.2/plexus-archiver-4.9.2.pom
2025-02-13 09:09:12,103 [Worker-4: Creating project "EducationBoard"] INFO  o.e.m.c.i.e.AbstractTransferListenerAdapter - Downloading https://repo.maven.apache.org/maven2/org/codehaus/plexus/plexus-io/3.4.2/plexus-io-3.4.2.pom
2025-02-13 09:09:12,123 [Worker-4: Creating project "EducationBoard"] INFO  o.e.m.c.i.e.AbstractTransferListenerAdapter - Downloaded https://repo.maven.apache.org/maven2/org/codehaus/plexus/plexus-io/3.4.2/plexus-io-3.4.2.pom
2025-02-13 09:09:12,169 [Worker-4: Creating project "EducationBoard"] INFO  o.e.m.c.i.e.AbstractTransferListenerAdapter - Downloading https://repo.maven.apache.org/maven2/org/codehaus/plexus/plexus/16/plexus-16.pom
2025-02-13 09:09:12,214 [Worker-4: Creating project "EducationBoard"] INFO  o.e.m.c.i.e.AbstractTransferListenerAdapter - Downloaded https://repo.maven.apache.org/maven2/org/codehaus/plexus/plexus/16/plexus-16.pom
2025-02-13 09:09:12,277 [Worker-4: Creating project "EducationBoard"] INFO  o.e.m.c.i.e.AbstractTransferListenerAdapter - Downloading https://repo.maven.apache.org/maven2/org/junit/junit-bom/5.10.1/junit-bom-5.10.1.pom
2025-02-13 09:09:12,293 [Worker-4: Creating project "EducationBoard"] INFO  o.e.m.c.i.e.AbstractTransferListenerAdapter - Downloaded https://repo.maven.apache.org/maven2/org/junit/junit-bom/5.10.1/junit-bom-5.10.1.pom
2025-02-13 09:09:12,351 [Worker-4: Creating project "EducationBoard"] INFO  o.e.m.c.i.e.AbstractTransferListenerAdapter - Downloading https://repo.maven.apache.org/maven2/org/apache/commons/commons-compress/1.26.1/commons-compress-1.26.1.pom
2025-02-13 09:09:12,392 [Worker-4: Creating project "EducationBoard"] INFO  o.e.m.c.i.e.AbstractTransferListenerAdapter - Downloaded https://repo.maven.apache.org/maven2/org/apache/commons/commons-compress/1.26.1/commons-compress-1.26.1.pom
2025-02-13 09:09:12,451 [Worker-4: Creating project "EducationBoard"] INFO  o.e.m.c.i.e.AbstractTransferListenerAdapter - Downloading https://repo.maven.apache.org/maven2/org/apache/commons/commons-parent/66/commons-parent-66.pom
2025-02-13 09:09:12,520 [Worker-4: Creating project "EducationBoard"] INFO  o.e.m.c.i.e.AbstractTransferListenerAdapter - Downloaded https://repo.maven.apache.org/maven2/org/apache/commons/commons-parent/66/commons-parent-66.pom
2025-02-13 09:09:12,583 [Worker-4: Creating project "EducationBoard"] INFO  o.e.m.c.i.e.AbstractTransferListenerAdapter - Downloading https://repo.maven.apache.org/maven2/commons-codec/commons-codec/1.16.1/commons-codec-1.16.1.pom
2025-02-13 09:09:12,617 [Worker-4: Creating project "EducationBoard"] INFO  o.e.m.c.i.e.AbstractTransferListenerAdapter - Downloaded https://repo.maven.apache.org/maven2/commons-codec/commons-codec/1.16.1/commons-codec-1.16.1.pom
2025-02-13 09:09:12,678 [Worker-4: Creating project "EducationBoard"] INFO  o.e.m.c.i.e.AbstractTransferListenerAdapter - Downloading https://repo.maven.apache.org/maven2/org/apache/commons/commons-lang3/3.14.0/commons-lang3-3.14.0.pom
2025-02-13 09:09:12,722 [Worker-4: Creating project "EducationBoard"] INFO  o.e.m.c.i.e.AbstractTransferListenerAdapter - Downloaded https://repo.maven.apache.org/maven2/org/apache/commons/commons-lang3/3.14.0/commons-lang3-3.14.0.pom
2025-02-13 09:09:12,789 [Worker-4: Creating project "EducationBoard"] INFO  o.e.m.c.i.e.AbstractTransferListenerAdapter - Downloading https://repo.maven.apache.org/maven2/org/apache/commons/commons-parent/64/commons-parent-64.pom
2025-02-13 09:09:12,850 [Worker-4: Creating project "EducationBoard"] INFO  o.e.m.c.i.e.AbstractTransferListenerAdapter - Downloaded https://repo.maven.apache.org/maven2/org/apache/commons/commons-parent/64/commons-parent-64.pom
2025-02-13 09:09:12,912 [Worker-4: Creating project "EducationBoard"] INFO  o.e.m.c.i.e.AbstractTransferListenerAdapter - Downloading https://repo.maven.apache.org/maven2/org/apache/apache/30/apache-30.pom
2025-02-13 09:09:12,949 [Worker-4: Creating project "EducationBoard"] INFO  o.e.m.c.i.e.AbstractTransferListenerAdapter - Downloaded https://repo.maven.apache.org/maven2/org/apache/apache/30/apache-30.pom
2025-02-13 09:09:13,013 [Worker-4: Creating project "EducationBoard"] INFO  o.e.m.c.i.e.AbstractTransferListenerAdapter - Downloading https://repo.maven.apache.org/maven2/org/iq80/snappy/snappy/0.4/snappy-0.4.pom
2025-02-13 09:09:13,046 [Worker-4: Creating project "EducationBoard"] INFO  o.e.m.c.i.e.AbstractTransferListenerAdapter - Downloaded https://repo.maven.apache.org/maven2/org/iq80/snappy/snappy/0.4/snappy-0.4.pom
2025-02-13 09:09:13,109 [Worker-4: Creating project "EducationBoard"] INFO  o.e.m.c.i.e.AbstractTransferListenerAdapter - Downloading https://repo.maven.apache.org/maven2/org/tukaani/xz/1.9/xz-1.9.pom
2025-02-13 09:09:13,130 [Worker-4: Creating project "EducationBoard"] INFO  o.e.m.c.i.e.AbstractTransferListenerAdapter - Downloaded https://repo.maven.apache.org/maven2/org/tukaani/xz/1.9/xz-1.9.pom
2025-02-13 09:09:13,183 [Worker-4: Creating project "EducationBoard"] INFO  o.e.m.c.i.e.AbstractTransferListenerAdapter - Downloading https://repo.maven.apache.org/maven2/com/github/luben/zstd-jni/1.5.5-11/zstd-jni-1.5.5-11.pom
2025-02-13 09:09:13,201 [Worker-4: Creating project "EducationBoard"] INFO  o.e.m.c.i.e.AbstractTransferListenerAdapter - Downloaded https://repo.maven.apache.org/maven2/com/github/luben/zstd-jni/1.5.5-11/zstd-jni-1.5.5-11.pom
2025-02-13 09:09:13,254 [Worker-4: Creating project "EducationBoard"] INFO  o.e.m.c.i.e.AbstractTransferListenerAdapter - Downloading https://repo.maven.apache.org/maven2/org/codehaus/plexus/plexus-interpolation/1.27/plexus-interpolation-1.27.pom
2025-02-13 09:09:13,272 [Worker-4: Creating project "EducationBoard"] INFO  o.e.m.c.i.e.AbstractTransferListenerAdapter - Downloaded https://repo.maven.apache.org/maven2/org/codehaus/plexus/plexus-interpolation/1.27/plexus-interpolation-1.27.pom
2025-02-13 09:09:13,344 [Worker-4: Creating project "EducationBoard"] INFO  o.e.m.c.i.e.AbstractTransferListenerAdapter - Downloading https://repo.maven.apache.org/maven2/org/apache/maven/shared/file-management/3.1.0/file-management-3.1.0.jar
2025-02-13 09:09:13,899 [Worker-4: Creating project "EducationBoard"] INFO  o.e.m.c.i.e.AbstractTransferListenerAdapter - Downloaded https://repo.maven.apache.org/maven2/org/apache/maven/shared/file-management/3.1.0/file-management-3.1.0.jar
2025-02-13 09:09:13,949 [BasicRepositoryConnector-repo.maven.apache.org-1-0] INFO  o.e.m.c.i.e.AbstractTransferListenerAdapter - Downloading https://repo.maven.apache.org/maven2/commons-io/commons-io/2.16.1/commons-io-2.16.1.jar
2025-02-13 09:09:13,965 [BasicRepositoryConnector-repo.maven.apache.org-1-4] INFO  o.e.m.c.i.e.AbstractTransferListenerAdapter - Downloading https://repo.maven.apache.org/maven2/org/codehaus/plexus/plexus-archiver/4.9.2/plexus-archiver-4.9.2.jar
2025-02-13 09:09:13,978 [BasicRepositoryConnector-repo.maven.apache.org-1-2] INFO  o.e.m.c.i.e.AbstractTransferListenerAdapter - Downloading https://repo.maven.apache.org/maven2/org/codehaus/plexus/plexus-interpolation/1.27/plexus-interpolation-1.27.jar
2025-02-13 09:09:13,980 [BasicRepositoryConnector-repo.maven.apache.org-1-1] INFO  o.e.m.c.i.e.AbstractTransferListenerAdapter - Downloading https://repo.maven.apache.org/maven2/org/apache/maven/maven-archiver/3.6.2/maven-archiver-3.6.2.jar
2025-02-13 09:09:13,987 [BasicRepositoryConnector-repo.maven.apache.org-1-3] INFO  o.e.m.c.i.e.AbstractTransferListenerAdapter - Downloading https://repo.maven.apache.org/maven2/org/codehaus/plexus/plexus-utils/4.0.1/plexus-utils-4.0.1.jar
2025-02-13 09:09:14,274 [BasicRepositoryConnector-repo.maven.apache.org-1-3] INFO  o.e.m.c.i.e.AbstractTransferListenerAdapter - Downloaded https://repo.maven.apache.org/maven2/org/codehaus/plexus/plexus-utils/4.0.1/plexus-utils-4.0.1.jar
2025-02-13 09:09:14,293 [BasicRepositoryConnector-repo.maven.apache.org-1-2] INFO  o.e.m.c.i.e.AbstractTransferListenerAdapter - Downloaded https://repo.maven.apache.org/maven2/org/codehaus/plexus/plexus-interpolation/1.27/plexus-interpolation-1.27.jar
2025-02-13 09:09:14,369 [BasicRepositoryConnector-repo.maven.apache.org-1-3] INFO  o.e.m.c.i.e.AbstractTransferListenerAdapter - Downloading https://repo.maven.apache.org/maven2/org/codehaus/plexus/plexus-io/3.4.2/plexus-io-3.4.2.jar
2025-02-13 09:09:14,392 [BasicRepositoryConnector-repo.maven.apache.org-1-2] INFO  o.e.m.c.i.e.AbstractTransferListenerAdapter - Downloading https://repo.maven.apache.org/maven2/org/apache/commons/commons-compress/1.26.1/commons-compress-1.26.1.jar
2025-02-13 09:09:14,411 [BasicRepositoryConnector-repo.maven.apache.org-1-1] INFO  o.e.m.c.i.e.AbstractTransferListenerAdapter - Downloaded https://repo.maven.apache.org/maven2/org/apache/maven/maven-archiver/3.6.2/maven-archiver-3.6.2.jar
2025-02-13 09:09:14,584 [BasicRepositoryConnector-repo.maven.apache.org-1-4] INFO  o.e.m.c.i.e.AbstractTransferListenerAdapter - Downloaded https://repo.maven.apache.org/maven2/org/codehaus/plexus/plexus-archiver/4.9.2/plexus-archiver-4.9.2.jar
2025-02-13 09:09:14,599 [BasicRepositoryConnector-repo.maven.apache.org-1-1] INFO  o.e.m.c.i.e.AbstractTransferListenerAdapter - Downloading https://repo.maven.apache.org/maven2/org/apache/commons/commons-lang3/3.14.0/commons-lang3-3.14.0.jar
2025-02-13 09:09:14,734 [BasicRepositoryConnector-repo.maven.apache.org-1-3] INFO  o.e.m.c.i.e.AbstractTransferListenerAdapter - Downloaded https://repo.maven.apache.org/maven2/org/codehaus/plexus/plexus-io/3.4.2/plexus-io-3.4.2.jar
2025-02-13 09:09:14,796 [BasicRepositoryConnector-repo.maven.apache.org-1-4] INFO  o.e.m.c.i.e.AbstractTransferListenerAdapter - Downloading https://repo.maven.apache.org/maven2/commons-codec/commons-codec/1.16.1/commons-codec-1.16.1.jar
2025-02-13 09:09:14,798 [BasicRepositoryConnector-repo.maven.apache.org-1-0] INFO  o.e.m.c.i.e.AbstractTransferListenerAdapter - Downloaded https://repo.maven.apache.org/maven2/commons-io/commons-io/2.16.1/commons-io-2.16.1.jar
2025-02-13 09:09:14,960 [BasicRepositoryConnector-repo.maven.apache.org-1-3] INFO  o.e.m.c.i.e.AbstractTransferListenerAdapter - Downloading https://repo.maven.apache.org/maven2/org/iq80/snappy/snappy/0.4/snappy-0.4.jar
2025-02-13 09:09:15,034 [BasicRepositoryConnector-repo.maven.apache.org-1-0] INFO  o.e.m.c.i.e.AbstractTransferListenerAdapter - Downloading https://repo.maven.apache.org/maven2/org/tukaani/xz/1.9/xz-1.9.jar
2025-02-13 09:09:15,184 [BasicRepositoryConnector-repo.maven.apache.org-1-3] INFO  o.e.m.c.i.e.AbstractTransferListenerAdapter - Downloaded https://repo.maven.apache.org/maven2/org/iq80/snappy/snappy/0.4/snappy-0.4.jar
2025-02-13 09:09:15,324 [BasicRepositoryConnector-repo.maven.apache.org-1-0] INFO  o.e.m.c.i.e.AbstractTransferListenerAdapter - Downloaded https://repo.maven.apache.org/maven2/org/tukaani/xz/1.9/xz-1.9.jar
2025-02-13 09:09:15,462 [BasicRepositoryConnector-repo.maven.apache.org-1-3] INFO  o.e.m.c.i.e.AbstractTransferListenerAdapter - Downloading https://repo.maven.apache.org/maven2/com/github/luben/zstd-jni/1.5.5-11/zstd-jni-1.5.5-11.jar
2025-02-13 09:09:15,641 [BasicRepositoryConnector-repo.maven.apache.org-1-2] INFO  o.e.m.c.i.e.AbstractTransferListenerAdapter - Downloaded https://repo.maven.apache.org/maven2/org/apache/commons/commons-compress/1.26.1/commons-compress-1.26.1.jar
2025-02-13 09:09:15,659 [BasicRepositoryConnector-repo.maven.apache.org-1-4] INFO  o.e.m.c.i.e.AbstractTransferListenerAdapter - Downloaded https://repo.maven.apache.org/maven2/commons-codec/commons-codec/1.16.1/commons-codec-1.16.1.jar
2025-02-13 09:09:16,243 [BasicRepositoryConnector-repo.maven.apache.org-1-1] INFO  o.e.m.c.i.e.AbstractTransferListenerAdapter - Downloaded https://repo.maven.apache.org/maven2/org/apache/commons/commons-lang3/3.14.0/commons-lang3-3.14.0.jar
2025-02-13 09:09:19,987 [BasicRepositoryConnector-repo.maven.apache.org-1-3] INFO  o.e.m.c.i.e.AbstractTransferListenerAdapter - Downloaded https://repo.maven.apache.org/maven2/com/github/luben/zstd-jni/1.5.5-11/zstd-jni-1.5.5-11.jar
2025-02-13 09:09:20,739 [Worker-4: Creating project "EducationBoard"] INFO  o.e.m.c.i.e.AbstractTransferListenerAdapter - Downloading https://repo.maven.apache.org/maven2/org/codehaus/plexus/plexus-interpolation/1.26/plexus-interpolation-1.26.pom
2025-02-13 09:09:20,760 [Worker-4: Creating project "EducationBoard"] INFO  o.e.m.c.i.e.AbstractTransferListenerAdapter - Downloaded https://repo.maven.apache.org/maven2/org/codehaus/plexus/plexus-interpolation/1.26/plexus-interpolation-1.26.pom
2025-02-13 09:09:20,814 [Worker-4: Creating project "EducationBoard"] INFO  o.e.m.c.i.e.AbstractTransferListenerAdapter - Downloading https://repo.maven.apache.org/maven2/org/codehaus/plexus/plexus/5.1/plexus-5.1.pom
2025-02-13 09:09:20,855 [Worker-4: Creating project "EducationBoard"] INFO  o.e.m.c.i.e.AbstractTransferListenerAdapter - Downloaded https://repo.maven.apache.org/maven2/org/codehaus/plexus/plexus/5.1/plexus-5.1.pom
2025-02-13 09:09:20,925 [Worker-4: Creating project "EducationBoard"] INFO  o.e.m.c.i.e.AbstractTransferListenerAdapter - Downloading https://repo.maven.apache.org/maven2/org/codehaus/plexus/plexus-utils/3.5.1/plexus-utils-3.5.1.pom
2025-02-13 09:09:20,958 [Worker-4: Creating project "EducationBoard"] INFO  o.e.m.c.i.e.AbstractTransferListenerAdapter - Downloaded https://repo.maven.apache.org/maven2/org/codehaus/plexus/plexus-utils/3.5.1/plexus-utils-3.5.1.pom
2025-02-13 09:09:21,023 [Worker-4: Creating project "EducationBoard"] INFO  o.e.m.c.i.e.AbstractTransferListenerAdapter - Downloading https://repo.maven.apache.org/maven2/org/codehaus/plexus/plexus/10/plexus-10.pom
2025-02-13 09:09:21,062 [Worker-4: Creating project "EducationBoard"] INFO  o.e.m.c.i.e.AbstractTransferListenerAdapter - Downloaded https://repo.maven.apache.org/maven2/org/codehaus/plexus/plexus/10/plexus-10.pom
2025-02-13 09:09:21,126 [Worker-4: Creating project "EducationBoard"] INFO  o.e.m.c.i.e.AbstractTransferListenerAdapter - Downloading https://repo.maven.apache.org/maven2/org/apache/maven/shared/maven-filtering/3.3.1/maven-filtering-3.3.1.pom
2025-02-13 09:09:21,150 [Worker-4: Creating project "EducationBoard"] INFO  o.e.m.c.i.e.AbstractTransferListenerAdapter - Downloaded https://repo.maven.apache.org/maven2/org/apache/maven/shared/maven-filtering/3.3.1/maven-filtering-3.3.1.pom
2025-02-13 09:09:21,204 [Worker-4: Creating project "EducationBoard"] INFO  o.e.m.c.i.e.AbstractTransferListenerAdapter - Downloading https://repo.maven.apache.org/maven2/org/sonatype/plexus/plexus-build-api/0.0.7/plexus-build-api-0.0.7.pom
2025-02-13 09:09:21,225 [Worker-4: Creating project "EducationBoard"] INFO  o.e.m.c.i.e.AbstractTransferListenerAdapter - Downloaded https://repo.maven.apache.org/maven2/org/sonatype/plexus/plexus-build-api/0.0.7/plexus-build-api-0.0.7.pom
2025-02-13 09:09:21,276 [Worker-4: Creating project "EducationBoard"] INFO  o.e.m.c.i.e.AbstractTransferListenerAdapter - Downloading https://repo.maven.apache.org/maven2/org/sonatype/spice/spice-parent/15/spice-parent-15.pom
2025-02-13 09:09:21,311 [Worker-4: Creating project "EducationBoard"] INFO  o.e.m.c.i.e.AbstractTransferListenerAdapter - Downloaded https://repo.maven.apache.org/maven2/org/sonatype/spice/spice-parent/15/spice-parent-15.pom
2025-02-13 09:09:21,378 [Worker-4: Creating project "EducationBoard"] INFO  o.e.m.c.i.e.AbstractTransferListenerAdapter - Downloading https://repo.maven.apache.org/maven2/org/sonatype/forge/forge-parent/5/forge-parent-5.pom
2025-02-13 09:09:21,404 [Worker-4: Creating project "EducationBoard"] INFO  o.e.m.c.i.e.AbstractTransferListenerAdapter - Downloaded https://repo.maven.apache.org/maven2/org/sonatype/forge/forge-parent/5/forge-parent-5.pom
2025-02-13 09:09:21,478 [Worker-4: Creating project "EducationBoard"] INFO  o.e.m.c.i.e.AbstractTransferListenerAdapter - Downloading https://repo.maven.apache.org/maven2/org/codehaus/plexus/plexus-utils/3.5.0/plexus-utils-3.5.0.pom
2025-02-13 09:09:21,498 [Worker-4: Creating project "EducationBoard"] INFO  o.e.m.c.i.e.AbstractTransferListenerAdapter - Downloaded https://repo.maven.apache.org/maven2/org/codehaus/plexus/plexus-utils/3.5.0/plexus-utils-3.5.0.pom
2025-02-13 09:09:21,558 [Worker-4: Creating project "EducationBoard"] INFO  o.e.m.c.i.e.AbstractTransferListenerAdapter - Downloading https://repo.maven.apache.org/maven2/org/apache/commons/commons-lang3/3.12.0/commons-lang3-3.12.0.pom
2025-02-13 09:09:21,597 [Worker-4: Creating project "EducationBoard"] INFO  o.e.m.c.i.e.AbstractTransferListenerAdapter - Downloaded https://repo.maven.apache.org/maven2/org/apache/commons/commons-lang3/3.12.0/commons-lang3-3.12.0.pom
2025-02-13 09:09:21,662 [Worker-4: Creating project "EducationBoard"] INFO  o.e.m.c.i.e.AbstractTransferListenerAdapter - Downloading https://repo.maven.apache.org/maven2/org/junit/junit-bom/5.7.1/junit-bom-5.7.1.pom
2025-02-13 09:09:21,682 [Worker-4: Creating project "EducationBoard"] INFO  o.e.m.c.i.e.AbstractTransferListenerAdapter - Downloaded https://repo.maven.apache.org/maven2/org/junit/junit-bom/5.7.1/junit-bom-5.7.1.pom
2025-02-13 09:09:21,751 [Worker-4: Creating project "EducationBoard"] INFO  o.e.m.c.i.e.AbstractTransferListenerAdapter - Downloading https://repo.maven.apache.org/maven2/org/codehaus/plexus/plexus-interpolation/1.26/plexus-interpolation-1.26.jar
2025-02-13 09:09:21,822 [Worker-4: Creating project "EducationBoard"] INFO  o.e.m.c.i.e.AbstractTransferListenerAdapter - Downloaded https://repo.maven.apache.org/maven2/org/codehaus/plexus/plexus-interpolation/1.26/plexus-interpolation-1.26.jar
2025-02-13 09:09:21,875 [BasicRepositoryConnector-repo.maven.apache.org-2-3] INFO  o.e.m.c.i.e.AbstractTransferListenerAdapter - Downloading https://repo.maven.apache.org/maven2/org/apache/commons/commons-lang3/3.12.0/commons-lang3-3.12.0.jar
2025-02-13 09:09:21,875 [BasicRepositoryConnector-repo.maven.apache.org-2-0] INFO  o.e.m.c.i.e.AbstractTransferListenerAdapter - Downloading https://repo.maven.apache.org/maven2/org/codehaus/plexus/plexus-utils/3.5.1/plexus-utils-3.5.1.jar
2025-02-13 09:09:21,879 [BasicRepositoryConnector-repo.maven.apache.org-2-2] INFO  o.e.m.c.i.e.AbstractTransferListenerAdapter - Downloading https://repo.maven.apache.org/maven2/org/sonatype/plexus/plexus-build-api/0.0.7/plexus-build-api-0.0.7.jar
2025-02-13 09:09:21,889 [BasicRepositoryConnector-repo.maven.apache.org-2-1] INFO  o.e.m.c.i.e.AbstractTransferListenerAdapter - Downloading https://repo.maven.apache.org/maven2/org/apache/maven/shared/maven-filtering/3.3.1/maven-filtering-3.3.1.jar
2025-02-13 09:09:22,024 [BasicRepositoryConnector-repo.maven.apache.org-2-2] INFO  o.e.m.c.i.e.AbstractTransferListenerAdapter - Downloaded https://repo.maven.apache.org/maven2/org/sonatype/plexus/plexus-build-api/0.0.7/plexus-build-api-0.0.7.jar
2025-02-13 09:09:22,035 [BasicRepositoryConnector-repo.maven.apache.org-2-1] INFO  o.e.m.c.i.e.AbstractTransferListenerAdapter - Downloaded https://repo.maven.apache.org/maven2/org/apache/maven/shared/maven-filtering/3.3.1/maven-filtering-3.3.1.jar
2025-02-13 09:09:22,315 [BasicRepositoryConnector-repo.maven.apache.org-2-0] INFO  o.e.m.c.i.e.AbstractTransferListenerAdapter - Downloaded https://repo.maven.apache.org/maven2/org/codehaus/plexus/plexus-utils/3.5.1/plexus-utils-3.5.1.jar
2025-02-13 09:09:22,404 [BasicRepositoryConnector-repo.maven.apache.org-2-3] INFO  o.e.m.c.i.e.AbstractTransferListenerAdapter - Downloaded https://repo.maven.apache.org/maven2/org/apache/commons/commons-lang3/3.12.0/commons-lang3-3.12.0.jar
2025-02-13 09:09:22,512 [Worker-4: Creating project "EducationBoard"] INFO  o.e.m.j.i.AbstractJavaProjectConfigurator - Adding source folder /EducationBoard/src/main/java
2025-02-13 09:09:22,517 [Worker-4: Creating project "EducationBoard"] INFO  o.e.m.j.i.AbstractJavaProjectConfigurator - Adding resource folder /EducationBoard/src/main/resources
2025-02-13 09:09:22,518 [Worker-4: Creating project "EducationBoard"] INFO  o.e.m.j.i.AbstractJavaProjectConfigurator - Adding source folder /EducationBoard/src/test/java
2025-02-13 09:09:22,519 [Worker-4: Creating project "EducationBoard"] INFO  o.e.m.j.i.AbstractJavaProjectConfigurator - Adding resource folder /EducationBoard/src/test/resources
2025-02-13 09:09:23,088 [Worker-31: Building] WARN  o.a.m.s.f.DefaultMavenResourcesFiltering - Using platform encoding (UTF-8 actually) to copy filtered resources, i.e. build is platform dependent!
2025-02-13 09:09:23,096 [Worker-31: Building] INFO  o.a.m.s.f.DefaultMavenResourcesFiltering - Copying 0 resource from src\main\resources to target\classes
2025-02-13 09:09:23,101 [Worker-31: Building] WARN  o.a.m.s.f.DefaultMavenResourcesFiltering - Using platform encoding (UTF-8 actually) to copy filtered resources, i.e. build is platform dependent!
2025-02-13 09:09:23,101 [Worker-31: Building] INFO  o.a.m.s.f.DefaultMavenResourcesFiltering - Copying 0 resource from src\test\resources to target\test-classes
2025-02-13 09:12:04,023 [Worker-8: Building] WARN  o.a.m.s.f.DefaultMavenResourcesFiltering - Using platform encoding (UTF-8 actually) to copy filtered resources, i.e. build is platform dependent!
2025-02-13 09:12:04,025 [Worker-8: Building] INFO  o.a.m.s.f.DefaultMavenResourcesFiltering - Copying 0 resource from src\main\resources to target\classes
2025-02-13 09:12:04,027 [Worker-8: Building] WARN  o.a.m.s.f.DefaultMavenResourcesFiltering - Using platform encoding (UTF-8 actually) to copy filtered resources, i.e. build is platform dependent!
2025-02-13 09:12:04,028 [Worker-8: Building] INFO  o.a.m.s.f.DefaultMavenResourcesFiltering - Copying 0 resource from src\test\resources to target\test-classes
2025-02-13 09:15:12,369 [Worker-8: Building] WARN  o.a.m.s.f.DefaultMavenResourcesFiltering - Using platform encoding (UTF-8 actually) to copy filtered resources, i.e. build is platform dependent!
2025-02-13 09:15:12,370 [Worker-8: Building] INFO  o.a.m.s.f.DefaultMavenResourcesFiltering - Copying 0 resource from src\main\resources to target\classes
2025-02-13 09:15:12,372 [Worker-8: Building] WARN  o.a.m.s.f.DefaultMavenResourcesFiltering - Using platform encoding (UTF-8 actually) to copy filtered resources, i.e. build is platform dependent!
2025-02-13 09:15:12,373 [Worker-8: Building] INFO  o.a.m.s.f.DefaultMavenResourcesFiltering - Copying 0 resource from src\test\resources to target\test-classes
2025-02-13 09:33:53,770 [Worker-22: Building] WARN  o.a.m.s.f.DefaultMavenResourcesFiltering - Using platform encoding (UTF-8 actually) to copy filtered resources, i.e. build is platform dependent!
2025-02-13 09:33:53,771 [Worker-22: Building] INFO  o.a.m.s.f.DefaultMavenResourcesFiltering - Copying 0 resource from src\main\resources to target\classes
2025-02-13 09:33:53,775 [Worker-22: Building] WARN  o.a.m.s.f.DefaultMavenResourcesFiltering - Using platform encoding (UTF-8 actually) to copy filtered resources, i.e. build is platform dependent!
2025-02-13 09:33:53,775 [Worker-22: Building] INFO  o.a.m.s.f.DefaultMavenResourcesFiltering - Copying 0 resource from src\test\resources to target\test-classes
2025-02-13 09:34:13,972 [Worker-4: Building] WARN  o.a.m.s.f.DefaultMavenResourcesFiltering - Using platform encoding (UTF-8 actually) to copy filtered resources, i.e. build is platform dependent!
2025-02-13 09:34:13,973 [Worker-4: Building] INFO  o.a.m.s.f.DefaultMavenResourcesFiltering - Copying 0 resource from src\main\resources to target\classes
2025-02-13 09:34:13,975 [Worker-4: Building] WARN  o.a.m.s.f.DefaultMavenResourcesFiltering - Using platform encoding (UTF-8 actually) to copy filtered resources, i.e. build is platform dependent!
2025-02-13 09:34:13,975 [Worker-4: Building] INFO  o.a.m.s.f.DefaultMavenResourcesFiltering - Copying 0 resource from src\test\resources to target\test-classes
2025-02-13 09:34:38,177 [Worker-22: Building] WARN  o.a.m.s.f.DefaultMavenResourcesFiltering - Using platform encoding (UTF-8 actually) to copy filtered resources, i.e. build is platform dependent!
2025-02-13 09:34:38,177 [Worker-22: Building] INFO  o.a.m.s.f.DefaultMavenResourcesFiltering - Copying 0 resource from src\main\resources to target\classes
2025-02-13 09:34:38,180 [Worker-22: Building] WARN  o.a.m.s.f.DefaultMavenResourcesFiltering - Using platform encoding (UTF-8 actually) to copy filtered resources, i.e. build is platform dependent!
2025-02-13 09:34:38,181 [Worker-22: Building] INFO  o.a.m.s.f.DefaultMavenResourcesFiltering - Copying 0 resource from src\test\resources to target\test-classes
2025-02-13 09:41:31,124 [Worker-34: Building] WARN  o.a.m.s.f.DefaultMavenResourcesFiltering - Using platform encoding (UTF-8 actually) to copy filtered resources, i.e. build is platform dependent!
2025-02-13 09:41:31,125 [Worker-34: Building] INFO  o.a.m.s.f.DefaultMavenResourcesFiltering - Copying 0 resource from src\main\resources to target\classes
2025-02-13 09:41:31,126 [Worker-34: Building] WARN  o.a.m.s.f.DefaultMavenResourcesFiltering - Using platform encoding (UTF-8 actually) to copy filtered resources, i.e. build is platform dependent!
2025-02-13 09:41:31,127 [Worker-34: Building] INFO  o.a.m.s.f.DefaultMavenResourcesFiltering - Copying 0 resource from src\test\resources to target\test-classes
2025-02-13 09:41:43,421 [Worker-2: Loading available Gradle versions] INFO  o.e.b.c.i.u.g.PublishedGradleVersions - Gradle version information cache is up-to-date. Trying to read.
2025-02-13 09:44:20,889 [Worker-12: Building] WARN  o.a.m.s.f.DefaultMavenResourcesFiltering - Using platform encoding (UTF-8 actually) to copy filtered resources, i.e. build is platform dependent!
2025-02-13 09:44:20,894 [Worker-12: Building] INFO  o.a.m.s.f.DefaultMavenResourcesFiltering - Copying 0 resource from src\main\resources to target\classes
2025-02-13 09:44:20,898 [Worker-12: Building] WARN  o.a.m.s.f.DefaultMavenResourcesFiltering - Using platform encoding (UTF-8 actually) to copy filtered resources, i.e. build is platform dependent!
2025-02-13 09:44:20,898 [Worker-12: Building] INFO  o.a.m.s.f.DefaultMavenResourcesFiltering - Copying 0 resource from src\test\resources to target\test-classes
2025-02-13 09:44:23,247 [Worker-16: Building] WARN  o.a.m.s.f.DefaultMavenResourcesFiltering - Using platform encoding (UTF-8 actually) to copy filtered resources, i.e. build is platform dependent!
2025-02-13 09:44:23,248 [Worker-16: Building] INFO  o.a.m.s.f.DefaultMavenResourcesFiltering - Copying 0 resource from src\main\resources to target\classes
2025-02-13 09:44:23,251 [Worker-16: Building] WARN  o.a.m.s.f.DefaultMavenResourcesFiltering - Using platform encoding (UTF-8 actually) to copy filtered resources, i.e. build is platform dependent!
2025-02-13 09:44:23,252 [Worker-16: Building] INFO  o.a.m.s.f.DefaultMavenResourcesFiltering - Copying 0 resource from src\test\resources to target\test-classes
2025-02-13 09:44:40,708 [Worker-12: Building] WARN  o.a.m.s.f.DefaultMavenResourcesFiltering - Using platform encoding (UTF-8 actually) to copy filtered resources, i.e. build is platform dependent!
2025-02-13 09:44:40,708 [Worker-12: Building] INFO  o.a.m.s.f.DefaultMavenResourcesFiltering - Copying 0 resource from src\main\resources to target\classes
2025-02-13 09:44:40,710 [Worker-12: Building] WARN  o.a.m.s.f.DefaultMavenResourcesFiltering - Using platform encoding (UTF-8 actually) to copy filtered resources, i.e. build is platform dependent!
2025-02-13 09:44:40,711 [Worker-12: Building] INFO  o.a.m.s.f.DefaultMavenResourcesFiltering - Copying 0 resource from src\test\resources to target\test-classes
2025-02-13 09:45:03,274 [Worker-5: Building] WARN  o.a.m.s.f.DefaultMavenResourcesFiltering - Using platform encoding (UTF-8 actually) to copy filtered resources, i.e. build is platform dependent!
2025-02-13 09:45:03,274 [Worker-5: Building] INFO  o.a.m.s.f.DefaultMavenResourcesFiltering - Copying 0 resource from src\main\resources to target\classes
2025-02-13 09:45:03,276 [Worker-5: Building] WARN  o.a.m.s.f.DefaultMavenResourcesFiltering - Using platform encoding (UTF-8 actually) to copy filtered resources, i.e. build is platform dependent!
2025-02-13 09:45:03,278 [Worker-5: Building] INFO  o.a.m.s.f.DefaultMavenResourcesFiltering - Copying 0 resource from src\test\resources to target\test-classes
2025-02-13 09:47:11,839 [Worker-16: Building] WARN  o.a.m.s.f.DefaultMavenResourcesFiltering - Using platform encoding (UTF-8 actually) to copy filtered resources, i.e. build is platform dependent!
2025-02-13 09:47:11,840 [Worker-16: Building] INFO  o.a.m.s.f.DefaultMavenResourcesFiltering - Copying 0 resource from src\main\resources to target\classes
2025-02-13 09:47:11,842 [Worker-16: Building] WARN  o.a.m.s.f.DefaultMavenResourcesFiltering - Using platform encoding (UTF-8 actually) to copy filtered resources, i.e. build is platform dependent!
2025-02-13 09:47:11,843 [Worker-16: Building] INFO  o.a.m.s.f.DefaultMavenResourcesFiltering - Copying 0 resource from src\test\resources to target\test-classes
2025-02-13 09:47:12,890 [Worker-26: Building] WARN  o.a.m.s.f.DefaultMavenResourcesFiltering - Using platform encoding (UTF-8 actually) to copy filtered resources, i.e. build is platform dependent!
2025-02-13 09:47:12,891 [Worker-26: Building] INFO  o.a.m.s.f.DefaultMavenResourcesFiltering - Copying 0 resource from src\main\resources to target\classes
2025-02-13 09:47:12,893 [Worker-26: Building] WARN  o.a.m.s.f.DefaultMavenResourcesFiltering - Using platform encoding (UTF-8 actually) to copy filtered resources, i.e. build is platform dependent!
2025-02-13 09:47:12,894 [Worker-26: Building] INFO  o.a.m.s.f.DefaultMavenResourcesFiltering - Copying 0 resource from src\test\resources to target\test-classes
2025-02-13 09:48:30,550 [Worker-23: Building] WARN  o.a.m.s.f.DefaultMavenResourcesFiltering - Using platform encoding (UTF-8 actually) to copy filtered resources, i.e. build is platform dependent!
2025-02-13 09:48:30,550 [Worker-23: Building] INFO  o.a.m.s.f.DefaultMavenResourcesFiltering - Copying 0 resource from src\main\resources to target\classes
2025-02-13 09:48:30,552 [Worker-23: Building] WARN  o.a.m.s.f.DefaultMavenResourcesFiltering - Using platform encoding (UTF-8 actually) to copy filtered resources, i.e. build is platform dependent!
2025-02-13 09:48:30,552 [Worker-23: Building] INFO  o.a.m.s.f.DefaultMavenResourcesFiltering - Copying 0 resource from src\test\resources to target\test-classes
2025-02-13 09:50:57,674 [Worker-14: Building] WARN  o.a.m.s.f.DefaultMavenResourcesFiltering - Using platform encoding (UTF-8 actually) to copy filtered resources, i.e. build is platform dependent!
2025-02-13 09:50:57,675 [Worker-14: Building] INFO  o.a.m.s.f.DefaultMavenResourcesFiltering - Copying 0 resource from src\main\resources to target\classes
2025-02-13 09:50:57,677 [Worker-14: Building] WARN  o.a.m.s.f.DefaultMavenResourcesFiltering - Using platform encoding (UTF-8 actually) to copy filtered resources, i.e. build is platform dependent!
2025-02-13 09:50:57,677 [Worker-14: Building] INFO  o.a.m.s.f.DefaultMavenResourcesFiltering - Copying 0 resource from src\test\resources to target\test-classes
2025-02-13 09:51:21,947 [Worker-7: Building] WARN  o.a.m.s.f.DefaultMavenResourcesFiltering - Using platform encoding (UTF-8 actually) to copy filtered resources, i.e. build is platform dependent!
2025-02-13 09:51:21,948 [Worker-7: Building] INFO  o.a.m.s.f.DefaultMavenResourcesFiltering - Copying 0 resource from src\main\resources to target\classes
2025-02-13 09:51:21,951 [Worker-7: Building] WARN  o.a.m.s.f.DefaultMavenResourcesFiltering - Using platform encoding (UTF-8 actually) to copy filtered resources, i.e. build is platform dependent!
2025-02-13 09:51:21,951 [Worker-7: Building] INFO  o.a.m.s.f.DefaultMavenResourcesFiltering - Copying 0 resource from src\test\resources to target\test-classes
2025-02-13 09:51:46,179 [Worker-7: Building] WARN  o.a.m.s.f.DefaultMavenResourcesFiltering - Using platform encoding (UTF-8 actually) to copy filtered resources, i.e. build is platform dependent!
2025-02-13 09:51:46,180 [Worker-7: Building] INFO  o.a.m.s.f.DefaultMavenResourcesFiltering - Copying 0 resource from src\main\resources to target\classes
2025-02-13 09:51:46,182 [Worker-7: Building] WARN  o.a.m.s.f.DefaultMavenResourcesFiltering - Using platform encoding (UTF-8 actually) to copy filtered resources, i.e. build is platform dependent!
2025-02-13 09:51:46,183 [Worker-7: Building] INFO  o.a.m.s.f.DefaultMavenResourcesFiltering - Copying 0 resource from src\test\resources to target\test-classes
2025-02-13 09:52:07,992 [Worker-18: Building] WARN  o.a.m.s.f.DefaultMavenResourcesFiltering - Using platform encoding (UTF-8 actually) to copy filtered resources, i.e. build is platform dependent!
2025-02-13 09:52:07,993 [Worker-18: Building] INFO  o.a.m.s.f.DefaultMavenResourcesFiltering - Copying 0 resource from src\main\resources to target\classes
2025-02-13 09:52:07,995 [Worker-18: Building] WARN  o.a.m.s.f.DefaultMavenResourcesFiltering - Using platform encoding (UTF-8 actually) to copy filtered resources, i.e. build is platform dependent!
2025-02-13 09:52:07,996 [Worker-18: Building] INFO  o.a.m.s.f.DefaultMavenResourcesFiltering - Copying 0 resource from src\test\resources to target\test-classes
2025-02-13 09:52:31,131 [Worker-24: Building] WARN  o.a.m.s.f.DefaultMavenResourcesFiltering - Using platform encoding (UTF-8 actually) to copy filtered resources, i.e. build is platform dependent!
2025-02-13 09:52:31,132 [Worker-24: Building] INFO  o.a.m.s.f.DefaultMavenResourcesFiltering - Copying 0 resource from src\main\resources to target\classes
2025-02-13 09:52:31,133 [Worker-24: Building] WARN  o.a.m.s.f.DefaultMavenResourcesFiltering - Using platform encoding (UTF-8 actually) to copy filtered resources, i.e. build is platform dependent!
2025-02-13 09:52:31,134 [Worker-24: Building] INFO  o.a.m.s.f.DefaultMavenResourcesFiltering - Copying 0 resource from src\test\resources to target\test-classes
2025-02-13 09:52:55,308 [Worker-12: Building] WARN  o.a.m.s.f.DefaultMavenResourcesFiltering - Using platform encoding (UTF-8 actually) to copy filtered resources, i.e. build is platform dependent!
2025-02-13 09:52:55,309 [Worker-12: Building] INFO  o.a.m.s.f.DefaultMavenResourcesFiltering - Copying 0 resource from src\main\resources to target\classes
2025-02-13 09:52:55,311 [Worker-12: Building] WARN  o.a.m.s.f.DefaultMavenResourcesFiltering - Using platform encoding (UTF-8 actually) to copy filtered resources, i.e. build is platform dependent!
2025-02-13 09:52:55,312 [Worker-12: Building] INFO  o.a.m.s.f.DefaultMavenResourcesFiltering - Copying 0 resource from src\test\resources to target\test-classes
2025-02-13 09:53:25,834 [Worker-23: Building] WARN  o.a.m.s.f.DefaultMavenResourcesFiltering - Using platform encoding (UTF-8 actually) to copy filtered resources, i.e. build is platform dependent!
2025-02-13 09:53:25,836 [Worker-23: Building] INFO  o.a.m.s.f.DefaultMavenResourcesFiltering - Copying 0 resource from src\main\resources to target\classes
2025-02-13 09:53:25,838 [Worker-23: Building] WARN  o.a.m.s.f.DefaultMavenResourcesFiltering - Using platform encoding (UTF-8 actually) to copy filtered resources, i.e. build is platform dependent!
2025-02-13 09:53:25,838 [Worker-23: Building] INFO  o.a.m.s.f.DefaultMavenResourcesFiltering - Copying 0 resource from src\test\resources to target\test-classes
2025-02-13 09:53:57,862 [Worker-5: Building] WARN  o.a.m.s.f.DefaultMavenResourcesFiltering - Using platform encoding (UTF-8 actually) to copy filtered resources, i.e. build is platform dependent!
2025-02-13 09:53:57,863 [Worker-5: Building] INFO  o.a.m.s.f.DefaultMavenResourcesFiltering - Copying 0 resource from src\main\resources to target\classes
2025-02-13 09:53:57,864 [Worker-5: Building] WARN  o.a.m.s.f.DefaultMavenResourcesFiltering - Using platform encoding (UTF-8 actually) to copy filtered resources, i.e. build is platform dependent!
2025-02-13 09:53:57,865 [Worker-5: Building] INFO  o.a.m.s.f.DefaultMavenResourcesFiltering - Copying 0 resource from src\test\resources to target\test-classes
2025-02-13 09:54:35,771 [Worker-15: Building] WARN  o.a.m.s.f.DefaultMavenResourcesFiltering - Using platform encoding (UTF-8 actually) to copy filtered resources, i.e. build is platform dependent!
2025-02-13 09:54:35,771 [Worker-15: Building] INFO  o.a.m.s.f.DefaultMavenResourcesFiltering - Copying 0 resource from src\main\resources to target\classes
2025-02-13 09:54:35,773 [Worker-15: Building] WARN  o.a.m.s.f.DefaultMavenResourcesFiltering - Using platform encoding (UTF-8 actually) to copy filtered resources, i.e. build is platform dependent!
2025-02-13 09:54:35,774 [Worker-15: Building] INFO  o.a.m.s.f.DefaultMavenResourcesFiltering - Copying 0 resource from src\test\resources to target\test-classes
2025-02-13 09:55:38,476 [Worker-11: Building] WARN  o.a.m.s.f.DefaultMavenResourcesFiltering - Using platform encoding (UTF-8 actually) to copy filtered resources, i.e. build is platform dependent!
2025-02-13 09:55:38,477 [Worker-11: Building] INFO  o.a.m.s.f.DefaultMavenResourcesFiltering - Copying 0 resource from src\main\resources to target\classes
2025-02-13 09:55:38,479 [Worker-11: Building] WARN  o.a.m.s.f.DefaultMavenResourcesFiltering - Using platform encoding (UTF-8 actually) to copy filtered resources, i.e. build is platform dependent!
2025-02-13 09:55:38,479 [Worker-11: Building] INFO  o.a.m.s.f.DefaultMavenResourcesFiltering - Copying 0 resource from src\test\resources to target\test-classes
2025-02-19 08:34:31,079 [Worker-5: Loading available Gradle versions] INFO  o.e.b.c.i.u.g.PublishedGradleVersions - Gradle version information cache is out-of-date. Trying to update.
2025-02-19 08:41:57,940 [Worker-17: Update Maven projects configuration] INFO  o.e.m.c.i.p.ProjectConfigurationManager - Update started
2025-02-19 08:41:58,387 [Worker-17: Update Maven projects configuration] INFO  o.e.m.c.i.e.AbstractTransferListenerAdapter - Downloading https://repo.maven.apache.org/maven2/org/springframework/boot/spring-boot-starter-parent/3.4.2/spring-boot-starter-parent-3.4.2.pom
2025-02-19 08:41:58,423 [Worker-17: Update Maven projects configuration] INFO  o.e.m.c.i.e.AbstractTransferListenerAdapter - Downloaded https://repo.maven.apache.org/maven2/org/springframework/boot/spring-boot-starter-parent/3.4.2/spring-boot-starter-parent-3.4.2.pom
2025-02-19 08:41:58,491 [Worker-17: Update Maven projects configuration] INFO  o.e.m.c.i.e.AbstractTransferListenerAdapter - Downloading https://repo.maven.apache.org/maven2/org/springframework/boot/spring-boot-dependencies/3.4.2/spring-boot-dependencies-3.4.2.pom
2025-02-19 08:41:58,603 [Worker-17: Update Maven projects configuration] INFO  o.e.m.c.i.e.AbstractTransferListenerAdapter - Downloaded https://repo.maven.apache.org/maven2/org/springframework/boot/spring-boot-dependencies/3.4.2/spring-boot-dependencies-3.4.2.pom
2025-02-19 08:41:58,686 [Worker-17: Update Maven projects configuration] INFO  o.e.m.c.i.e.AbstractTransferListenerAdapter - Downloading https://repo.maven.apache.org/maven2/org/apache/activemq/activemq-bom/6.1.5/activemq-bom-6.1.5.pom
2025-02-19 08:41:58,711 [Worker-17: Update Maven projects configuration] INFO  o.e.m.c.i.e.AbstractTransferListenerAdapter - Downloaded https://repo.maven.apache.org/maven2/org/apache/activemq/activemq-bom/6.1.5/activemq-bom-6.1.5.pom
2025-02-19 08:41:58,778 [Worker-17: Update Maven projects configuration] INFO  o.e.m.c.i.e.AbstractTransferListenerAdapter - Downloading https://repo.maven.apache.org/maven2/org/apache/activemq/artemis-bom/2.37.0/artemis-bom-2.37.0.pom
2025-02-19 08:41:58,808 [Worker-17: Update Maven projects configuration] INFO  o.e.m.c.i.e.AbstractTransferListenerAdapter - Downloaded https://repo.maven.apache.org/maven2/org/apache/activemq/artemis-bom/2.37.0/artemis-bom-2.37.0.pom
2025-02-19 08:41:58,872 [Worker-17: Update Maven projects configuration] INFO  o.e.m.c.i.e.AbstractTransferListenerAdapter - Downloading https://repo.maven.apache.org/maven2/org/apache/activemq/artemis-project/2.37.0/artemis-project-2.37.0.pom
2025-02-19 08:41:58,930 [Worker-17: Update Maven projects configuration] INFO  o.e.m.c.i.e.AbstractTransferListenerAdapter - Downloaded https://repo.maven.apache.org/maven2/org/apache/activemq/artemis-project/2.37.0/artemis-project-2.37.0.pom
2025-02-19 08:41:59,002 [Worker-17: Update Maven projects configuration] INFO  o.e.m.c.i.e.AbstractTransferListenerAdapter - Downloading https://repo.maven.apache.org/maven2/org/apache/apache/33/apache-33.pom
2025-02-19 08:41:59,043 [Worker-17: Update Maven projects configuration] INFO  o.e.m.c.i.e.AbstractTransferListenerAdapter - Downloaded https://repo.maven.apache.org/maven2/org/apache/apache/33/apache-33.pom
2025-02-19 08:41:59,113 [Worker-17: Update Maven projects configuration] INFO  o.e.m.c.i.e.AbstractTransferListenerAdapter - Downloading https://repo.maven.apache.org/maven2/org/assertj/assertj-bom/3.26.3/assertj-bom-3.26.3.pom
2025-02-19 08:41:59,132 [Worker-17: Update Maven projects configuration] INFO  o.e.m.c.i.e.AbstractTransferListenerAdapter - Downloaded https://repo.maven.apache.org/maven2/org/assertj/assertj-bom/3.26.3/assertj-bom-3.26.3.pom
2025-02-19 08:41:59,245 [Worker-17: Update Maven projects configuration] INFO  o.e.m.c.i.e.AbstractTransferListenerAdapter - Downloading https://repo.maven.apache.org/maven2/io/zipkin/reporter2/zipkin-reporter-bom/3.4.3/zipkin-reporter-bom-3.4.3.pom
2025-02-19 08:41:59,269 [Worker-17: Update Maven projects configuration] INFO  o.e.m.c.i.e.AbstractTransferListenerAdapter - Downloaded https://repo.maven.apache.org/maven2/io/zipkin/reporter2/zipkin-reporter-bom/3.4.3/zipkin-reporter-bom-3.4.3.pom
2025-02-19 08:41:59,329 [Worker-17: Update Maven projects configuration] INFO  o.e.m.c.i.e.AbstractTransferListenerAdapter - Downloading https://repo.maven.apache.org/maven2/io/zipkin/brave/brave-bom/6.0.3/brave-bom-6.0.3.pom
2025-02-19 08:41:59,362 [Worker-17: Update Maven projects configuration] INFO  o.e.m.c.i.e.AbstractTransferListenerAdapter - Downloaded https://repo.maven.apache.org/maven2/io/zipkin/brave/brave-bom/6.0.3/brave-bom-6.0.3.pom
2025-02-19 08:41:59,429 [Worker-17: Update Maven projects configuration] INFO  o.e.m.c.i.e.AbstractTransferListenerAdapter - Downloading https://repo.maven.apache.org/maven2/org/apache/cassandra/java-driver-bom/4.18.1/java-driver-bom-4.18.1.pom
2025-02-19 08:41:59,449 [Worker-17: Update Maven projects configuration] INFO  o.e.m.c.i.e.AbstractTransferListenerAdapter - Downloaded https://repo.maven.apache.org/maven2/org/apache/cassandra/java-driver-bom/4.18.1/java-driver-bom-4.18.1.pom
2025-02-19 08:41:59,511 [Worker-17: Update Maven projects configuration] INFO  o.e.m.c.i.e.AbstractTransferListenerAdapter - Downloading https://repo.maven.apache.org/maven2/org/glassfish/jaxb/jaxb-bom/4.0.5/jaxb-bom-4.0.5.pom
2025-02-19 08:41:59,540 [Worker-17: Update Maven projects configuration] INFO  o.e.m.c.i.e.AbstractTransferListenerAdapter - Downloaded https://repo.maven.apache.org/maven2/org/glassfish/jaxb/jaxb-bom/4.0.5/jaxb-bom-4.0.5.pom
2025-02-19 08:41:59,606 [Worker-17: Update Maven projects configuration] INFO  o.e.m.c.i.e.AbstractTransferListenerAdapter - Downloading https://repo.maven.apache.org/maven2/org/eclipse/ee4j/project/1.0.9/project-1.0.9.pom
2025-02-19 08:41:59,638 [Worker-17: Update Maven projects configuration] INFO  o.e.m.c.i.e.AbstractTransferListenerAdapter - Downloaded https://repo.maven.apache.org/maven2/org/eclipse/ee4j/project/1.0.9/project-1.0.9.pom
2025-02-19 08:41:59,715 [Worker-17: Update Maven projects configuration] INFO  o.e.m.c.i.e.AbstractTransferListenerAdapter - Downloading https://repo.maven.apache.org/maven2/org/apache/groovy/groovy-bom/4.0.24/groovy-bom-4.0.24.pom
2025-02-19 08:41:59,751 [Worker-17: Update Maven projects configuration] INFO  o.e.m.c.i.e.AbstractTransferListenerAdapter - Downloaded https://repo.maven.apache.org/maven2/org/apache/groovy/groovy-bom/4.0.24/groovy-bom-4.0.24.pom
2025-02-19 08:41:59,818 [Worker-17: Update Maven projects configuration] INFO  o.e.m.c.i.e.AbstractTransferListenerAdapter - Downloading https://repo.maven.apache.org/maven2/org/infinispan/infinispan-bom/15.0.12.Final/infinispan-bom-15.0.12.Final.pom
2025-02-19 08:41:59,850 [Worker-17: Update Maven projects configuration] INFO  o.e.m.c.i.e.AbstractTransferListenerAdapter - Downloaded https://repo.maven.apache.org/maven2/org/infinispan/infinispan-bom/15.0.12.Final/infinispan-bom-15.0.12.Final.pom
2025-02-19 08:41:59,915 [Worker-17: Update Maven projects configuration] INFO  o.e.m.c.i.e.AbstractTransferListenerAdapter - Downloading https://repo.maven.apache.org/maven2/org/infinispan/infinispan-build-configuration-parent/15.0.12.Final/infinispan-build-configuration-parent-15.0.12.Final.pom
2025-02-19 08:41:59,948 [Worker-17: Update Maven projects configuration] INFO  o.e.m.c.i.e.AbstractTransferListenerAdapter - Downloaded https://repo.maven.apache.org/maven2/org/infinispan/infinispan-build-configuration-parent/15.0.12.Final/infinispan-build-configuration-parent-15.0.12.Final.pom
2025-02-19 08:42:00,017 [Worker-17: Update Maven projects configuration] INFO  o.e.m.c.i.e.AbstractTransferListenerAdapter - Downloading https://repo.maven.apache.org/maven2/org/jboss/jboss-parent/43/jboss-parent-43.pom
2025-02-19 08:42:00,083 [Worker-17: Update Maven projects configuration] INFO  o.e.m.c.i.e.AbstractTransferListenerAdapter - Downloaded https://repo.maven.apache.org/maven2/org/jboss/jboss-parent/43/jboss-parent-43.pom
2025-02-19 08:42:00,150 [Worker-17: Update Maven projects configuration] INFO  o.e.m.c.i.e.AbstractTransferListenerAdapter - Downloading https://repo.maven.apache.org/maven2/com/fasterxml/jackson/jackson-bom/2.18.2/jackson-bom-2.18.2.pom
2025-02-19 08:42:00,183 [Worker-17: Update Maven projects configuration] INFO  o.e.m.c.i.e.AbstractTransferListenerAdapter - Downloaded https://repo.maven.apache.org/maven2/com/fasterxml/jackson/jackson-bom/2.18.2/jackson-bom-2.18.2.pom
2025-02-19 08:42:00,247 [Worker-17: Update Maven projects configuration] INFO  o.e.m.c.i.e.AbstractTransferListenerAdapter - Downloading https://repo.maven.apache.org/maven2/com/fasterxml/jackson/jackson-parent/2.18.1/jackson-parent-2.18.1.pom
2025-02-19 08:42:00,267 [Worker-17: Update Maven projects configuration] INFO  o.e.m.c.i.e.AbstractTransferListenerAdapter - Downloaded https://repo.maven.apache.org/maven2/com/fasterxml/jackson/jackson-parent/2.18.1/jackson-parent-2.18.1.pom
2025-02-19 08:42:00,329 [Worker-17: Update Maven projects configuration] INFO  o.e.m.c.i.e.AbstractTransferListenerAdapter - Downloading https://repo.maven.apache.org/maven2/com/fasterxml/oss-parent/61/oss-parent-61.pom
2025-02-19 08:42:00,361 [Worker-17: Update Maven projects configuration] INFO  o.e.m.c.i.e.AbstractTransferListenerAdapter - Downloaded https://repo.maven.apache.org/maven2/com/fasterxml/oss-parent/61/oss-parent-61.pom
2025-02-19 08:42:00,430 [Worker-17: Update Maven projects configuration] INFO  o.e.m.c.i.e.AbstractTransferListenerAdapter - Downloading https://repo.maven.apache.org/maven2/org/glassfish/jersey/jersey-bom/3.1.10/jersey-bom-3.1.10.pom
2025-02-19 08:42:00,463 [Worker-17: Update Maven projects configuration] INFO  o.e.m.c.i.e.AbstractTransferListenerAdapter - Downloaded https://repo.maven.apache.org/maven2/org/glassfish/jersey/jersey-bom/3.1.10/jersey-bom-3.1.10.pom
2025-02-19 08:42:00,529 [Worker-17: Update Maven projects configuration] INFO  o.e.m.c.i.e.AbstractTransferListenerAdapter - Downloading https://repo.maven.apache.org/maven2/org/eclipse/jetty/ee10/jetty-ee10-bom/12.0.16/jetty-ee10-bom-12.0.16.pom
2025-02-19 08:42:00,556 [Worker-17: Update Maven projects configuration] INFO  o.e.m.c.i.e.AbstractTransferListenerAdapter - Downloaded https://repo.maven.apache.org/maven2/org/eclipse/jetty/ee10/jetty-ee10-bom/12.0.16/jetty-ee10-bom-12.0.16.pom
2025-02-19 08:42:00,632 [Worker-17: Update Maven projects configuration] INFO  o.e.m.c.i.e.AbstractTransferListenerAdapter - Downloading https://repo.maven.apache.org/maven2/org/eclipse/jetty/jetty-bom/12.0.16/jetty-bom-12.0.16.pom
2025-02-19 08:42:00,662 [Worker-17: Update Maven projects configuration] INFO  o.e.m.c.i.e.AbstractTransferListenerAdapter - Downloaded https://repo.maven.apache.org/maven2/org/eclipse/jetty/jetty-bom/12.0.16/jetty-bom-12.0.16.pom
2025-02-19 08:42:00,727 [Worker-17: Update Maven projects configuration] INFO  o.e.m.c.i.e.AbstractTransferListenerAdapter - Downloading https://repo.maven.apache.org/maven2/org/junit/junit-bom/5.11.4/junit-bom-5.11.4.pom
2025-02-19 08:42:00,751 [Worker-17: Update Maven projects configuration] INFO  o.e.m.c.i.e.AbstractTransferListenerAdapter - Downloaded https://repo.maven.apache.org/maven2/org/junit/junit-bom/5.11.4/junit-bom-5.11.4.pom
2025-02-19 08:42:00,809 [Worker-17: Update Maven projects configuration] INFO  o.e.m.c.i.e.AbstractTransferListenerAdapter - Downloading https://repo.maven.apache.org/maven2/org/jetbrains/kotlin/kotlin-bom/1.9.25/kotlin-bom-1.9.25.pom
2025-02-19 08:42:00,836 [Worker-17: Update Maven projects configuration] INFO  o.e.m.c.i.e.AbstractTransferListenerAdapter - Downloaded https://repo.maven.apache.org/maven2/org/jetbrains/kotlin/kotlin-bom/1.9.25/kotlin-bom-1.9.25.pom
2025-02-19 08:42:00,901 [Worker-17: Update Maven projects configuration] INFO  o.e.m.c.i.e.AbstractTransferListenerAdapter - Downloading https://repo.maven.apache.org/maven2/org/jetbrains/kotlinx/kotlinx-coroutines-bom/1.8.1/kotlinx-coroutines-bom-1.8.1.pom
2025-02-19 08:42:00,923 [Worker-17: Update Maven projects configuration] INFO  o.e.m.c.i.e.AbstractTransferListenerAdapter - Downloaded https://repo.maven.apache.org/maven2/org/jetbrains/kotlinx/kotlinx-coroutines-bom/1.8.1/kotlinx-coroutines-bom-1.8.1.pom
2025-02-19 08:42:00,985 [Worker-17: Update Maven projects configuration] INFO  o.e.m.c.i.e.AbstractTransferListenerAdapter - Downloading https://repo.maven.apache.org/maven2/org/jetbrains/kotlinx/kotlinx-serialization-bom/1.6.3/kotlinx-serialization-bom-1.6.3.pom
2025-02-19 08:42:01,003 [Worker-17: Update Maven projects configuration] INFO  o.e.m.c.i.e.AbstractTransferListenerAdapter - Downloaded https://repo.maven.apache.org/maven2/org/jetbrains/kotlinx/kotlinx-serialization-bom/1.6.3/kotlinx-serialization-bom-1.6.3.pom
2025-02-19 08:42:01,063 [Worker-17: Update Maven projects configuration] INFO  o.e.m.c.i.e.AbstractTransferListenerAdapter - Downloading https://repo.maven.apache.org/maven2/org/apache/logging/log4j/log4j-bom/2.24.3/log4j-bom-2.24.3.pom
2025-02-19 08:42:01,093 [Worker-17: Update Maven projects configuration] INFO  o.e.m.c.i.e.AbstractTransferListenerAdapter - Downloaded https://repo.maven.apache.org/maven2/org/apache/logging/log4j/log4j-bom/2.24.3/log4j-bom-2.24.3.pom
2025-02-19 08:42:01,157 [Worker-17: Update Maven projects configuration] INFO  o.e.m.c.i.e.AbstractTransferListenerAdapter - Downloading https://repo.maven.apache.org/maven2/org/apache/logging/logging-parent/11.3.0/logging-parent-11.3.0.pom
2025-02-19 08:42:01,224 [Worker-17: Update Maven projects configuration] INFO  o.e.m.c.i.e.AbstractTransferListenerAdapter - Downloaded https://repo.maven.apache.org/maven2/org/apache/logging/logging-parent/11.3.0/logging-parent-11.3.0.pom
2025-02-19 08:42:01,300 [Worker-17: Update Maven projects configuration] INFO  o.e.m.c.i.e.AbstractTransferListenerAdapter - Downloading https://repo.maven.apache.org/maven2/io/micrometer/micrometer-bom/1.14.3/micrometer-bom-1.14.3.pom
2025-02-19 08:42:01,328 [Worker-17: Update Maven projects configuration] INFO  o.e.m.c.i.e.AbstractTransferListenerAdapter - Downloaded https://repo.maven.apache.org/maven2/io/micrometer/micrometer-bom/1.14.3/micrometer-bom-1.14.3.pom
2025-02-19 08:42:01,398 [Worker-17: Update Maven projects configuration] INFO  o.e.m.c.i.e.AbstractTransferListenerAdapter - Downloading https://repo.maven.apache.org/maven2/io/micrometer/micrometer-tracing-bom/1.4.2/micrometer-tracing-bom-1.4.2.pom
2025-02-19 08:42:01,416 [Worker-17: Update Maven projects configuration] INFO  o.e.m.c.i.e.AbstractTransferListenerAdapter - Downloaded https://repo.maven.apache.org/maven2/io/micrometer/micrometer-tracing-bom/1.4.2/micrometer-tracing-bom-1.4.2.pom
2025-02-19 08:42:01,475 [Worker-17: Update Maven projects configuration] INFO  o.e.m.c.i.e.AbstractTransferListenerAdapter - Downloading https://repo.maven.apache.org/maven2/org/mockito/mockito-bom/5.14.2/mockito-bom-5.14.2.pom
2025-02-19 08:42:01,495 [Worker-17: Update Maven projects configuration] INFO  o.e.m.c.i.e.AbstractTransferListenerAdapter - Downloaded https://repo.maven.apache.org/maven2/org/mockito/mockito-bom/5.14.2/mockito-bom-5.14.2.pom
2025-02-19 08:42:01,553 [Worker-17: Update Maven projects configuration] INFO  o.e.m.c.i.e.AbstractTransferListenerAdapter - Downloading https://repo.maven.apache.org/maven2/io/netty/netty-bom/4.1.117.Final/netty-bom-4.1.117.Final.pom
2025-02-19 08:42:01,585 [Worker-17: Update Maven projects configuration] INFO  o.e.m.c.i.e.AbstractTransferListenerAdapter - Downloaded https://repo.maven.apache.org/maven2/io/netty/netty-bom/4.1.117.Final/netty-bom-4.1.117.Final.pom
2025-02-19 08:42:01,650 [Worker-17: Update Maven projects configuration] INFO  o.e.m.c.i.e.AbstractTransferListenerAdapter - Downloading https://repo.maven.apache.org/maven2/org/sonatype/oss/oss-parent/7/oss-parent-7.pom
2025-02-19 08:42:01,668 [Worker-17: Update Maven projects configuration] INFO  o.e.m.c.i.e.AbstractTransferListenerAdapter - Downloaded https://repo.maven.apache.org/maven2/org/sonatype/oss/oss-parent/7/oss-parent-7.pom
2025-02-19 08:42:01,730 [Worker-17: Update Maven projects configuration] INFO  o.e.m.c.i.e.AbstractTransferListenerAdapter - Downloading https://repo.maven.apache.org/maven2/io/opentelemetry/opentelemetry-bom/1.43.0/opentelemetry-bom-1.43.0.pom
2025-02-19 08:42:01,748 [Worker-17: Update Maven projects configuration] INFO  o.e.m.c.i.e.AbstractTransferListenerAdapter - Downloaded https://repo.maven.apache.org/maven2/io/opentelemetry/opentelemetry-bom/1.43.0/opentelemetry-bom-1.43.0.pom
2025-02-19 08:42:01,807 [Worker-17: Update Maven projects configuration] INFO  o.e.m.c.i.e.AbstractTransferListenerAdapter - Downloading https://repo.maven.apache.org/maven2/io/prometheus/prometheus-metrics-bom/1.3.5/prometheus-metrics-bom-1.3.5.pom
2025-02-19 08:42:01,826 [Worker-17: Update Maven projects configuration] INFO  o.e.m.c.i.e.AbstractTransferListenerAdapter - Downloaded https://repo.maven.apache.org/maven2/io/prometheus/prometheus-metrics-bom/1.3.5/prometheus-metrics-bom-1.3.5.pom
2025-02-19 08:42:01,950 [Worker-17: Update Maven projects configuration] INFO  o.e.m.c.i.e.AbstractTransferListenerAdapter - Downloading https://repo.maven.apache.org/maven2/io/prometheus/client_java/1.3.5/client_java-1.3.5.pom
2025-02-19 08:42:01,982 [Worker-17: Update Maven projects configuration] INFO  o.e.m.c.i.e.AbstractTransferListenerAdapter - Downloaded https://repo.maven.apache.org/maven2/io/prometheus/client_java/1.3.5/client_java-1.3.5.pom
2025-02-19 08:42:02,055 [Worker-17: Update Maven projects configuration] INFO  o.e.m.c.i.e.AbstractTransferListenerAdapter - Downloading https://repo.maven.apache.org/maven2/io/prometheus/simpleclient_bom/0.16.0/simpleclient_bom-0.16.0.pom
2025-02-19 08:42:02,082 [Worker-17: Update Maven projects configuration] INFO  o.e.m.c.i.e.AbstractTransferListenerAdapter - Downloaded https://repo.maven.apache.org/maven2/io/prometheus/simpleclient_bom/0.16.0/simpleclient_bom-0.16.0.pom
2025-02-19 08:42:02,146 [Worker-17: Update Maven projects configuration] INFO  o.e.m.c.i.e.AbstractTransferListenerAdapter - Downloading https://repo.maven.apache.org/maven2/io/prometheus/parent/0.16.0/parent-0.16.0.pom
2025-02-19 08:42:02,177 [Worker-17: Update Maven projects configuration] INFO  o.e.m.c.i.e.AbstractTransferListenerAdapter - Downloaded https://repo.maven.apache.org/maven2/io/prometheus/parent/0.16.0/parent-0.16.0.pom
2025-02-19 08:42:02,242 [Worker-17: Update Maven projects configuration] INFO  o.e.m.c.i.e.AbstractTransferListenerAdapter - Downloading https://repo.maven.apache.org/maven2/org/apache/pulsar/pulsar-bom/3.3.4/pulsar-bom-3.3.4.pom
2025-02-19 08:42:02,287 [Worker-17: Update Maven projects configuration] INFO  o.e.m.c.i.e.AbstractTransferListenerAdapter - Downloaded https://repo.maven.apache.org/maven2/org/apache/pulsar/pulsar-bom/3.3.4/pulsar-bom-3.3.4.pom
2025-02-19 08:42:02,376 [Worker-17: Update Maven projects configuration] INFO  o.e.m.c.i.e.AbstractTransferListenerAdapter - Downloading https://repo.maven.apache.org/maven2/com/querydsl/querydsl-bom/5.1.0/querydsl-bom-5.1.0.pom
2025-02-19 08:42:02,396 [Worker-17: Update Maven projects configuration] INFO  o.e.m.c.i.e.AbstractTransferListenerAdapter - Downloaded https://repo.maven.apache.org/maven2/com/querydsl/querydsl-bom/5.1.0/querydsl-bom-5.1.0.pom
2025-02-19 08:42:02,455 [Worker-17: Update Maven projects configuration] INFO  o.e.m.c.i.e.AbstractTransferListenerAdapter - Downloading https://repo.maven.apache.org/maven2/io/projectreactor/reactor-bom/2024.0.2/reactor-bom-2024.0.2.pom
2025-02-19 08:42:02,473 [Worker-17: Update Maven projects configuration] INFO  o.e.m.c.i.e.AbstractTransferListenerAdapter - Downloaded https://repo.maven.apache.org/maven2/io/projectreactor/reactor-bom/2024.0.2/reactor-bom-2024.0.2.pom
2025-02-19 08:42:02,533 [Worker-17: Update Maven projects configuration] INFO  o.e.m.c.i.e.AbstractTransferListenerAdapter - Downloading https://repo.maven.apache.org/maven2/io/rest-assured/rest-assured-bom/5.5.0/rest-assured-bom-5.5.0.pom
2025-02-19 08:42:02,553 [Worker-17: Update Maven projects configuration] INFO  o.e.m.c.i.e.AbstractTransferListenerAdapter - Downloaded https://repo.maven.apache.org/maven2/io/rest-assured/rest-assured-bom/5.5.0/rest-assured-bom-5.5.0.pom
2025-02-19 08:42:02,611 [Worker-17: Update Maven projects configuration] INFO  o.e.m.c.i.e.AbstractTransferListenerAdapter - Downloading https://repo.maven.apache.org/maven2/io/rsocket/rsocket-bom/1.1.3/rsocket-bom-1.1.3.pom
2025-02-19 08:42:02,626 [Worker-17: Update Maven projects configuration] INFO  o.e.m.c.i.e.AbstractTransferListenerAdapter - Downloaded https://repo.maven.apache.org/maven2/io/rsocket/rsocket-bom/1.1.3/rsocket-bom-1.1.3.pom
2025-02-19 08:42:02,684 [Worker-17: Update Maven projects configuration] INFO  o.e.m.c.i.e.AbstractTransferListenerAdapter - Downloading https://repo.maven.apache.org/maven2/org/seleniumhq/selenium/selenium-bom/4.25.0/selenium-bom-4.25.0.pom
2025-02-19 08:42:02,703 [Worker-17: Update Maven projects configuration] INFO  o.e.m.c.i.e.AbstractTransferListenerAdapter - Downloaded https://repo.maven.apache.org/maven2/org/seleniumhq/selenium/selenium-bom/4.25.0/selenium-bom-4.25.0.pom
2025-02-19 08:42:02,766 [Worker-17: Update Maven projects configuration] INFO  o.e.m.c.i.e.AbstractTransferListenerAdapter - Downloading https://repo.maven.apache.org/maven2/org/springframework/amqp/spring-amqp-bom/3.2.2/spring-amqp-bom-3.2.2.pom
2025-02-19 08:42:02,783 [Worker-17: Update Maven projects configuration] INFO  o.e.m.c.i.e.AbstractTransferListenerAdapter - Downloaded https://repo.maven.apache.org/maven2/org/springframework/amqp/spring-amqp-bom/3.2.2/spring-amqp-bom-3.2.2.pom
2025-02-19 08:42:02,841 [Worker-17: Update Maven projects configuration] INFO  o.e.m.c.i.e.AbstractTransferListenerAdapter - Downloading https://repo.maven.apache.org/maven2/org/springframework/batch/spring-batch-bom/5.2.1/spring-batch-bom-5.2.1.pom
2025-02-19 08:42:02,863 [Worker-17: Update Maven projects configuration] INFO  o.e.m.c.i.e.AbstractTransferListenerAdapter - Downloaded https://repo.maven.apache.org/maven2/org/springframework/batch/spring-batch-bom/5.2.1/spring-batch-bom-5.2.1.pom
2025-02-19 08:42:02,922 [Worker-17: Update Maven projects configuration] INFO  o.e.m.c.i.e.AbstractTransferListenerAdapter - Downloading https://repo.maven.apache.org/maven2/org/springframework/data/spring-data-bom/2024.1.2/spring-data-bom-2024.1.2.pom
2025-02-19 08:42:02,944 [Worker-17: Update Maven projects configuration] INFO  o.e.m.c.i.e.AbstractTransferListenerAdapter - Downloaded https://repo.maven.apache.org/maven2/org/springframework/data/spring-data-bom/2024.1.2/spring-data-bom-2024.1.2.pom
2025-02-19 08:42:03,004 [Worker-17: Update Maven projects configuration] INFO  o.e.m.c.i.e.AbstractTransferListenerAdapter - Downloading https://repo.maven.apache.org/maven2/org/springframework/spring-framework-bom/6.2.2/spring-framework-bom-6.2.2.pom
2025-02-19 08:42:03,023 [Worker-17: Update Maven projects configuration] INFO  o.e.m.c.i.e.AbstractTransferListenerAdapter - Downloaded https://repo.maven.apache.org/maven2/org/springframework/spring-framework-bom/6.2.2/spring-framework-bom-6.2.2.pom
2025-02-19 08:42:03,086 [Worker-17: Update Maven projects configuration] INFO  o.e.m.c.i.e.AbstractTransferListenerAdapter - Downloading https://repo.maven.apache.org/maven2/org/springframework/integration/spring-integration-bom/6.4.1/spring-integration-bom-6.4.1.pom
2025-02-19 08:42:03,111 [Worker-17: Update Maven projects configuration] INFO  o.e.m.c.i.e.AbstractTransferListenerAdapter - Downloaded https://repo.maven.apache.org/maven2/org/springframework/integration/spring-integration-bom/6.4.1/spring-integration-bom-6.4.1.pom
2025-02-19 08:42:03,298 [Worker-21: reload maven project] INFO  o.e.m.c.i.e.AbstractTransferListenerAdapter - Downloading https://repo.maven.apache.org/maven2/org/springframework/pulsar/spring-pulsar-bom/1.2.2/spring-pulsar-bom-1.2.2.pom
2025-02-19 08:42:03,306 [Worker-21: reload maven project] INFO  o.e.m.c.i.e.AbstractTransferListenerAdapter - Downloaded https://repo.maven.apache.org/maven2/org/springframework/pulsar/spring-pulsar-bom/1.2.2/spring-pulsar-bom-1.2.2.pom
2025-02-19 08:42:03,368 [Worker-21: reload maven project] INFO  o.e.m.c.i.e.AbstractTransferListenerAdapter - Downloading https://repo.maven.apache.org/maven2/org/springframework/restdocs/spring-restdocs-bom/3.0.3/spring-restdocs-bom-3.0.3.pom
2025-02-19 08:42:03,374 [Worker-21: reload maven project] INFO  o.e.m.c.i.e.AbstractTransferListenerAdapter - Downloaded https://repo.maven.apache.org/maven2/org/springframework/restdocs/spring-restdocs-bom/3.0.3/spring-restdocs-bom-3.0.3.pom
2025-02-19 08:42:03,438 [Worker-21: reload maven project] INFO  o.e.m.c.i.e.AbstractTransferListenerAdapter - Downloading https://repo.maven.apache.org/maven2/org/springframework/security/spring-security-bom/6.4.2/spring-security-bom-6.4.2.pom
2025-02-19 08:42:03,447 [Worker-21: reload maven project] INFO  o.e.m.c.i.e.AbstractTransferListenerAdapter - Downloaded https://repo.maven.apache.org/maven2/org/springframework/security/spring-security-bom/6.4.2/spring-security-bom-6.4.2.pom
2025-02-19 08:42:03,514 [Worker-21: reload maven project] INFO  o.e.m.c.i.e.AbstractTransferListenerAdapter - Downloading https://repo.maven.apache.org/maven2/org/springframework/session/spring-session-bom/3.4.1/spring-session-bom-3.4.1.pom
2025-02-19 08:42:03,519 [Worker-21: reload maven project] INFO  o.e.m.c.i.e.AbstractTransferListenerAdapter - Downloaded https://repo.maven.apache.org/maven2/org/springframework/session/spring-session-bom/3.4.1/spring-session-bom-3.4.1.pom
2025-02-19 08:42:03,582 [Worker-21: reload maven project] INFO  o.e.m.c.i.e.AbstractTransferListenerAdapter - Downloading https://repo.maven.apache.org/maven2/org/springframework/ws/spring-ws-bom/4.0.11/spring-ws-bom-4.0.11.pom
2025-02-19 08:42:03,590 [Worker-21: reload maven project] INFO  o.e.m.c.i.e.AbstractTransferListenerAdapter - Downloaded https://repo.maven.apache.org/maven2/org/springframework/ws/spring-ws-bom/4.0.11/spring-ws-bom-4.0.11.pom
2025-02-19 08:42:03,651 [Worker-21: reload maven project] INFO  o.e.m.c.i.e.AbstractTransferListenerAdapter - Downloading https://repo.maven.apache.org/maven2/org/testcontainers/testcontainers-bom/1.20.4/testcontainers-bom-1.20.4.pom
2025-02-19 08:42:03,683 [Worker-21: reload maven project] INFO  o.e.m.c.i.e.AbstractTransferListenerAdapter - Downloaded https://repo.maven.apache.org/maven2/org/testcontainers/testcontainers-bom/1.20.4/testcontainers-bom-1.20.4.pom
2025-02-19 08:42:04,059 [Worker-21: reload maven project] INFO  o.e.m.c.i.e.AbstractTransferListenerAdapter - Downloading https://repo.maven.apache.org/maven2/org/springframework/boot/spring-boot-starter-web/3.4.2/spring-boot-starter-web-3.4.2.pom
2025-02-19 08:42:04,067 [Worker-21: reload maven project] INFO  o.e.m.c.i.e.AbstractTransferListenerAdapter - Downloaded https://repo.maven.apache.org/maven2/org/springframework/boot/spring-boot-starter-web/3.4.2/spring-boot-starter-web-3.4.2.pom
2025-02-19 08:42:04,068 [Worker-17: Update Maven projects configuration] INFO  o.e.m.c.i.e.AbstractTransferListenerAdapter - Downloading https://repo.maven.apache.org/maven2/org/springframework/boot/spring-boot-maven-plugin/3.4.2/spring-boot-maven-plugin-3.4.2.pom
2025-02-19 08:42:04,089 [Worker-17: Update Maven projects configuration] INFO  o.e.m.c.i.e.AbstractTransferListenerAdapter - Downloaded https://repo.maven.apache.org/maven2/org/springframework/boot/spring-boot-maven-plugin/3.4.2/spring-boot-maven-plugin-3.4.2.pom
2025-02-19 08:42:04,140 [Worker-21: reload maven project] INFO  o.e.m.c.i.e.AbstractTransferListenerAdapter - Downloading https://repo.maven.apache.org/maven2/org/springframework/boot/spring-boot-starter/3.4.2/spring-boot-starter-3.4.2.pom
2025-02-19 08:42:04,148 [Worker-17: Update Maven projects configuration] INFO  o.e.m.c.i.e.AbstractTransferListenerAdapter - Downloading https://repo.maven.apache.org/maven2/org/springframework/boot/spring-boot-maven-plugin/3.4.2/spring-boot-maven-plugin-3.4.2.jar
2025-02-19 08:42:04,150 [Worker-21: reload maven project] INFO  o.e.m.c.i.e.AbstractTransferListenerAdapter - Downloaded https://repo.maven.apache.org/maven2/org/springframework/boot/spring-boot-starter/3.4.2/spring-boot-starter-3.4.2.pom
2025-02-19 08:42:04,229 [Worker-21: reload maven project] INFO  o.e.m.c.i.e.AbstractTransferListenerAdapter - Downloading https://repo.maven.apache.org/maven2/org/springframework/boot/spring-boot/3.4.2/spring-boot-3.4.2.pom
2025-02-19 08:42:04,249 [Worker-21: reload maven project] INFO  o.e.m.c.i.e.AbstractTransferListenerAdapter - Downloaded https://repo.maven.apache.org/maven2/org/springframework/boot/spring-boot/3.4.2/spring-boot-3.4.2.pom
2025-02-19 08:42:04,251 [Worker-17: Update Maven projects configuration] INFO  o.e.m.c.i.e.AbstractTransferListenerAdapter - Downloaded https://repo.maven.apache.org/maven2/org/springframework/boot/spring-boot-maven-plugin/3.4.2/spring-boot-maven-plugin-3.4.2.jar
2025-02-19 08:42:04,319 [Worker-21: reload maven project] INFO  o.e.m.c.i.e.AbstractTransferListenerAdapter - Downloading https://repo.maven.apache.org/maven2/org/springframework/spring-core/6.2.2/spring-core-6.2.2.pom
2025-02-19 08:42:04,328 [Worker-21: reload maven project] INFO  o.e.m.c.i.e.AbstractTransferListenerAdapter - Downloaded https://repo.maven.apache.org/maven2/org/springframework/spring-core/6.2.2/spring-core-6.2.2.pom
2025-02-19 08:42:04,348 [Worker-17: Update Maven projects configuration] INFO  o.e.m.c.i.e.AbstractTransferListenerAdapter - Downloading https://repo.maven.apache.org/maven2/org/apache/maven/plugins/maven-clean-plugin/3.4.0/maven-clean-plugin-3.4.0.jar
2025-02-19 08:42:04,393 [Worker-21: reload maven project] INFO  o.e.m.c.i.e.AbstractTransferListenerAdapter - Downloading https://repo.maven.apache.org/maven2/org/springframework/spring-jcl/6.2.2/spring-jcl-6.2.2.pom
2025-02-19 08:42:04,407 [Worker-21: reload maven project] INFO  o.e.m.c.i.e.AbstractTransferListenerAdapter - Downloaded https://repo.maven.apache.org/maven2/org/springframework/spring-jcl/6.2.2/spring-jcl-6.2.2.pom
2025-02-19 08:42:04,472 [Worker-21: reload maven project] INFO  o.e.m.c.i.e.AbstractTransferListenerAdapter - Downloading https://repo.maven.apache.org/maven2/org/springframework/spring-context/6.2.2/spring-context-6.2.2.pom
2025-02-19 08:42:04,493 [Worker-21: reload maven project] INFO  o.e.m.c.i.e.AbstractTransferListenerAdapter - Downloaded https://repo.maven.apache.org/maven2/org/springframework/spring-context/6.2.2/spring-context-6.2.2.pom
2025-02-19 08:42:04,555 [Worker-21: reload maven project] INFO  o.e.m.c.i.e.AbstractTransferListenerAdapter - Downloading https://repo.maven.apache.org/maven2/org/springframework/spring-aop/6.2.2/spring-aop-6.2.2.pom
2025-02-19 08:42:04,570 [Worker-17: Update Maven projects configuration] INFO  o.e.m.c.i.e.AbstractTransferListenerAdapter - Downloaded https://repo.maven.apache.org/maven2/org/apache/maven/plugins/maven-clean-plugin/3.4.0/maven-clean-plugin-3.4.0.jar
2025-02-19 08:42:04,570 [Worker-21: reload maven project] INFO  o.e.m.c.i.e.AbstractTransferListenerAdapter - Downloaded https://repo.maven.apache.org/maven2/org/springframework/spring-aop/6.2.2/spring-aop-6.2.2.pom
2025-02-19 08:42:04,651 [Worker-21: reload maven project] INFO  o.e.m.c.i.e.AbstractTransferListenerAdapter - Downloading https://repo.maven.apache.org/maven2/org/springframework/spring-beans/6.2.2/spring-beans-6.2.2.pom
2025-02-19 08:42:04,656 [Worker-21: reload maven project] INFO  o.e.m.c.i.e.AbstractTransferListenerAdapter - Downloaded https://repo.maven.apache.org/maven2/org/springframework/spring-beans/6.2.2/spring-beans-6.2.2.pom
2025-02-19 08:42:04,719 [Worker-21: reload maven project] INFO  o.e.m.c.i.e.AbstractTransferListenerAdapter - Downloading https://repo.maven.apache.org/maven2/org/springframework/spring-expression/6.2.2/spring-expression-6.2.2.pom
2025-02-19 08:42:04,729 [Worker-21: reload maven project] INFO  o.e.m.c.i.e.AbstractTransferListenerAdapter - Downloaded https://repo.maven.apache.org/maven2/org/springframework/spring-expression/6.2.2/spring-expression-6.2.2.pom
2025-02-19 08:42:04,795 [Worker-21: reload maven project] INFO  o.e.m.c.i.e.AbstractTransferListenerAdapter - Downloading https://repo.maven.apache.org/maven2/io/micrometer/micrometer-observation/1.14.3/micrometer-observation-1.14.3.pom
2025-02-19 08:42:04,806 [Worker-21: reload maven project] INFO  o.e.m.c.i.e.AbstractTransferListenerAdapter - Downloaded https://repo.maven.apache.org/maven2/io/micrometer/micrometer-observation/1.14.3/micrometer-observation-1.14.3.pom
2025-02-19 08:42:04,837 [Worker-17: Update Maven projects configuration] INFO  o.e.m.c.i.e.AbstractTransferListenerAdapter - Downloading https://repo.maven.apache.org/maven2/org/apache/maven/plugins/maven-surefire-plugin/3.5.2/maven-surefire-plugin-3.5.2.jar
2025-02-19 08:42:04,874 [Worker-21: reload maven project] INFO  o.e.m.c.i.e.AbstractTransferListenerAdapter - Downloading https://repo.maven.apache.org/maven2/io/micrometer/micrometer-commons/1.14.3/micrometer-commons-1.14.3.pom
2025-02-19 08:42:04,892 [Worker-21: reload maven project] INFO  o.e.m.c.i.e.AbstractTransferListenerAdapter - Downloaded https://repo.maven.apache.org/maven2/io/micrometer/micrometer-commons/1.14.3/micrometer-commons-1.14.3.pom
2025-02-19 08:42:04,954 [Worker-21: reload maven project] INFO  o.e.m.c.i.e.AbstractTransferListenerAdapter - Downloading https://repo.maven.apache.org/maven2/org/springframework/boot/spring-boot-autoconfigure/3.4.2/spring-boot-autoconfigure-3.4.2.pom
2025-02-19 08:42:04,973 [Worker-21: reload maven project] INFO  o.e.m.c.i.e.AbstractTransferListenerAdapter - Downloaded https://repo.maven.apache.org/maven2/org/springframework/boot/spring-boot-autoconfigure/3.4.2/spring-boot-autoconfigure-3.4.2.pom
2025-02-19 08:42:04,993 [Worker-17: Update Maven projects configuration] INFO  o.e.m.c.i.e.AbstractTransferListenerAdapter - Downloaded https://repo.maven.apache.org/maven2/org/apache/maven/plugins/maven-surefire-plugin/3.5.2/maven-surefire-plugin-3.5.2.jar
2025-02-19 08:42:05,044 [Worker-21: reload maven project] INFO  o.e.m.c.i.e.AbstractTransferListenerAdapter - Downloading https://repo.maven.apache.org/maven2/org/springframework/boot/spring-boot-starter-logging/3.4.2/spring-boot-starter-logging-3.4.2.pom
2025-02-19 08:42:05,055 [Worker-21: reload maven project] INFO  o.e.m.c.i.e.AbstractTransferListenerAdapter - Downloaded https://repo.maven.apache.org/maven2/org/springframework/boot/spring-boot-starter-logging/3.4.2/spring-boot-starter-logging-3.4.2.pom
2025-02-19 08:42:05,118 [Worker-17: Update Maven projects configuration] INFO  o.e.m.c.i.e.AbstractTransferListenerAdapter - Downloading https://repo.maven.apache.org/maven2/org/apache/maven/plugins/maven-jar-plugin/3.4.2/maven-jar-plugin-3.4.2.jar
2025-02-19 08:42:05,135 [Worker-21: reload maven project] INFO  o.e.m.c.i.e.AbstractTransferListenerAdapter - Downloading https://repo.maven.apache.org/maven2/ch/qos/logback/logback-classic/1.5.16/logback-classic-1.5.16.pom
2025-02-19 08:42:05,167 [Worker-21: reload maven project] INFO  o.e.m.c.i.e.AbstractTransferListenerAdapter - Downloaded https://repo.maven.apache.org/maven2/ch/qos/logback/logback-classic/1.5.16/logback-classic-1.5.16.pom
2025-02-19 08:42:05,244 [Worker-21: reload maven project] INFO  o.e.m.c.i.e.AbstractTransferListenerAdapter - Downloading https://repo.maven.apache.org/maven2/ch/qos/logback/logback-parent/1.5.16/logback-parent-1.5.16.pom
2025-02-19 08:42:05,274 [Worker-21: reload maven project] INFO  o.e.m.c.i.e.AbstractTransferListenerAdapter - Downloaded https://repo.maven.apache.org/maven2/ch/qos/logback/logback-parent/1.5.16/logback-parent-1.5.16.pom
2025-02-19 08:42:05,321 [Worker-17: Update Maven projects configuration] INFO  o.e.m.c.i.e.AbstractTransferListenerAdapter - Downloaded https://repo.maven.apache.org/maven2/org/apache/maven/plugins/maven-jar-plugin/3.4.2/maven-jar-plugin-3.4.2.jar
2025-02-19 08:42:05,353 [Worker-21: reload maven project] INFO  o.e.m.c.i.e.AbstractTransferListenerAdapter - Downloading https://repo.maven.apache.org/maven2/ch/qos/logback/logback-core/1.5.16/logback-core-1.5.16.pom
2025-02-19 08:42:05,369 [Worker-21: reload maven project] INFO  o.e.m.c.i.e.AbstractTransferListenerAdapter - Downloaded https://repo.maven.apache.org/maven2/ch/qos/logback/logback-core/1.5.16/logback-core-1.5.16.pom
2025-02-19 08:42:05,435 [Worker-21: reload maven project] INFO  o.e.m.c.i.e.AbstractTransferListenerAdapter - Downloading https://repo.maven.apache.org/maven2/org/slf4j/slf4j-api/2.0.16/slf4j-api-2.0.16.pom
2025-02-19 08:42:05,458 [Worker-21: reload maven project] INFO  o.e.m.c.i.e.AbstractTransferListenerAdapter - Downloaded https://repo.maven.apache.org/maven2/org/slf4j/slf4j-api/2.0.16/slf4j-api-2.0.16.pom
2025-02-19 08:42:05,465 [Worker-17: Update Maven projects configuration] INFO  o.e.m.c.i.e.AbstractTransferListenerAdapter - Downloading https://repo.maven.apache.org/maven2/org/apache/maven/plugins/maven-install-plugin/3.1.3/maven-install-plugin-3.1.3.jar
2025-02-19 08:42:05,520 [Worker-21: reload maven project] INFO  o.e.m.c.i.e.AbstractTransferListenerAdapter - Downloading https://repo.maven.apache.org/maven2/org/slf4j/slf4j-parent/2.0.16/slf4j-parent-2.0.16.pom
2025-02-19 08:42:05,549 [Worker-21: reload maven project] INFO  o.e.m.c.i.e.AbstractTransferListenerAdapter - Downloaded https://repo.maven.apache.org/maven2/org/slf4j/slf4j-parent/2.0.16/slf4j-parent-2.0.16.pom
2025-02-19 08:42:05,622 [Worker-17: Update Maven projects configuration] INFO  o.e.m.c.i.e.AbstractTransferListenerAdapter - Downloaded https://repo.maven.apache.org/maven2/org/apache/maven/plugins/maven-install-plugin/3.1.3/maven-install-plugin-3.1.3.jar
2025-02-19 08:42:05,622 [Worker-21: reload maven project] INFO  o.e.m.c.i.e.AbstractTransferListenerAdapter - Downloading https://repo.maven.apache.org/maven2/org/slf4j/slf4j-bom/2.0.16/slf4j-bom-2.0.16.pom
2025-02-19 08:42:05,642 [Worker-21: reload maven project] INFO  o.e.m.c.i.e.AbstractTransferListenerAdapter - Downloaded https://repo.maven.apache.org/maven2/org/slf4j/slf4j-bom/2.0.16/slf4j-bom-2.0.16.pom
2025-02-19 08:42:05,708 [Worker-21: reload maven project] INFO  o.e.m.c.i.e.AbstractTransferListenerAdapter - Downloading https://repo.maven.apache.org/maven2/org/apache/logging/log4j/log4j-to-slf4j/2.24.3/log4j-to-slf4j-2.24.3.pom
2025-02-19 08:42:05,725 [Worker-21: reload maven project] INFO  o.e.m.c.i.e.AbstractTransferListenerAdapter - Downloaded https://repo.maven.apache.org/maven2/org/apache/logging/log4j/log4j-to-slf4j/2.24.3/log4j-to-slf4j-2.24.3.pom
2025-02-19 08:42:05,756 [Worker-17: Update Maven projects configuration] INFO  o.e.m.c.i.e.AbstractTransferListenerAdapter - Downloading https://repo.maven.apache.org/maven2/org/apache/maven/plugins/maven-deploy-plugin/3.1.3/maven-deploy-plugin-3.1.3.jar
2025-02-19 08:42:05,841 [Worker-21: reload maven project] INFO  o.e.m.c.i.e.AbstractTransferListenerAdapter - Downloading https://repo.maven.apache.org/maven2/org/apache/logging/log4j/log4j/2.24.3/log4j-2.24.3.pom
2025-02-19 08:42:05,874 [Worker-21: reload maven project] INFO  o.e.m.c.i.e.AbstractTransferListenerAdapter - Downloaded https://repo.maven.apache.org/maven2/org/apache/logging/log4j/log4j/2.24.3/log4j-2.24.3.pom
2025-02-19 08:42:05,941 [Worker-17: Update Maven projects configuration] INFO  o.e.m.c.i.e.AbstractTransferListenerAdapter - Downloaded https://repo.maven.apache.org/maven2/org/apache/maven/plugins/maven-deploy-plugin/3.1.3/maven-deploy-plugin-3.1.3.jar
2025-02-19 08:42:05,953 [Worker-21: reload maven project] INFO  o.e.m.c.i.e.AbstractTransferListenerAdapter - Downloading https://repo.maven.apache.org/maven2/org/apache/groovy/groovy-bom/4.0.22/groovy-bom-4.0.22.pom
2025-02-19 08:42:06,006 [Worker-21: reload maven project] INFO  o.e.m.c.i.e.AbstractTransferListenerAdapter - Downloaded https://repo.maven.apache.org/maven2/org/apache/groovy/groovy-bom/4.0.22/groovy-bom-4.0.22.pom
2025-02-19 08:42:06,083 [Worker-21: reload maven project] INFO  o.e.m.c.i.e.AbstractTransferListenerAdapter - Downloading https://repo.maven.apache.org/maven2/com/fasterxml/jackson/jackson-bom/2.17.2/jackson-bom-2.17.2.pom
2025-02-19 08:42:06,121 [Worker-21: reload maven project] INFO  o.e.m.c.i.e.AbstractTransferListenerAdapter - Downloaded https://repo.maven.apache.org/maven2/com/fasterxml/jackson/jackson-bom/2.17.2/jackson-bom-2.17.2.pom
2025-02-19 08:42:06,193 [Worker-21: reload maven project] INFO  o.e.m.c.i.e.AbstractTransferListenerAdapter - Downloading https://repo.maven.apache.org/maven2/com/fasterxml/jackson/jackson-parent/2.17/jackson-parent-2.17.pom
2025-02-19 08:42:06,213 [Worker-21: reload maven project] INFO  o.e.m.c.i.e.AbstractTransferListenerAdapter - Downloaded https://repo.maven.apache.org/maven2/com/fasterxml/jackson/jackson-parent/2.17/jackson-parent-2.17.pom
2025-02-19 08:42:06,277 [Worker-21: reload maven project] INFO  o.e.m.c.i.e.AbstractTransferListenerAdapter - Downloading https://repo.maven.apache.org/maven2/com/fasterxml/oss-parent/58/oss-parent-58.pom
2025-02-19 08:42:06,318 [Worker-21: reload maven project] INFO  o.e.m.c.i.e.AbstractTransferListenerAdapter - Downloaded https://repo.maven.apache.org/maven2/com/fasterxml/oss-parent/58/oss-parent-58.pom
2025-02-19 08:42:06,388 [Worker-21: reload maven project] INFO  o.e.m.c.i.e.AbstractTransferListenerAdapter - Downloading https://repo.maven.apache.org/maven2/jakarta/platform/jakarta.jakartaee-bom/9.1.0/jakarta.jakartaee-bom-9.1.0.pom
2025-02-19 08:42:06,419 [Worker-21: reload maven project] INFO  o.e.m.c.i.e.AbstractTransferListenerAdapter - Downloaded https://repo.maven.apache.org/maven2/jakarta/platform/jakarta.jakartaee-bom/9.1.0/jakarta.jakartaee-bom-9.1.0.pom
2025-02-19 08:42:06,497 [Worker-21: reload maven project] INFO  o.e.m.c.i.e.AbstractTransferListenerAdapter - Downloading https://repo.maven.apache.org/maven2/jakarta/platform/jakartaee-api-parent/9.1.0/jakartaee-api-parent-9.1.0.pom
2025-02-19 08:42:06,530 [Worker-21: reload maven project] INFO  o.e.m.c.i.e.AbstractTransferListenerAdapter - Downloaded https://repo.maven.apache.org/maven2/jakarta/platform/jakartaee-api-parent/9.1.0/jakartaee-api-parent-9.1.0.pom
2025-02-19 08:42:06,599 [Worker-21: reload maven project] INFO  o.e.m.c.i.e.AbstractTransferListenerAdapter - Downloading https://repo.maven.apache.org/maven2/org/eclipse/ee4j/project/1.0.7/project-1.0.7.pom
2025-02-19 08:42:06,635 [Worker-21: reload maven project] INFO  o.e.m.c.i.e.AbstractTransferListenerAdapter - Downloaded https://repo.maven.apache.org/maven2/org/eclipse/ee4j/project/1.0.7/project-1.0.7.pom
2025-02-19 08:42:06,709 [Worker-21: reload maven project] INFO  o.e.m.c.i.e.AbstractTransferListenerAdapter - Downloading https://repo.maven.apache.org/maven2/org/junit/junit-bom/5.10.3/junit-bom-5.10.3.pom
2025-02-19 08:42:06,725 [Worker-21: reload maven project] INFO  o.e.m.c.i.e.AbstractTransferListenerAdapter - Downloaded https://repo.maven.apache.org/maven2/org/junit/junit-bom/5.10.3/junit-bom-5.10.3.pom
2025-02-19 08:42:06,788 [Worker-21: reload maven project] INFO  o.e.m.c.i.e.AbstractTransferListenerAdapter - Downloading https://repo.maven.apache.org/maven2/org/mockito/mockito-bom/4.11.0/mockito-bom-4.11.0.pom
2025-02-19 08:42:06,804 [Worker-21: reload maven project] INFO  o.e.m.c.i.e.AbstractTransferListenerAdapter - Downloaded https://repo.maven.apache.org/maven2/org/mockito/mockito-bom/4.11.0/mockito-bom-4.11.0.pom
2025-02-19 08:42:06,876 [Worker-21: reload maven project] INFO  o.e.m.c.i.e.AbstractTransferListenerAdapter - Downloading https://repo.maven.apache.org/maven2/org/springframework/spring-framework-bom/5.3.39/spring-framework-bom-5.3.39.pom
2025-02-19 08:42:06,894 [Worker-21: reload maven project] INFO  o.e.m.c.i.e.AbstractTransferListenerAdapter - Downloaded https://repo.maven.apache.org/maven2/org/springframework/spring-framework-bom/5.3.39/spring-framework-bom-5.3.39.pom
2025-02-19 08:42:06,958 [Worker-21: reload maven project] INFO  o.e.m.c.i.e.AbstractTransferListenerAdapter - Downloading https://repo.maven.apache.org/maven2/org/apache/logging/log4j/log4j-api/2.24.3/log4j-api-2.24.3.pom
2025-02-19 08:42:06,981 [Worker-21: reload maven project] INFO  o.e.m.c.i.e.AbstractTransferListenerAdapter - Downloaded https://repo.maven.apache.org/maven2/org/apache/logging/log4j/log4j-api/2.24.3/log4j-api-2.24.3.pom
2025-02-19 08:42:07,012 [Worker-17: Update Maven projects configuration] INFO  o.e.m.c.i.l.LifecycleMappingFactory - Using org.eclipse.m2e.jdt.JarLifecycleMapping lifecycle mapping for MavenProject: com.example:demo:0.0.1-SNAPSHOT @ E:\PJ\Eclipse\demo\pom.xml.
2025-02-19 08:42:07,046 [Worker-21: reload maven project] INFO  o.e.m.c.i.e.AbstractTransferListenerAdapter - Downloading https://repo.maven.apache.org/maven2/org/slf4j/jul-to-slf4j/2.0.16/jul-to-slf4j-2.0.16.pom
2025-02-19 08:42:07,063 [Worker-21: reload maven project] INFO  o.e.m.c.i.e.AbstractTransferListenerAdapter - Downloaded https://repo.maven.apache.org/maven2/org/slf4j/jul-to-slf4j/2.0.16/jul-to-slf4j-2.0.16.pom
2025-02-19 08:42:07,128 [Worker-21: reload maven project] INFO  o.e.m.c.i.e.AbstractTransferListenerAdapter - Downloading https://repo.maven.apache.org/maven2/jakarta/annotation/jakarta.annotation-api/2.1.1/jakarta.annotation-api-2.1.1.pom
2025-02-19 08:42:07,166 [Worker-21: reload maven project] INFO  o.e.m.c.i.e.AbstractTransferListenerAdapter - Downloaded https://repo.maven.apache.org/maven2/jakarta/annotation/jakarta.annotation-api/2.1.1/jakarta.annotation-api-2.1.1.pom
2025-02-19 08:42:07,240 [Worker-21: reload maven project] INFO  o.e.m.c.i.e.AbstractTransferListenerAdapter - Downloading https://repo.maven.apache.org/maven2/org/yaml/snakeyaml/2.3/snakeyaml-2.3.pom
2025-02-19 08:42:07,285 [Worker-21: reload maven project] INFO  o.e.m.c.i.e.AbstractTransferListenerAdapter - Downloaded https://repo.maven.apache.org/maven2/org/yaml/snakeyaml/2.3/snakeyaml-2.3.pom
2025-02-19 08:42:07,351 [Worker-17: Update Maven projects configuration] INFO  o.e.m.c.i.e.AbstractTransferListenerAdapter - Downloading https://repo.maven.apache.org/maven2/org/springframework/boot/spring-boot-starter-json/3.4.2/spring-boot-starter-json-3.4.2.pom
2025-02-19 08:42:07,370 [Worker-17: Update Maven projects configuration] INFO  o.e.m.c.i.e.AbstractTransferListenerAdapter - Downloaded https://repo.maven.apache.org/maven2/org/springframework/boot/spring-boot-starter-json/3.4.2/spring-boot-starter-json-3.4.2.pom
2025-02-19 08:42:07,438 [Worker-17: Update Maven projects configuration] INFO  o.e.m.c.i.e.AbstractTransferListenerAdapter - Downloading https://repo.maven.apache.org/maven2/org/springframework/spring-web/6.2.2/spring-web-6.2.2.pom
2025-02-19 08:42:07,458 [Worker-17: Update Maven projects configuration] INFO  o.e.m.c.i.e.AbstractTransferListenerAdapter - Downloaded https://repo.maven.apache.org/maven2/org/springframework/spring-web/6.2.2/spring-web-6.2.2.pom
2025-02-19 08:42:07,517 [Worker-17: Update Maven projects configuration] INFO  o.e.m.c.i.e.AbstractTransferListenerAdapter - Downloading https://repo.maven.apache.org/maven2/com/fasterxml/jackson/core/jackson-databind/2.18.2/jackson-databind-2.18.2.pom
2025-02-19 08:42:07,551 [Worker-17: Update Maven projects configuration] INFO  o.e.m.c.i.e.AbstractTransferListenerAdapter - Downloaded https://repo.maven.apache.org/maven2/com/fasterxml/jackson/core/jackson-databind/2.18.2/jackson-databind-2.18.2.pom
2025-02-19 08:42:07,623 [Worker-21: reload maven project] INFO  o.e.m.c.i.e.AbstractTransferListenerAdapter - Downloading https://repo.maven.apache.org/maven2/com/fasterxml/jackson/jackson-base/2.18.2/jackson-base-2.18.2.pom
2025-02-19 08:42:07,653 [Worker-21: reload maven project] INFO  o.e.m.c.i.e.AbstractTransferListenerAdapter - Downloaded https://repo.maven.apache.org/maven2/com/fasterxml/jackson/jackson-base/2.18.2/jackson-base-2.18.2.pom
2025-02-19 08:42:07,721 [Worker-17: Update Maven projects configuration] INFO  o.e.m.c.i.e.AbstractTransferListenerAdapter - Downloading https://repo.maven.apache.org/maven2/com/fasterxml/jackson/core/jackson-annotations/2.18.2/jackson-annotations-2.18.2.pom
2025-02-19 08:42:07,741 [Worker-17: Update Maven projects configuration] INFO  o.e.m.c.i.e.AbstractTransferListenerAdapter - Downloaded https://repo.maven.apache.org/maven2/com/fasterxml/jackson/core/jackson-annotations/2.18.2/jackson-annotations-2.18.2.pom
2025-02-19 08:42:07,800 [Worker-17: Update Maven projects configuration] INFO  o.e.m.c.i.e.AbstractTransferListenerAdapter - Downloading https://repo.maven.apache.org/maven2/com/fasterxml/jackson/core/jackson-core/2.18.2/jackson-core-2.18.2.pom
2025-02-19 08:42:07,829 [Worker-17: Update Maven projects configuration] INFO  o.e.m.c.i.e.AbstractTransferListenerAdapter - Downloaded https://repo.maven.apache.org/maven2/com/fasterxml/jackson/core/jackson-core/2.18.2/jackson-core-2.18.2.pom
2025-02-19 08:42:07,895 [Worker-17: Update Maven projects configuration] INFO  o.e.m.c.i.e.AbstractTransferListenerAdapter - Downloading https://repo.maven.apache.org/maven2/com/fasterxml/jackson/datatype/jackson-datatype-jdk8/2.18.2/jackson-datatype-jdk8-2.18.2.pom
2025-02-19 08:42:07,912 [Worker-17: Update Maven projects configuration] INFO  o.e.m.c.i.e.AbstractTransferListenerAdapter - Downloaded https://repo.maven.apache.org/maven2/com/fasterxml/jackson/datatype/jackson-datatype-jdk8/2.18.2/jackson-datatype-jdk8-2.18.2.pom
2025-02-19 08:42:07,978 [Worker-17: Update Maven projects configuration] INFO  o.e.m.c.i.e.AbstractTransferListenerAdapter - Downloading https://repo.maven.apache.org/maven2/com/fasterxml/jackson/module/jackson-modules-java8/2.18.2/jackson-modules-java8-2.18.2.pom
2025-02-19 08:42:07,997 [Worker-17: Update Maven projects configuration] INFO  o.e.m.c.i.e.AbstractTransferListenerAdapter - Downloaded https://repo.maven.apache.org/maven2/com/fasterxml/jackson/module/jackson-modules-java8/2.18.2/jackson-modules-java8-2.18.2.pom
2025-02-19 08:42:08,064 [Worker-17: Update Maven projects configuration] INFO  o.e.m.c.i.e.AbstractTransferListenerAdapter - Downloading https://repo.maven.apache.org/maven2/com/fasterxml/jackson/datatype/jackson-datatype-jsr310/2.18.2/jackson-datatype-jsr310-2.18.2.pom
2025-02-19 08:42:08,082 [Worker-17: Update Maven projects configuration] INFO  o.e.m.c.i.e.AbstractTransferListenerAdapter - Downloaded https://repo.maven.apache.org/maven2/com/fasterxml/jackson/datatype/jackson-datatype-jsr310/2.18.2/jackson-datatype-jsr310-2.18.2.pom
2025-02-19 08:42:08,142 [Worker-17: Update Maven projects configuration] INFO  o.e.m.c.i.e.AbstractTransferListenerAdapter - Downloading https://repo.maven.apache.org/maven2/com/fasterxml/jackson/module/jackson-module-parameter-names/2.18.2/jackson-module-parameter-names-2.18.2.pom
2025-02-19 08:42:08,163 [Worker-17: Update Maven projects configuration] INFO  o.e.m.c.i.e.AbstractTransferListenerAdapter - Downloaded https://repo.maven.apache.org/maven2/com/fasterxml/jackson/module/jackson-module-parameter-names/2.18.2/jackson-module-parameter-names-2.18.2.pom
2025-02-19 08:42:08,225 [Worker-17: Update Maven projects configuration] INFO  o.e.m.c.i.e.AbstractTransferListenerAdapter - Downloading https://repo.maven.apache.org/maven2/org/springframework/boot/spring-boot-starter-tomcat/3.4.2/spring-boot-starter-tomcat-3.4.2.pom
2025-02-19 08:42:08,246 [Worker-17: Update Maven projects configuration] INFO  o.e.m.c.i.e.AbstractTransferListenerAdapter - Downloaded https://repo.maven.apache.org/maven2/org/springframework/boot/spring-boot-starter-tomcat/3.4.2/spring-boot-starter-tomcat-3.4.2.pom
2025-02-19 08:42:08,311 [Worker-17: Update Maven projects configuration] INFO  o.e.m.c.i.e.AbstractTransferListenerAdapter - Downloading https://repo.maven.apache.org/maven2/org/apache/tomcat/embed/tomcat-embed-core/10.1.34/tomcat-embed-core-10.1.34.pom
2025-02-19 08:42:08,328 [Worker-17: Update Maven projects configuration] INFO  o.e.m.c.i.e.AbstractTransferListenerAdapter - Downloaded https://repo.maven.apache.org/maven2/org/apache/tomcat/embed/tomcat-embed-core/10.1.34/tomcat-embed-core-10.1.34.pom
2025-02-19 08:42:08,403 [Worker-17: Update Maven projects configuration] INFO  o.e.m.c.i.e.AbstractTransferListenerAdapter - Downloading https://repo.maven.apache.org/maven2/org/apache/tomcat/embed/tomcat-embed-el/10.1.34/tomcat-embed-el-10.1.34.pom
2025-02-19 08:42:08,422 [Worker-17: Update Maven projects configuration] INFO  o.e.m.c.i.e.AbstractTransferListenerAdapter - Downloaded https://repo.maven.apache.org/maven2/org/apache/tomcat/embed/tomcat-embed-el/10.1.34/tomcat-embed-el-10.1.34.pom
2025-02-19 08:42:08,500 [Worker-17: Update Maven projects configuration] INFO  o.e.m.c.i.e.AbstractTransferListenerAdapter - Downloading https://repo.maven.apache.org/maven2/org/apache/tomcat/embed/tomcat-embed-websocket/10.1.34/tomcat-embed-websocket-10.1.34.pom
2025-02-19 08:42:08,551 [Worker-17: Update Maven projects configuration] INFO  o.e.m.c.i.e.AbstractTransferListenerAdapter - Downloaded https://repo.maven.apache.org/maven2/org/apache/tomcat/embed/tomcat-embed-websocket/10.1.34/tomcat-embed-websocket-10.1.34.pom
2025-02-19 08:42:08,668 [Worker-17: Update Maven projects configuration] INFO  o.e.m.c.i.e.AbstractTransferListenerAdapter - Downloading https://repo.maven.apache.org/maven2/org/springframework/spring-webmvc/6.2.2/spring-webmvc-6.2.2.pom
2025-02-19 08:42:08,689 [Worker-17: Update Maven projects configuration] INFO  o.e.m.c.i.e.AbstractTransferListenerAdapter - Downloaded https://repo.maven.apache.org/maven2/org/springframework/spring-webmvc/6.2.2/spring-webmvc-6.2.2.pom
2025-02-19 08:42:08,794 [Worker-17: Update Maven projects configuration] INFO  o.e.m.c.i.e.AbstractTransferListenerAdapter - Downloading https://repo.maven.apache.org/maven2/org/springframework/boot/spring-boot-starter-test/3.4.2/spring-boot-starter-test-3.4.2.pom
2025-02-19 08:42:08,803 [Worker-17: Update Maven projects configuration] INFO  o.e.m.c.i.e.AbstractTransferListenerAdapter - Downloaded https://repo.maven.apache.org/maven2/org/springframework/boot/spring-boot-starter-test/3.4.2/spring-boot-starter-test-3.4.2.pom
2025-02-19 08:42:08,863 [Worker-17: Update Maven projects configuration] INFO  o.e.m.c.i.e.AbstractTransferListenerAdapter - Downloading https://repo.maven.apache.org/maven2/org/springframework/boot/spring-boot-test/3.4.2/spring-boot-test-3.4.2.pom
2025-02-19 08:42:08,882 [Worker-17: Update Maven projects configuration] INFO  o.e.m.c.i.e.AbstractTransferListenerAdapter - Downloaded https://repo.maven.apache.org/maven2/org/springframework/boot/spring-boot-test/3.4.2/spring-boot-test-3.4.2.pom
2025-02-19 08:42:08,943 [Worker-17: Update Maven projects configuration] INFO  o.e.m.c.i.e.AbstractTransferListenerAdapter - Downloading https://repo.maven.apache.org/maven2/org/springframework/spring-test/6.2.2/spring-test-6.2.2.pom
2025-02-19 08:42:08,961 [Worker-17: Update Maven projects configuration] INFO  o.e.m.c.i.e.AbstractTransferListenerAdapter - Downloaded https://repo.maven.apache.org/maven2/org/springframework/spring-test/6.2.2/spring-test-6.2.2.pom
2025-02-19 08:42:09,023 [Worker-17: Update Maven projects configuration] INFO  o.e.m.c.i.e.AbstractTransferListenerAdapter - Downloading https://repo.maven.apache.org/maven2/org/springframework/boot/spring-boot-test-autoconfigure/3.4.2/spring-boot-test-autoconfigure-3.4.2.pom
2025-02-19 08:42:09,042 [Worker-17: Update Maven projects configuration] INFO  o.e.m.c.i.e.AbstractTransferListenerAdapter - Downloaded https://repo.maven.apache.org/maven2/org/springframework/boot/spring-boot-test-autoconfigure/3.4.2/spring-boot-test-autoconfigure-3.4.2.pom
2025-02-19 08:42:09,100 [Worker-17: Update Maven projects configuration] INFO  o.e.m.c.i.e.AbstractTransferListenerAdapter - Downloading https://repo.maven.apache.org/maven2/com/jayway/jsonpath/json-path/2.9.0/json-path-2.9.0.pom
2025-02-19 08:42:09,118 [Worker-17: Update Maven projects configuration] INFO  o.e.m.c.i.e.AbstractTransferListenerAdapter - Downloaded https://repo.maven.apache.org/maven2/com/jayway/jsonpath/json-path/2.9.0/json-path-2.9.0.pom
2025-02-19 08:42:09,178 [Worker-17: Update Maven projects configuration] INFO  o.e.m.c.i.e.AbstractTransferListenerAdapter - Downloading https://repo.maven.apache.org/maven2/net/minidev/json-smart/2.5.1/json-smart-2.5.1.pom
2025-02-19 08:42:09,209 [Worker-17: Update Maven projects configuration] INFO  o.e.m.c.i.e.AbstractTransferListenerAdapter - Downloaded https://repo.maven.apache.org/maven2/net/minidev/json-smart/2.5.1/json-smart-2.5.1.pom
2025-02-19 08:42:09,279 [Worker-21: reload maven project] INFO  o.e.m.c.i.e.AbstractTransferListenerAdapter - Downloading https://repo.maven.apache.org/maven2/net/minidev/accessors-smart/2.5.1/accessors-smart-2.5.1.pom
2025-02-19 08:42:09,317 [Worker-21: reload maven project] INFO  o.e.m.c.i.e.AbstractTransferListenerAdapter - Downloaded https://repo.maven.apache.org/maven2/net/minidev/accessors-smart/2.5.1/accessors-smart-2.5.1.pom
2025-02-19 08:42:09,384 [Worker-17: Update Maven projects configuration] INFO  o.e.m.c.i.e.AbstractTransferListenerAdapter - Downloading https://repo.maven.apache.org/maven2/jakarta/xml/bind/jakarta.xml.bind-api/4.0.2/jakarta.xml.bind-api-4.0.2.pom
2025-02-19 08:42:09,412 [Worker-17: Update Maven projects configuration] INFO  o.e.m.c.i.e.AbstractTransferListenerAdapter - Downloaded https://repo.maven.apache.org/maven2/jakarta/xml/bind/jakarta.xml.bind-api/4.0.2/jakarta.xml.bind-api-4.0.2.pom
2025-02-19 08:42:09,485 [Worker-21: reload maven project] INFO  o.e.m.c.i.e.AbstractTransferListenerAdapter - Downloading https://repo.maven.apache.org/maven2/jakarta/xml/bind/jakarta.xml.bind-api-parent/4.0.2/jakarta.xml.bind-api-parent-4.0.2.pom
2025-02-19 08:42:09,512 [Worker-21: reload maven project] INFO  o.e.m.c.i.e.AbstractTransferListenerAdapter - Downloaded https://repo.maven.apache.org/maven2/jakarta/xml/bind/jakarta.xml.bind-api-parent/4.0.2/jakarta.xml.bind-api-parent-4.0.2.pom
2025-02-19 08:42:09,587 [Worker-21: reload maven project] INFO  o.e.m.c.i.e.AbstractTransferListenerAdapter - Downloading https://repo.maven.apache.org/maven2/jakarta/activation/jakarta.activation-api/2.1.3/jakarta.activation-api-2.1.3.pom
2025-02-19 08:42:09,622 [Worker-21: reload maven project] INFO  o.e.m.c.i.e.AbstractTransferListenerAdapter - Downloaded https://repo.maven.apache.org/maven2/jakarta/activation/jakarta.activation-api/2.1.3/jakarta.activation-api-2.1.3.pom
2025-02-19 08:42:09,688 [Worker-17: Update Maven projects configuration] INFO  o.e.m.c.i.e.AbstractTransferListenerAdapter - Downloading https://repo.maven.apache.org/maven2/org/assertj/assertj-core/3.26.3/assertj-core-3.26.3.pom
2025-02-19 08:42:09,706 [Worker-17: Update Maven projects configuration] INFO  o.e.m.c.i.e.AbstractTransferListenerAdapter - Downloaded https://repo.maven.apache.org/maven2/org/assertj/assertj-core/3.26.3/assertj-core-3.26.3.pom
2025-02-19 08:42:09,770 [Worker-17: Update Maven projects configuration] INFO  o.e.m.c.i.e.AbstractTransferListenerAdapter - Downloading https://repo.maven.apache.org/maven2/net/bytebuddy/byte-buddy/1.15.11/byte-buddy-1.15.11.pom
2025-02-19 08:42:09,802 [Worker-17: Update Maven projects configuration] INFO  o.e.m.c.i.e.AbstractTransferListenerAdapter - Downloaded https://repo.maven.apache.org/maven2/net/bytebuddy/byte-buddy/1.15.11/byte-buddy-1.15.11.pom
2025-02-19 08:42:09,871 [Worker-21: reload maven project] INFO  o.e.m.c.i.e.AbstractTransferListenerAdapter - Downloading https://repo.maven.apache.org/maven2/net/bytebuddy/byte-buddy-parent/1.15.11/byte-buddy-parent-1.15.11.pom
2025-02-19 08:42:09,947 [Worker-21: reload maven project] INFO  o.e.m.c.i.e.AbstractTransferListenerAdapter - Downloaded https://repo.maven.apache.org/maven2/net/bytebuddy/byte-buddy-parent/1.15.11/byte-buddy-parent-1.15.11.pom
2025-02-19 08:42:10,016 [Worker-17: Update Maven projects configuration] INFO  o.e.m.c.i.e.AbstractTransferListenerAdapter - Downloading https://repo.maven.apache.org/maven2/org/awaitility/awaitility/4.2.2/awaitility-4.2.2.pom
2025-02-19 08:42:10,032 [Worker-17: Update Maven projects configuration] INFO  o.e.m.c.i.e.AbstractTransferListenerAdapter - Downloaded https://repo.maven.apache.org/maven2/org/awaitility/awaitility/4.2.2/awaitility-4.2.2.pom
2025-02-19 08:42:10,088 [Worker-17: Update Maven projects configuration] INFO  o.e.m.c.i.e.AbstractTransferListenerAdapter - Downloading https://repo.maven.apache.org/maven2/org/awaitility/awaitility-parent/4.2.2/awaitility-parent-4.2.2.pom
2025-02-19 08:42:10,115 [Worker-17: Update Maven projects configuration] INFO  o.e.m.c.i.e.AbstractTransferListenerAdapter - Downloaded https://repo.maven.apache.org/maven2/org/awaitility/awaitility-parent/4.2.2/awaitility-parent-4.2.2.pom
2025-02-19 08:42:10,181 [Worker-17: Update Maven projects configuration] INFO  o.e.m.c.i.e.AbstractTransferListenerAdapter - Downloading https://repo.maven.apache.org/maven2/org/hamcrest/hamcrest/2.2/hamcrest-2.2.pom
2025-02-19 08:42:10,197 [Worker-17: Update Maven projects configuration] INFO  o.e.m.c.i.e.AbstractTransferListenerAdapter - Downloaded https://repo.maven.apache.org/maven2/org/hamcrest/hamcrest/2.2/hamcrest-2.2.pom
2025-02-19 08:42:10,255 [Worker-17: Update Maven projects configuration] INFO  o.e.m.c.i.e.AbstractTransferListenerAdapter - Downloading https://repo.maven.apache.org/maven2/org/junit/jupiter/junit-jupiter/5.11.4/junit-jupiter-5.11.4.pom
2025-02-19 08:42:10,275 [Worker-17: Update Maven projects configuration] INFO  o.e.m.c.i.e.AbstractTransferListenerAdapter - Downloaded https://repo.maven.apache.org/maven2/org/junit/jupiter/junit-jupiter/5.11.4/junit-jupiter-5.11.4.pom
2025-02-19 08:42:10,336 [Worker-17: Update Maven projects configuration] INFO  o.e.m.c.i.e.AbstractTransferListenerAdapter - Downloading https://repo.maven.apache.org/maven2/org/junit/jupiter/junit-jupiter-api/5.11.4/junit-jupiter-api-5.11.4.pom
2025-02-19 08:42:10,355 [Worker-17: Update Maven projects configuration] INFO  o.e.m.c.i.e.AbstractTransferListenerAdapter - Downloaded https://repo.maven.apache.org/maven2/org/junit/jupiter/junit-jupiter-api/5.11.4/junit-jupiter-api-5.11.4.pom
2025-02-19 08:42:10,413 [Worker-17: Update Maven projects configuration] INFO  o.e.m.c.i.e.AbstractTransferListenerAdapter - Downloading https://repo.maven.apache.org/maven2/org/opentest4j/opentest4j/1.3.0/opentest4j-1.3.0.pom
2025-02-19 08:42:10,432 [Worker-17: Update Maven projects configuration] INFO  o.e.m.c.i.e.AbstractTransferListenerAdapter - Downloaded https://repo.maven.apache.org/maven2/org/opentest4j/opentest4j/1.3.0/opentest4j-1.3.0.pom
2025-02-19 08:42:10,491 [Worker-17: Update Maven projects configuration] INFO  o.e.m.c.i.e.AbstractTransferListenerAdapter - Downloading https://repo.maven.apache.org/maven2/org/junit/platform/junit-platform-commons/1.11.4/junit-platform-commons-1.11.4.pom
2025-02-19 08:42:10,510 [Worker-17: Update Maven projects configuration] INFO  o.e.m.c.i.e.AbstractTransferListenerAdapter - Downloaded https://repo.maven.apache.org/maven2/org/junit/platform/junit-platform-commons/1.11.4/junit-platform-commons-1.11.4.pom
2025-02-19 08:42:10,568 [Worker-17: Update Maven projects configuration] INFO  o.e.m.c.i.e.AbstractTransferListenerAdapter - Downloading https://repo.maven.apache.org/maven2/org/apiguardian/apiguardian-api/1.1.2/apiguardian-api-1.1.2.pom
2025-02-19 08:42:10,587 [Worker-17: Update Maven projects configuration] INFO  o.e.m.c.i.e.AbstractTransferListenerAdapter - Downloaded https://repo.maven.apache.org/maven2/org/apiguardian/apiguardian-api/1.1.2/apiguardian-api-1.1.2.pom
2025-02-19 08:42:10,656 [Worker-17: Update Maven projects configuration] INFO  o.e.m.c.i.e.AbstractTransferListenerAdapter - Downloading https://repo.maven.apache.org/maven2/org/junit/jupiter/junit-jupiter-params/5.11.4/junit-jupiter-params-5.11.4.pom
2025-02-19 08:42:10,679 [Worker-17: Update Maven projects configuration] INFO  o.e.m.c.i.e.AbstractTransferListenerAdapter - Downloaded https://repo.maven.apache.org/maven2/org/junit/jupiter/junit-jupiter-params/5.11.4/junit-jupiter-params-5.11.4.pom
2025-02-19 08:42:10,741 [Worker-17: Update Maven projects configuration] INFO  o.e.m.c.i.e.AbstractTransferListenerAdapter - Downloading https://repo.maven.apache.org/maven2/org/junit/jupiter/junit-jupiter-engine/5.11.4/junit-jupiter-engine-5.11.4.pom
2025-02-19 08:42:10,758 [Worker-17: Update Maven projects configuration] INFO  o.e.m.c.i.e.AbstractTransferListenerAdapter - Downloaded https://repo.maven.apache.org/maven2/org/junit/jupiter/junit-jupiter-engine/5.11.4/junit-jupiter-engine-5.11.4.pom
2025-02-19 08:42:10,819 [Worker-17: Update Maven projects configuration] INFO  o.e.m.c.i.e.AbstractTransferListenerAdapter - Downloading https://repo.maven.apache.org/maven2/org/junit/platform/junit-platform-engine/1.11.4/junit-platform-engine-1.11.4.pom
2025-02-19 08:42:10,836 [Worker-17: Update Maven projects configuration] INFO  o.e.m.c.i.e.AbstractTransferListenerAdapter - Downloaded https://repo.maven.apache.org/maven2/org/junit/platform/junit-platform-engine/1.11.4/junit-platform-engine-1.11.4.pom
2025-02-19 08:42:10,894 [Worker-17: Update Maven projects configuration] INFO  o.e.m.c.i.e.AbstractTransferListenerAdapter - Downloading https://repo.maven.apache.org/maven2/org/mockito/mockito-core/5.14.2/mockito-core-5.14.2.pom
2025-02-19 08:42:10,913 [Worker-17: Update Maven projects configuration] INFO  o.e.m.c.i.e.AbstractTransferListenerAdapter - Downloaded https://repo.maven.apache.org/maven2/org/mockito/mockito-core/5.14.2/mockito-core-5.14.2.pom
2025-02-19 08:42:10,976 [Worker-17: Update Maven projects configuration] INFO  o.e.m.c.i.e.AbstractTransferListenerAdapter - Downloading https://repo.maven.apache.org/maven2/net/bytebuddy/byte-buddy-agent/1.15.11/byte-buddy-agent-1.15.11.pom
2025-02-19 08:42:11,003 [Worker-17: Update Maven projects configuration] INFO  o.e.m.c.i.e.AbstractTransferListenerAdapter - Downloaded https://repo.maven.apache.org/maven2/net/bytebuddy/byte-buddy-agent/1.15.11/byte-buddy-agent-1.15.11.pom
2025-02-19 08:42:11,070 [Worker-17: Update Maven projects configuration] INFO  o.e.m.c.i.e.AbstractTransferListenerAdapter - Downloading https://repo.maven.apache.org/maven2/org/objenesis/objenesis/3.3/objenesis-3.3.pom
2025-02-19 08:42:11,088 [Worker-17: Update Maven projects configuration] INFO  o.e.m.c.i.e.AbstractTransferListenerAdapter - Downloaded https://repo.maven.apache.org/maven2/org/objenesis/objenesis/3.3/objenesis-3.3.pom
2025-02-19 08:42:11,145 [Worker-17: Update Maven projects configuration] INFO  o.e.m.c.i.e.AbstractTransferListenerAdapter - Downloading https://repo.maven.apache.org/maven2/org/objenesis/objenesis-parent/3.3/objenesis-parent-3.3.pom
2025-02-19 08:42:11,177 [Worker-17: Update Maven projects configuration] INFO  o.e.m.c.i.e.AbstractTransferListenerAdapter - Downloaded https://repo.maven.apache.org/maven2/org/objenesis/objenesis-parent/3.3/objenesis-parent-3.3.pom
2025-02-19 08:42:11,251 [Worker-21: reload maven project] INFO  o.e.m.c.i.e.AbstractTransferListenerAdapter - Downloading https://repo.maven.apache.org/maven2/org/mockito/mockito-junit-jupiter/5.14.2/mockito-junit-jupiter-5.14.2.pom
2025-02-19 08:42:11,270 [Worker-21: reload maven project] INFO  o.e.m.c.i.e.AbstractTransferListenerAdapter - Downloaded https://repo.maven.apache.org/maven2/org/mockito/mockito-junit-jupiter/5.14.2/mockito-junit-jupiter-5.14.2.pom
2025-02-19 08:42:11,340 [Worker-21: reload maven project] INFO  o.e.m.c.i.e.AbstractTransferListenerAdapter - Downloading https://repo.maven.apache.org/maven2/org/skyscreamer/jsonassert/1.5.3/jsonassert-1.5.3.pom
2025-02-19 08:42:11,359 [Worker-21: reload maven project] INFO  o.e.m.c.i.e.AbstractTransferListenerAdapter - Downloaded https://repo.maven.apache.org/maven2/org/skyscreamer/jsonassert/1.5.3/jsonassert-1.5.3.pom
2025-02-19 08:42:11,435 [Worker-21: reload maven project] INFO  o.e.m.c.i.e.AbstractTransferListenerAdapter - Downloading https://repo.maven.apache.org/maven2/com/vaadin/external/google/android-json/0.0.20131108.vaadin1/android-json-0.0.20131108.vaadin1.pom
2025-02-19 08:42:11,452 [Worker-21: reload maven project] INFO  o.e.m.c.i.e.AbstractTransferListenerAdapter - Downloaded https://repo.maven.apache.org/maven2/com/vaadin/external/google/android-json/0.0.20131108.vaadin1/android-json-0.0.20131108.vaadin1.pom
2025-02-19 08:42:11,522 [Worker-21: reload maven project] INFO  o.e.m.c.i.e.AbstractTransferListenerAdapter - Downloading https://repo.maven.apache.org/maven2/org/xmlunit/xmlunit-core/2.10.0/xmlunit-core-2.10.0.pom
2025-02-19 08:42:11,538 [Worker-21: reload maven project] INFO  o.e.m.c.i.e.AbstractTransferListenerAdapter - Downloaded https://repo.maven.apache.org/maven2/org/xmlunit/xmlunit-core/2.10.0/xmlunit-core-2.10.0.pom
2025-02-19 08:42:11,605 [Worker-21: reload maven project] INFO  o.e.m.c.i.e.AbstractTransferListenerAdapter - Downloading https://repo.maven.apache.org/maven2/org/xmlunit/xmlunit-parent/2.10.0/xmlunit-parent-2.10.0.pom
2025-02-19 08:42:11,645 [Worker-21: reload maven project] INFO  o.e.m.c.i.e.AbstractTransferListenerAdapter - Downloaded https://repo.maven.apache.org/maven2/org/xmlunit/xmlunit-parent/2.10.0/xmlunit-parent-2.10.0.pom
2025-02-19 08:42:11,731 [Worker-17: Update Maven projects configuration] INFO  o.e.m.c.i.e.AbstractTransferListenerAdapter - Downloading https://repo.maven.apache.org/maven2/org/springframework/boot/spring-boot-starter-web/3.4.2/spring-boot-starter-web-3.4.2.jar
2025-02-19 08:42:11,762 [Worker-17: Update Maven projects configuration] INFO  o.e.m.c.i.e.AbstractTransferListenerAdapter - Downloaded https://repo.maven.apache.org/maven2/org/springframework/boot/spring-boot-starter-web/3.4.2/spring-boot-starter-web-3.4.2.jar
2025-02-19 08:42:11,819 [BasicRepositoryConnector-repo.maven.apache.org-0-1] INFO  o.e.m.c.i.e.AbstractTransferListenerAdapter - Downloading https://repo.maven.apache.org/maven2/org/springframework/boot/spring-boot/3.4.2/spring-boot-3.4.2.jar
2025-02-19 08:42:12,100 [BasicRepositoryConnector-repo.maven.apache.org-0-3] INFO  o.e.m.c.i.e.AbstractTransferListenerAdapter - Downloading https://repo.maven.apache.org/maven2/org/springframework/boot/spring-boot-starter-logging/3.4.2/spring-boot-starter-logging-3.4.2.jar
2025-02-19 08:42:12,104 [BasicRepositoryConnector-repo.maven.apache.org-0-0] INFO  o.e.m.c.i.e.AbstractTransferListenerAdapter - Downloading https://repo.maven.apache.org/maven2/org/springframework/boot/spring-boot-starter/3.4.2/spring-boot-starter-3.4.2.jar
2025-02-19 08:42:12,131 [BasicRepositoryConnector-repo.maven.apache.org-0-3] INFO  o.e.m.c.i.e.AbstractTransferListenerAdapter - Downloaded https://repo.maven.apache.org/maven2/org/springframework/boot/spring-boot-starter-logging/3.4.2/spring-boot-starter-logging-3.4.2.jar
2025-02-19 08:42:12,136 [BasicRepositoryConnector-repo.maven.apache.org-0-4] INFO  o.e.m.c.i.e.AbstractTransferListenerAdapter - Downloading https://repo.maven.apache.org/maven2/ch/qos/logback/logback-classic/1.5.16/logback-classic-1.5.16.jar
2025-02-19 08:42:12,149 [BasicRepositoryConnector-repo.maven.apache.org-0-0] INFO  o.e.m.c.i.e.AbstractTransferListenerAdapter - Downloaded https://repo.maven.apache.org/maven2/org/springframework/boot/spring-boot-starter/3.4.2/spring-boot-starter-3.4.2.jar
2025-02-19 08:42:12,220 [BasicRepositoryConnector-repo.maven.apache.org-0-2] INFO  o.e.m.c.i.e.AbstractTransferListenerAdapter - Downloading https://repo.maven.apache.org/maven2/org/springframework/boot/spring-boot-autoconfigure/3.4.2/spring-boot-autoconfigure-3.4.2.jar
2025-02-19 08:42:12,391 [BasicRepositoryConnector-repo.maven.apache.org-0-3] INFO  o.e.m.c.i.e.AbstractTransferListenerAdapter - Downloading https://repo.maven.apache.org/maven2/ch/qos/logback/logback-core/1.5.16/logback-core-1.5.16.jar
2025-02-19 08:42:12,441 [BasicRepositoryConnector-repo.maven.apache.org-0-0] INFO  o.e.m.c.i.e.AbstractTransferListenerAdapter - Downloading https://repo.maven.apache.org/maven2/org/apache/logging/log4j/log4j-to-slf4j/2.24.3/log4j-to-slf4j-2.24.3.jar
2025-02-19 08:42:12,658 [BasicRepositoryConnector-repo.maven.apache.org-0-0] INFO  o.e.m.c.i.e.AbstractTransferListenerAdapter - Downloaded https://repo.maven.apache.org/maven2/org/apache/logging/log4j/log4j-to-slf4j/2.24.3/log4j-to-slf4j-2.24.3.jar
2025-02-19 08:42:13,001 [BasicRepositoryConnector-repo.maven.apache.org-0-0] INFO  o.e.m.c.i.e.AbstractTransferListenerAdapter - Downloading https://repo.maven.apache.org/maven2/org/apache/logging/log4j/log4j-api/2.24.3/log4j-api-2.24.3.jar
2025-02-19 08:42:14,032 [BasicRepositoryConnector-repo.maven.apache.org-0-4] INFO  o.e.m.c.i.e.AbstractTransferListenerAdapter - Downloaded https://repo.maven.apache.org/maven2/ch/qos/logback/logback-classic/1.5.16/logback-classic-1.5.16.jar
2025-02-19 08:42:14,145 [BasicRepositoryConnector-repo.maven.apache.org-0-1] INFO  o.e.m.c.i.e.AbstractTransferListenerAdapter - Downloaded https://repo.maven.apache.org/maven2/org/springframework/boot/spring-boot/3.4.2/spring-boot-3.4.2.jar
2025-02-19 08:42:14,335 [BasicRepositoryConnector-repo.maven.apache.org-0-4] INFO  o.e.m.c.i.e.AbstractTransferListenerAdapter - Downloading https://repo.maven.apache.org/maven2/org/slf4j/jul-to-slf4j/2.0.16/jul-to-slf4j-2.0.16.jar
2025-02-19 08:42:14,398 [BasicRepositoryConnector-repo.maven.apache.org-0-4] INFO  o.e.m.c.i.e.AbstractTransferListenerAdapter - Downloaded https://repo.maven.apache.org/maven2/org/slf4j/jul-to-slf4j/2.0.16/jul-to-slf4j-2.0.16.jar
2025-02-19 08:42:14,421 [BasicRepositoryConnector-repo.maven.apache.org-0-1] INFO  o.e.m.c.i.e.AbstractTransferListenerAdapter - Downloading https://repo.maven.apache.org/maven2/jakarta/annotation/jakarta.annotation-api/2.1.1/jakarta.annotation-api-2.1.1.jar
2025-02-19 08:42:14,639 [BasicRepositoryConnector-repo.maven.apache.org-0-1] INFO  o.e.m.c.i.e.AbstractTransferListenerAdapter - Downloaded https://repo.maven.apache.org/maven2/jakarta/annotation/jakarta.annotation-api/2.1.1/jakarta.annotation-api-2.1.1.jar
2025-02-19 08:42:14,666 [BasicRepositoryConnector-repo.maven.apache.org-0-4] INFO  o.e.m.c.i.e.AbstractTransferListenerAdapter - Downloading https://repo.maven.apache.org/maven2/org/yaml/snakeyaml/2.3/snakeyaml-2.3.jar
2025-02-19 08:42:14,962 [BasicRepositoryConnector-repo.maven.apache.org-0-0] INFO  o.e.m.c.i.e.AbstractTransferListenerAdapter - Downloaded https://repo.maven.apache.org/maven2/org/apache/logging/log4j/log4j-api/2.24.3/log4j-api-2.24.3.jar
2025-02-19 08:42:14,986 [BasicRepositoryConnector-repo.maven.apache.org-0-1] INFO  o.e.m.c.i.e.AbstractTransferListenerAdapter - Downloading https://repo.maven.apache.org/maven2/org/springframework/boot/spring-boot-starter-json/3.4.2/spring-boot-starter-json-3.4.2.jar
2025-02-19 08:42:15,023 [BasicRepositoryConnector-repo.maven.apache.org-0-1] INFO  o.e.m.c.i.e.AbstractTransferListenerAdapter - Downloaded https://repo.maven.apache.org/maven2/org/springframework/boot/spring-boot-starter-json/3.4.2/spring-boot-starter-json-3.4.2.jar
2025-02-19 08:42:15,318 [BasicRepositoryConnector-repo.maven.apache.org-0-0] INFO  o.e.m.c.i.e.AbstractTransferListenerAdapter - Downloading https://repo.maven.apache.org/maven2/com/fasterxml/jackson/core/jackson-databind/2.18.2/jackson-databind-2.18.2.jar
2025-02-19 08:42:15,356 [BasicRepositoryConnector-repo.maven.apache.org-0-1] INFO  o.e.m.c.i.e.AbstractTransferListenerAdapter - Downloading https://repo.maven.apache.org/maven2/com/fasterxml/jackson/core/jackson-annotations/2.18.2/jackson-annotations-2.18.2.jar
2025-02-19 08:42:15,468 [BasicRepositoryConnector-repo.maven.apache.org-0-1] INFO  o.e.m.c.i.e.AbstractTransferListenerAdapter - Downloaded https://repo.maven.apache.org/maven2/com/fasterxml/jackson/core/jackson-annotations/2.18.2/jackson-annotations-2.18.2.jar
2025-02-19 08:42:15,599 [BasicRepositoryConnector-repo.maven.apache.org-0-3] INFO  o.e.m.c.i.e.AbstractTransferListenerAdapter - Downloaded https://repo.maven.apache.org/maven2/ch/qos/logback/logback-core/1.5.16/logback-core-1.5.16.jar
2025-02-19 08:42:15,699 [BasicRepositoryConnector-repo.maven.apache.org-0-1] INFO  o.e.m.c.i.e.AbstractTransferListenerAdapter - Downloading https://repo.maven.apache.org/maven2/com/fasterxml/jackson/core/jackson-core/2.18.2/jackson-core-2.18.2.jar
2025-02-19 08:42:15,837 [BasicRepositoryConnector-repo.maven.apache.org-0-3] INFO  o.e.m.c.i.e.AbstractTransferListenerAdapter - Downloading https://repo.maven.apache.org/maven2/com/fasterxml/jackson/datatype/jackson-datatype-jdk8/2.18.2/jackson-datatype-jdk8-2.18.2.jar
2025-02-19 08:42:16,456 [BasicRepositoryConnector-repo.maven.apache.org-0-3] INFO  o.e.m.c.i.e.AbstractTransferListenerAdapter - Downloaded https://repo.maven.apache.org/maven2/com/fasterxml/jackson/datatype/jackson-datatype-jdk8/2.18.2/jackson-datatype-jdk8-2.18.2.jar
2025-02-19 08:42:16,511 [BasicRepositoryConnector-repo.maven.apache.org-0-4] INFO  o.e.m.c.i.e.AbstractTransferListenerAdapter - Downloaded https://repo.maven.apache.org/maven2/org/yaml/snakeyaml/2.3/snakeyaml-2.3.jar
2025-02-19 08:42:16,661 [BasicRepositoryConnector-repo.maven.apache.org-0-1] INFO  o.e.m.c.i.e.AbstractTransferListenerAdapter - Downloaded https://repo.maven.apache.org/maven2/com/fasterxml/jackson/core/jackson-core/2.18.2/jackson-core-2.18.2.jar
2025-02-19 08:42:16,781 [BasicRepositoryConnector-repo.maven.apache.org-0-3] INFO  o.e.m.c.i.e.AbstractTransferListenerAdapter - Downloading https://repo.maven.apache.org/maven2/com/fasterxml/jackson/datatype/jackson-datatype-jsr310/2.18.2/jackson-datatype-jsr310-2.18.2.jar
2025-02-19 08:42:16,820 [BasicRepositoryConnector-repo.maven.apache.org-0-4] INFO  o.e.m.c.i.e.AbstractTransferListenerAdapter - Downloading https://repo.maven.apache.org/maven2/com/fasterxml/jackson/module/jackson-module-parameter-names/2.18.2/jackson-module-parameter-names-2.18.2.jar
2025-02-19 08:42:16,973 [BasicRepositoryConnector-repo.maven.apache.org-0-1] INFO  o.e.m.c.i.e.AbstractTransferListenerAdapter - Downloading https://repo.maven.apache.org/maven2/org/springframework/boot/spring-boot-starter-tomcat/3.4.2/spring-boot-starter-tomcat-3.4.2.jar
2025-02-19 08:42:17,003 [BasicRepositoryConnector-repo.maven.apache.org-0-1] INFO  o.e.m.c.i.e.AbstractTransferListenerAdapter - Downloaded https://repo.maven.apache.org/maven2/org/springframework/boot/spring-boot-starter-tomcat/3.4.2/spring-boot-starter-tomcat-3.4.2.jar
2025-02-19 08:42:17,011 [BasicRepositoryConnector-repo.maven.apache.org-0-4] INFO  o.e.m.c.i.e.AbstractTransferListenerAdapter - Downloaded https://repo.maven.apache.org/maven2/com/fasterxml/jackson/module/jackson-module-parameter-names/2.18.2/jackson-module-parameter-names-2.18.2.jar
2025-02-19 08:42:17,313 [BasicRepositoryConnector-repo.maven.apache.org-0-1] INFO  o.e.m.c.i.e.AbstractTransferListenerAdapter - Downloading https://repo.maven.apache.org/maven2/org/apache/tomcat/embed/tomcat-embed-core/10.1.34/tomcat-embed-core-10.1.34.jar
2025-02-19 08:42:17,320 [BasicRepositoryConnector-repo.maven.apache.org-0-4] INFO  o.e.m.c.i.e.AbstractTransferListenerAdapter - Downloading https://repo.maven.apache.org/maven2/org/apache/tomcat/embed/tomcat-embed-el/10.1.34/tomcat-embed-el-10.1.34.jar
2025-02-19 08:42:17,435 [BasicRepositoryConnector-repo.maven.apache.org-0-3] INFO  o.e.m.c.i.e.AbstractTransferListenerAdapter - Downloaded https://repo.maven.apache.org/maven2/com/fasterxml/jackson/datatype/jackson-datatype-jsr310/2.18.2/jackson-datatype-jsr310-2.18.2.jar
2025-02-19 08:42:17,842 [BasicRepositoryConnector-repo.maven.apache.org-0-3] INFO  o.e.m.c.i.e.AbstractTransferListenerAdapter - Downloading https://repo.maven.apache.org/maven2/org/apache/tomcat/embed/tomcat-embed-websocket/10.1.34/tomcat-embed-websocket-10.1.34.jar
2025-02-19 08:42:19,069 [BasicRepositoryConnector-repo.maven.apache.org-0-4] INFO  o.e.m.c.i.e.AbstractTransferListenerAdapter - Downloaded https://repo.maven.apache.org/maven2/org/apache/tomcat/embed/tomcat-embed-el/10.1.34/tomcat-embed-el-10.1.34.jar
2025-02-19 08:42:19,509 [BasicRepositoryConnector-repo.maven.apache.org-0-4] INFO  o.e.m.c.i.e.AbstractTransferListenerAdapter - Downloading https://repo.maven.apache.org/maven2/org/springframework/spring-web/6.2.2/spring-web-6.2.2.jar
2025-02-19 08:42:19,512 [BasicRepositoryConnector-repo.maven.apache.org-0-3] INFO  o.e.m.c.i.e.AbstractTransferListenerAdapter - Downloaded https://repo.maven.apache.org/maven2/org/apache/tomcat/embed/tomcat-embed-websocket/10.1.34/tomcat-embed-websocket-10.1.34.jar
2025-02-19 08:42:19,923 [BasicRepositoryConnector-repo.maven.apache.org-0-3] INFO  o.e.m.c.i.e.AbstractTransferListenerAdapter - Downloading https://repo.maven.apache.org/maven2/org/springframework/spring-beans/6.2.2/spring-beans-6.2.2.jar
2025-02-19 08:42:22,604 [BasicRepositoryConnector-repo.maven.apache.org-0-2] INFO  o.e.m.c.i.e.AbstractTransferListenerAdapter - Downloaded https://repo.maven.apache.org/maven2/org/springframework/boot/spring-boot-autoconfigure/3.4.2/spring-boot-autoconfigure-3.4.2.jar
2025-02-19 08:42:23,008 [BasicRepositoryConnector-repo.maven.apache.org-0-0] INFO  o.e.m.c.i.e.AbstractTransferListenerAdapter - Downloaded https://repo.maven.apache.org/maven2/com/fasterxml/jackson/core/jackson-databind/2.18.2/jackson-databind-2.18.2.jar
2025-02-19 08:42:23,012 [BasicRepositoryConnector-repo.maven.apache.org-0-2] INFO  o.e.m.c.i.e.AbstractTransferListenerAdapter - Downloading https://repo.maven.apache.org/maven2/io/micrometer/micrometer-observation/1.14.3/micrometer-observation-1.14.3.jar
2025-02-19 08:42:23,279 [BasicRepositoryConnector-repo.maven.apache.org-0-2] INFO  o.e.m.c.i.e.AbstractTransferListenerAdapter - Downloaded https://repo.maven.apache.org/maven2/io/micrometer/micrometer-observation/1.14.3/micrometer-observation-1.14.3.jar
2025-02-19 08:42:23,322 [BasicRepositoryConnector-repo.maven.apache.org-0-0] INFO  o.e.m.c.i.e.AbstractTransferListenerAdapter - Downloading https://repo.maven.apache.org/maven2/io/micrometer/micrometer-commons/1.14.3/micrometer-commons-1.14.3.jar
2025-02-19 08:42:23,604 [BasicRepositoryConnector-repo.maven.apache.org-0-2] INFO  o.e.m.c.i.e.AbstractTransferListenerAdapter - Downloading https://repo.maven.apache.org/maven2/org/springframework/spring-webmvc/6.2.2/spring-webmvc-6.2.2.jar
2025-02-19 08:42:24,026 [BasicRepositoryConnector-repo.maven.apache.org-0-0] INFO  o.e.m.c.i.e.AbstractTransferListenerAdapter - Downloaded https://repo.maven.apache.org/maven2/io/micrometer/micrometer-commons/1.14.3/micrometer-commons-1.14.3.jar
2025-02-19 08:42:24,513 [BasicRepositoryConnector-repo.maven.apache.org-0-0] INFO  o.e.m.c.i.e.AbstractTransferListenerAdapter - Downloading https://repo.maven.apache.org/maven2/org/springframework/spring-aop/6.2.2/spring-aop-6.2.2.jar
2025-02-19 08:42:25,217 [BasicRepositoryConnector-repo.maven.apache.org-0-1] INFO  o.e.m.c.i.e.AbstractTransferListenerAdapter - Downloaded https://repo.maven.apache.org/maven2/org/apache/tomcat/embed/tomcat-embed-core/10.1.34/tomcat-embed-core-10.1.34.jar
2025-02-19 08:42:25,234 [BasicRepositoryConnector-repo.maven.apache.org-0-3] INFO  o.e.m.c.i.e.AbstractTransferListenerAdapter - Downloaded https://repo.maven.apache.org/maven2/org/springframework/spring-beans/6.2.2/spring-beans-6.2.2.jar
2025-02-19 08:42:25,614 [BasicRepositoryConnector-repo.maven.apache.org-0-1] INFO  o.e.m.c.i.e.AbstractTransferListenerAdapter - Downloading https://repo.maven.apache.org/maven2/org/springframework/spring-context/6.2.2/spring-context-6.2.2.jar
2025-02-19 08:42:25,643 [BasicRepositoryConnector-repo.maven.apache.org-0-3] INFO  o.e.m.c.i.e.AbstractTransferListenerAdapter - Downloading https://repo.maven.apache.org/maven2/org/springframework/spring-expression/6.2.2/spring-expression-6.2.2.jar
2025-02-19 08:42:26,384 [BasicRepositoryConnector-repo.maven.apache.org-0-0] INFO  o.e.m.c.i.e.AbstractTransferListenerAdapter - Downloaded https://repo.maven.apache.org/maven2/org/springframework/spring-aop/6.2.2/spring-aop-6.2.2.jar
2025-02-19 08:42:26,627 [BasicRepositoryConnector-repo.maven.apache.org-0-3] INFO  o.e.m.c.i.e.AbstractTransferListenerAdapter - Downloaded https://repo.maven.apache.org/maven2/org/springframework/spring-expression/6.2.2/spring-expression-6.2.2.jar
2025-02-19 08:42:26,789 [BasicRepositoryConnector-repo.maven.apache.org-0-0] INFO  o.e.m.c.i.e.AbstractTransferListenerAdapter - Downloading https://repo.maven.apache.org/maven2/org/springframework/boot/spring-boot-starter-test/3.4.2/spring-boot-starter-test-3.4.2.jar
2025-02-19 08:42:26,820 [BasicRepositoryConnector-repo.maven.apache.org-0-0] INFO  o.e.m.c.i.e.AbstractTransferListenerAdapter - Downloaded https://repo.maven.apache.org/maven2/org/springframework/boot/spring-boot-starter-test/3.4.2/spring-boot-starter-test-3.4.2.jar
2025-02-19 08:42:27,027 [BasicRepositoryConnector-repo.maven.apache.org-0-3] INFO  o.e.m.c.i.e.AbstractTransferListenerAdapter - Downloading https://repo.maven.apache.org/maven2/org/springframework/boot/spring-boot-test/3.4.2/spring-boot-test-3.4.2.jar
2025-02-19 08:42:27,323 [BasicRepositoryConnector-repo.maven.apache.org-0-0] INFO  o.e.m.c.i.e.AbstractTransferListenerAdapter - Downloading https://repo.maven.apache.org/maven2/org/springframework/boot/spring-boot-test-autoconfigure/3.4.2/spring-boot-test-autoconfigure-3.4.2.jar
2025-02-19 08:42:27,822 [BasicRepositoryConnector-repo.maven.apache.org-0-2] INFO  o.e.m.c.i.e.AbstractTransferListenerAdapter - Downloaded https://repo.maven.apache.org/maven2/org/springframework/spring-webmvc/6.2.2/spring-webmvc-6.2.2.jar
2025-02-19 08:42:27,946 [BasicRepositoryConnector-repo.maven.apache.org-0-3] INFO  o.e.m.c.i.e.AbstractTransferListenerAdapter - Downloaded https://repo.maven.apache.org/maven2/org/springframework/boot/spring-boot-test/3.4.2/spring-boot-test-3.4.2.jar
2025-02-19 08:42:28,282 [BasicRepositoryConnector-repo.maven.apache.org-0-2] INFO  o.e.m.c.i.e.AbstractTransferListenerAdapter - Downloading https://repo.maven.apache.org/maven2/com/jayway/jsonpath/json-path/2.9.0/json-path-2.9.0.jar
2025-02-19 08:42:28,390 [BasicRepositoryConnector-repo.maven.apache.org-0-0] INFO  o.e.m.c.i.e.AbstractTransferListenerAdapter - Downloaded https://repo.maven.apache.org/maven2/org/springframework/boot/spring-boot-test-autoconfigure/3.4.2/spring-boot-test-autoconfigure-3.4.2.jar
2025-02-19 08:42:28,397 [BasicRepositoryConnector-repo.maven.apache.org-0-3] INFO  o.e.m.c.i.e.AbstractTransferListenerAdapter - Downloading https://repo.maven.apache.org/maven2/org/slf4j/slf4j-api/2.0.16/slf4j-api-2.0.16.jar
2025-02-19 08:42:28,663 [BasicRepositoryConnector-repo.maven.apache.org-0-3] INFO  o.e.m.c.i.e.AbstractTransferListenerAdapter - Downloaded https://repo.maven.apache.org/maven2/org/slf4j/slf4j-api/2.0.16/slf4j-api-2.0.16.jar
2025-02-19 08:42:28,858 [BasicRepositoryConnector-repo.maven.apache.org-0-0] INFO  o.e.m.c.i.e.AbstractTransferListenerAdapter - Downloading https://repo.maven.apache.org/maven2/jakarta/xml/bind/jakarta.xml.bind-api/4.0.2/jakarta.xml.bind-api-4.0.2.jar
2025-02-19 08:42:29,146 [BasicRepositoryConnector-repo.maven.apache.org-0-3] INFO  o.e.m.c.i.e.AbstractTransferListenerAdapter - Downloading https://repo.maven.apache.org/maven2/jakarta/activation/jakarta.activation-api/2.1.3/jakarta.activation-api-2.1.3.jar
2025-02-19 08:42:29,421 [BasicRepositoryConnector-repo.maven.apache.org-0-3] INFO  o.e.m.c.i.e.AbstractTransferListenerAdapter - Downloaded https://repo.maven.apache.org/maven2/jakarta/activation/jakarta.activation-api/2.1.3/jakarta.activation-api-2.1.3.jar
2025-02-19 08:42:29,427 [BasicRepositoryConnector-repo.maven.apache.org-0-2] INFO  o.e.m.c.i.e.AbstractTransferListenerAdapter - Downloaded https://repo.maven.apache.org/maven2/com/jayway/jsonpath/json-path/2.9.0/json-path-2.9.0.jar
2025-02-19 08:42:29,503 [BasicRepositoryConnector-repo.maven.apache.org-0-0] INFO  o.e.m.c.i.e.AbstractTransferListenerAdapter - Downloaded https://repo.maven.apache.org/maven2/jakarta/xml/bind/jakarta.xml.bind-api/4.0.2/jakarta.xml.bind-api-4.0.2.jar
2025-02-19 08:42:29,846 [BasicRepositoryConnector-repo.maven.apache.org-0-3] INFO  o.e.m.c.i.e.AbstractTransferListenerAdapter - Downloading https://repo.maven.apache.org/maven2/net/minidev/json-smart/2.5.1/json-smart-2.5.1.jar
2025-02-19 08:42:29,848 [BasicRepositoryConnector-repo.maven.apache.org-0-2] INFO  o.e.m.c.i.e.AbstractTransferListenerAdapter - Downloading https://repo.maven.apache.org/maven2/net/minidev/accessors-smart/2.5.1/accessors-smart-2.5.1.jar
2025-02-19 08:42:29,934 [BasicRepositoryConnector-repo.maven.apache.org-0-4] INFO  o.e.m.c.i.e.AbstractTransferListenerAdapter - Downloaded https://repo.maven.apache.org/maven2/org/springframework/spring-web/6.2.2/spring-web-6.2.2.jar
2025-02-19 08:42:30,294 [BasicRepositoryConnector-repo.maven.apache.org-0-3] INFO  o.e.m.c.i.e.AbstractTransferListenerAdapter - Downloaded https://repo.maven.apache.org/maven2/net/minidev/json-smart/2.5.1/json-smart-2.5.1.jar
2025-02-19 08:42:30,377 [BasicRepositoryConnector-repo.maven.apache.org-0-4] INFO  o.e.m.c.i.e.AbstractTransferListenerAdapter - Downloading https://repo.maven.apache.org/maven2/net/bytebuddy/byte-buddy/1.15.11/byte-buddy-1.15.11.jar
2025-02-19 08:42:30,380 [BasicRepositoryConnector-repo.maven.apache.org-0-0] INFO  o.e.m.c.i.e.AbstractTransferListenerAdapter - Downloading https://repo.maven.apache.org/maven2/org/assertj/assertj-core/3.26.3/assertj-core-3.26.3.jar
2025-02-19 08:42:30,668 [BasicRepositoryConnector-repo.maven.apache.org-0-3] INFO  o.e.m.c.i.e.AbstractTransferListenerAdapter - Downloading https://repo.maven.apache.org/maven2/org/awaitility/awaitility/4.2.2/awaitility-4.2.2.jar
2025-02-19 08:42:30,968 [BasicRepositoryConnector-repo.maven.apache.org-0-2] INFO  o.e.m.c.i.e.AbstractTransferListenerAdapter - Downloaded https://repo.maven.apache.org/maven2/net/minidev/accessors-smart/2.5.1/accessors-smart-2.5.1.jar
2025-02-19 08:42:30,992 [BasicRepositoryConnector-repo.maven.apache.org-0-3] INFO  o.e.m.c.i.e.AbstractTransferListenerAdapter - Downloaded https://repo.maven.apache.org/maven2/org/awaitility/awaitility/4.2.2/awaitility-4.2.2.jar
2025-02-19 08:42:31,396 [BasicRepositoryConnector-repo.maven.apache.org-0-2] INFO  o.e.m.c.i.e.AbstractTransferListenerAdapter - Downloading https://repo.maven.apache.org/maven2/org/hamcrest/hamcrest/2.2/hamcrest-2.2.jar
2025-02-19 08:42:31,415 [BasicRepositoryConnector-repo.maven.apache.org-0-3] INFO  o.e.m.c.i.e.AbstractTransferListenerAdapter - Downloading https://repo.maven.apache.org/maven2/org/junit/jupiter/junit-jupiter/5.11.4/junit-jupiter-5.11.4.jar
2025-02-19 08:42:31,468 [BasicRepositoryConnector-repo.maven.apache.org-0-3] INFO  o.e.m.c.i.e.AbstractTransferListenerAdapter - Downloaded https://repo.maven.apache.org/maven2/org/junit/jupiter/junit-jupiter/5.11.4/junit-jupiter-5.11.4.jar
2025-02-19 08:42:31,886 [BasicRepositoryConnector-repo.maven.apache.org-0-2] INFO  o.e.m.c.i.e.AbstractTransferListenerAdapter - Downloaded https://repo.maven.apache.org/maven2/org/hamcrest/hamcrest/2.2/hamcrest-2.2.jar
2025-02-19 08:42:31,916 [BasicRepositoryConnector-repo.maven.apache.org-0-3] INFO  o.e.m.c.i.e.AbstractTransferListenerAdapter - Downloading https://repo.maven.apache.org/maven2/org/junit/jupiter/junit-jupiter-api/5.11.4/junit-jupiter-api-5.11.4.jar
2025-02-19 08:42:32,078 [BasicRepositoryConnector-repo.maven.apache.org-0-1] INFO  o.e.m.c.i.e.AbstractTransferListenerAdapter - Downloaded https://repo.maven.apache.org/maven2/org/springframework/spring-context/6.2.2/spring-context-6.2.2.jar
2025-02-19 08:42:32,329 [BasicRepositoryConnector-repo.maven.apache.org-0-2] INFO  o.e.m.c.i.e.AbstractTransferListenerAdapter - Downloading https://repo.maven.apache.org/maven2/org/opentest4j/opentest4j/1.3.0/opentest4j-1.3.0.jar
2025-02-19 08:42:32,477 [BasicRepositoryConnector-repo.maven.apache.org-0-1] INFO  o.e.m.c.i.e.AbstractTransferListenerAdapter - Downloading https://repo.maven.apache.org/maven2/org/junit/platform/junit-platform-commons/1.11.4/junit-platform-commons-1.11.4.jar
2025-02-19 08:42:32,508 [BasicRepositoryConnector-repo.maven.apache.org-0-2] INFO  o.e.m.c.i.e.AbstractTransferListenerAdapter - Downloaded https://repo.maven.apache.org/maven2/org/opentest4j/opentest4j/1.3.0/opentest4j-1.3.0.jar
2025-02-19 08:42:32,510 [BasicRepositoryConnector-repo.maven.apache.org-0-3] INFO  o.e.m.c.i.e.AbstractTransferListenerAdapter - Downloaded https://repo.maven.apache.org/maven2/org/junit/jupiter/junit-jupiter-api/5.11.4/junit-jupiter-api-5.11.4.jar
2025-02-19 08:42:32,822 [BasicRepositoryConnector-repo.maven.apache.org-0-1] INFO  o.e.m.c.i.e.AbstractTransferListenerAdapter - Downloaded https://repo.maven.apache.org/maven2/org/junit/platform/junit-platform-commons/1.11.4/junit-platform-commons-1.11.4.jar
2025-02-19 08:42:32,886 [BasicRepositoryConnector-repo.maven.apache.org-0-2] INFO  o.e.m.c.i.e.AbstractTransferListenerAdapter - Downloading https://repo.maven.apache.org/maven2/org/apiguardian/apiguardian-api/1.1.2/apiguardian-api-1.1.2.jar
2025-02-19 08:42:32,887 [BasicRepositoryConnector-repo.maven.apache.org-0-3] INFO  o.e.m.c.i.e.AbstractTransferListenerAdapter - Downloading https://repo.maven.apache.org/maven2/org/junit/jupiter/junit-jupiter-params/5.11.4/junit-jupiter-params-5.11.4.jar
2025-02-19 08:42:32,928 [BasicRepositoryConnector-repo.maven.apache.org-0-2] INFO  o.e.m.c.i.e.AbstractTransferListenerAdapter - Downloaded https://repo.maven.apache.org/maven2/org/apiguardian/apiguardian-api/1.1.2/apiguardian-api-1.1.2.jar
2025-02-19 08:42:33,248 [BasicRepositoryConnector-repo.maven.apache.org-0-1] INFO  o.e.m.c.i.e.AbstractTransferListenerAdapter - Downloading https://repo.maven.apache.org/maven2/org/junit/jupiter/junit-jupiter-engine/5.11.4/junit-jupiter-engine-5.11.4.jar
2025-02-19 08:42:33,419 [BasicRepositoryConnector-repo.maven.apache.org-0-2] INFO  o.e.m.c.i.e.AbstractTransferListenerAdapter - Downloading https://repo.maven.apache.org/maven2/org/junit/platform/junit-platform-engine/1.11.4/junit-platform-engine-1.11.4.jar
2025-02-19 08:42:33,946 [BasicRepositoryConnector-repo.maven.apache.org-0-2] INFO  o.e.m.c.i.e.AbstractTransferListenerAdapter - Downloaded https://repo.maven.apache.org/maven2/org/junit/platform/junit-platform-engine/1.11.4/junit-platform-engine-1.11.4.jar
2025-02-19 08:42:34,181 [BasicRepositoryConnector-repo.maven.apache.org-0-1] INFO  o.e.m.c.i.e.AbstractTransferListenerAdapter - Downloaded https://repo.maven.apache.org/maven2/org/junit/jupiter/junit-jupiter-engine/5.11.4/junit-jupiter-engine-5.11.4.jar
2025-02-19 08:42:34,397 [BasicRepositoryConnector-repo.maven.apache.org-0-2] INFO  o.e.m.c.i.e.AbstractTransferListenerAdapter - Downloading https://repo.maven.apache.org/maven2/org/mockito/mockito-core/5.14.2/mockito-core-5.14.2.jar
2025-02-19 08:42:34,617 [BasicRepositoryConnector-repo.maven.apache.org-0-1] INFO  o.e.m.c.i.e.AbstractTransferListenerAdapter - Downloading https://repo.maven.apache.org/maven2/net/bytebuddy/byte-buddy-agent/1.15.11/byte-buddy-agent-1.15.11.jar
2025-02-19 08:42:35,178 [BasicRepositoryConnector-repo.maven.apache.org-0-3] INFO  o.e.m.c.i.e.AbstractTransferListenerAdapter - Downloaded https://repo.maven.apache.org/maven2/org/junit/jupiter/junit-jupiter-params/5.11.4/junit-jupiter-params-5.11.4.jar
2025-02-19 08:42:35,699 [BasicRepositoryConnector-repo.maven.apache.org-0-1] INFO  o.e.m.c.i.e.AbstractTransferListenerAdapter - Downloaded https://repo.maven.apache.org/maven2/net/bytebuddy/byte-buddy-agent/1.15.11/byte-buddy-agent-1.15.11.jar
2025-02-19 08:42:35,725 [BasicRepositoryConnector-repo.maven.apache.org-0-3] INFO  o.e.m.c.i.e.AbstractTransferListenerAdapter - Downloading https://repo.maven.apache.org/maven2/org/objenesis/objenesis/3.3/objenesis-3.3.jar
2025-02-19 08:42:35,860 [BasicRepositoryConnector-repo.maven.apache.org-0-2] INFO  o.e.m.c.i.e.AbstractTransferListenerAdapter - Downloaded https://repo.maven.apache.org/maven2/org/mockito/mockito-core/5.14.2/mockito-core-5.14.2.jar
2025-02-19 08:42:35,965 [BasicRepositoryConnector-repo.maven.apache.org-0-1] INFO  o.e.m.c.i.e.AbstractTransferListenerAdapter - Downloading https://repo.maven.apache.org/maven2/org/mockito/mockito-junit-jupiter/5.14.2/mockito-junit-jupiter-5.14.2.jar
2025-02-19 08:42:36,075 [BasicRepositoryConnector-repo.maven.apache.org-0-1] INFO  o.e.m.c.i.e.AbstractTransferListenerAdapter - Downloaded https://repo.maven.apache.org/maven2/org/mockito/mockito-junit-jupiter/5.14.2/mockito-junit-jupiter-5.14.2.jar
2025-02-19 08:42:36,079 [BasicRepositoryConnector-repo.maven.apache.org-0-2] INFO  o.e.m.c.i.e.AbstractTransferListenerAdapter - Downloading https://repo.maven.apache.org/maven2/org/skyscreamer/jsonassert/1.5.3/jsonassert-1.5.3.jar
2025-02-19 08:42:36,208 [BasicRepositoryConnector-repo.maven.apache.org-0-3] INFO  o.e.m.c.i.e.AbstractTransferListenerAdapter - Downloaded https://repo.maven.apache.org/maven2/org/objenesis/objenesis/3.3/objenesis-3.3.jar
2025-02-19 08:42:36,290 [BasicRepositoryConnector-repo.maven.apache.org-0-1] INFO  o.e.m.c.i.e.AbstractTransferListenerAdapter - Downloading https://repo.maven.apache.org/maven2/com/vaadin/external/google/android-json/0.0.20131108.vaadin1/android-json-0.0.20131108.vaadin1.jar
2025-02-19 08:42:36,324 [BasicRepositoryConnector-repo.maven.apache.org-0-0] INFO  o.e.m.c.i.e.AbstractTransferListenerAdapter - Downloaded https://repo.maven.apache.org/maven2/org/assertj/assertj-core/3.26.3/assertj-core-3.26.3.jar
2025-02-19 08:42:36,343 [BasicRepositoryConnector-repo.maven.apache.org-0-2] INFO  o.e.m.c.i.e.AbstractTransferListenerAdapter - Downloaded https://repo.maven.apache.org/maven2/org/skyscreamer/jsonassert/1.5.3/jsonassert-1.5.3.jar
2025-02-19 08:42:36,430 [BasicRepositoryConnector-repo.maven.apache.org-0-1] INFO  o.e.m.c.i.e.AbstractTransferListenerAdapter - Downloaded https://repo.maven.apache.org/maven2/com/vaadin/external/google/android-json/0.0.20131108.vaadin1/android-json-0.0.20131108.vaadin1.jar
2025-02-19 08:42:36,433 [BasicRepositoryConnector-repo.maven.apache.org-0-3] INFO  o.e.m.c.i.e.AbstractTransferListenerAdapter - Downloading https://repo.maven.apache.org/maven2/org/springframework/spring-core/6.2.2/spring-core-6.2.2.jar
2025-02-19 08:42:36,573 [BasicRepositoryConnector-repo.maven.apache.org-0-0] INFO  o.e.m.c.i.e.AbstractTransferListenerAdapter - Downloading https://repo.maven.apache.org/maven2/org/springframework/spring-jcl/6.2.2/spring-jcl-6.2.2.jar
2025-02-19 08:42:36,605 [BasicRepositoryConnector-repo.maven.apache.org-0-2] INFO  o.e.m.c.i.e.AbstractTransferListenerAdapter - Downloading https://repo.maven.apache.org/maven2/org/springframework/spring-test/6.2.2/spring-test-6.2.2.jar
2025-02-19 08:42:36,768 [BasicRepositoryConnector-repo.maven.apache.org-0-1] INFO  o.e.m.c.i.e.AbstractTransferListenerAdapter - Downloading https://repo.maven.apache.org/maven2/org/xmlunit/xmlunit-core/2.10.0/xmlunit-core-2.10.0.jar
2025-02-19 08:42:36,810 [BasicRepositoryConnector-repo.maven.apache.org-0-0] INFO  o.e.m.c.i.e.AbstractTransferListenerAdapter - Downloaded https://repo.maven.apache.org/maven2/org/springframework/spring-jcl/6.2.2/spring-jcl-6.2.2.jar
2025-02-19 08:42:37,380 [BasicRepositoryConnector-repo.maven.apache.org-0-1] INFO  o.e.m.c.i.e.AbstractTransferListenerAdapter - Downloaded https://repo.maven.apache.org/maven2/org/xmlunit/xmlunit-core/2.10.0/xmlunit-core-2.10.0.jar
2025-02-19 08:42:39,803 [BasicRepositoryConnector-repo.maven.apache.org-0-3] INFO  o.e.m.c.i.e.AbstractTransferListenerAdapter - Downloaded https://repo.maven.apache.org/maven2/org/springframework/spring-core/6.2.2/spring-core-6.2.2.jar
2025-02-19 08:42:41,660 [BasicRepositoryConnector-repo.maven.apache.org-0-2] INFO  o.e.m.c.i.e.AbstractTransferListenerAdapter - Downloaded https://repo.maven.apache.org/maven2/org/springframework/spring-test/6.2.2/spring-test-6.2.2.jar
2025-02-19 08:42:49,222 [BasicRepositoryConnector-repo.maven.apache.org-0-4] INFO  o.e.m.c.i.e.AbstractTransferListenerAdapter - Downloaded https://repo.maven.apache.org/maven2/net/bytebuddy/byte-buddy/1.15.11/byte-buddy-1.15.11.jar
2025-02-19 08:42:49,499 [Worker-17: Update Maven projects configuration] INFO  o.e.m.c.i.e.AbstractTransferListenerAdapter - Downloading https://repo.maven.apache.org/maven2/org/apache/maven/plugins/maven-surefire-plugin/3.5.2/maven-surefire-plugin-3.5.2.pom
2025-02-19 08:42:49,525 [Worker-17: Update Maven projects configuration] INFO  o.e.m.c.i.e.AbstractTransferListenerAdapter - Downloaded https://repo.maven.apache.org/maven2/org/apache/maven/plugins/maven-surefire-plugin/3.5.2/maven-surefire-plugin-3.5.2.pom
2025-02-19 08:42:49,584 [Worker-17: Update Maven projects configuration] INFO  o.e.m.c.i.e.AbstractTransferListenerAdapter - Downloading https://repo.maven.apache.org/maven2/org/apache/maven/surefire/surefire/3.5.2/surefire-3.5.2.pom
2025-02-19 08:42:49,648 [Worker-17: Update Maven projects configuration] INFO  o.e.m.c.i.e.AbstractTransferListenerAdapter - Downloaded https://repo.maven.apache.org/maven2/org/apache/maven/surefire/surefire/3.5.2/surefire-3.5.2.pom
2025-02-19 08:42:49,716 [Worker-17: Update Maven projects configuration] INFO  o.e.m.c.i.e.AbstractTransferListenerAdapter - Downloading https://repo.maven.apache.org/maven2/org/apache/maven/maven-parent/43/maven-parent-43.pom
2025-02-19 08:42:49,784 [Worker-17: Update Maven projects configuration] INFO  o.e.m.c.i.e.AbstractTransferListenerAdapter - Downloaded https://repo.maven.apache.org/maven2/org/apache/maven/maven-parent/43/maven-parent-43.pom
2025-02-19 08:42:49,853 [Worker-17: Update Maven projects configuration] INFO  o.e.m.c.i.e.AbstractTransferListenerAdapter - Downloading https://repo.maven.apache.org/maven2/org/apache/maven/plugins/maven-jar-plugin/3.4.2/maven-jar-plugin-3.4.2.pom
2025-02-19 08:42:49,877 [Worker-17: Update Maven projects configuration] INFO  o.e.m.c.i.e.AbstractTransferListenerAdapter - Downloaded https://repo.maven.apache.org/maven2/org/apache/maven/plugins/maven-jar-plugin/3.4.2/maven-jar-plugin-3.4.2.pom
2025-02-19 08:42:52,032 [Worker-34: Building] INFO  o.a.m.s.f.DefaultMavenResourcesFiltering - Copying 1 resource from src\main\resources to target\classes
2025-02-19 08:42:52,045 [Worker-34: Building] INFO  o.a.m.s.f.DefaultMavenResourcesFiltering - Copying 0 resource from src\main\resources to target\classes
2025-02-19 08:42:52,049 [Worker-34: Building] INFO  o.a.m.s.f.DefaultMavenResourcesFiltering - skip non existing resourceDirectory E:\PJ\Eclipse\demo\src\test\resources
2025-02-19 08:42:52,304 [Worker-17: Update Maven projects configuration] INFO  o.e.m.j.i.AbstractJavaProjectConfigurator - Adding source folder /demo/src/main/java
2025-02-19 08:42:52,305 [Worker-17: Update Maven projects configuration] INFO  o.e.m.j.i.AbstractJavaProjectConfigurator - Adding resource folder /demo/src/main/resources
2025-02-19 08:42:52,321 [Worker-17: Update Maven projects configuration] INFO  o.e.m.j.i.AbstractJavaProjectConfigurator - Adding resource folder /demo/src/main/resources
2025-02-19 08:42:52,338 [Worker-17: Update Maven projects configuration] INFO  o.e.m.j.i.AbstractJavaProjectConfigurator - Adding source folder /demo/src/test/java
2025-02-19 08:42:52,339 [Worker-17: Update Maven projects configuration] INFO  o.e.m.j.i.AbstractJavaProjectConfigurator - Adding resource folder /demo/src/test/resources
2025-02-19 08:42:52,720 [Worker-33: Download sources and javadoc] INFO  o.e.m.c.i.e.AbstractTransferListenerAdapter - Downloading https://repo.maven.apache.org/maven2/org/springframework/boot/spring-boot-starter-web/3.4.2/spring-boot-starter-web-3.4.2-sources.jar
2025-02-19 08:42:52,755 [Worker-33: Download sources and javadoc] INFO  o.e.m.c.i.e.AbstractTransferListenerAdapter - Downloaded https://repo.maven.apache.org/maven2/org/springframework/boot/spring-boot-starter-web/3.4.2/spring-boot-starter-web-3.4.2-sources.jar
2025-02-19 08:42:52,762 [Worker-33: Download sources and javadoc] INFO  o.e.m.j.internal.DownloadSourcesJob - Downloaded sources for org.springframework.boot:spring-boot-starter-web:3.4.2
2025-02-19 08:42:52,979 [Worker-33: Download sources and javadoc] INFO  o.e.m.c.i.e.AbstractTransferListenerAdapter - Downloading https://repo.maven.apache.org/maven2/org/springframework/boot/spring-boot-starter/3.4.2/spring-boot-starter-3.4.2-sources.jar
2025-02-19 08:42:53,021 [Worker-33: Download sources and javadoc] INFO  o.e.m.c.i.e.AbstractTransferListenerAdapter - Downloaded https://repo.maven.apache.org/maven2/org/springframework/boot/spring-boot-starter/3.4.2/spring-boot-starter-3.4.2-sources.jar
2025-02-19 08:42:53,035 [Worker-33: Download sources and javadoc] INFO  o.e.m.j.internal.DownloadSourcesJob - Downloaded sources for org.springframework.boot:spring-boot-starter:3.4.2
2025-02-19 08:42:53,202 [Worker-33: Download sources and javadoc] INFO  o.e.m.c.i.e.AbstractTransferListenerAdapter - Downloading https://repo.maven.apache.org/maven2/org/springframework/boot/spring-boot/3.4.2/spring-boot-3.4.2-sources.jar
2025-02-19 08:42:53,939 [Worker-33: Download sources and javadoc] INFO  o.e.m.c.i.e.AbstractTransferListenerAdapter - Downloaded https://repo.maven.apache.org/maven2/org/springframework/boot/spring-boot/3.4.2/spring-boot-3.4.2-sources.jar
2025-02-19 08:42:53,948 [Worker-33: Download sources and javadoc] INFO  o.e.m.j.internal.DownloadSourcesJob - Downloaded sources for org.springframework.boot:spring-boot:3.4.2
2025-02-19 08:42:54,125 [Worker-33: Download sources and javadoc] INFO  o.e.m.c.i.e.AbstractTransferListenerAdapter - Downloading https://repo.maven.apache.org/maven2/org/springframework/boot/spring-boot-autoconfigure/3.4.2/spring-boot-autoconfigure-3.4.2-sources.jar
2025-02-19 08:42:54,845 [Worker-33: Download sources and javadoc] INFO  o.e.m.c.i.e.AbstractTransferListenerAdapter - Downloaded https://repo.maven.apache.org/maven2/org/springframework/boot/spring-boot-autoconfigure/3.4.2/spring-boot-autoconfigure-3.4.2-sources.jar
2025-02-19 08:42:54,852 [Worker-33: Download sources and javadoc] INFO  o.e.m.j.internal.DownloadSourcesJob - Downloaded sources for org.springframework.boot:spring-boot-autoconfigure:3.4.2
2025-02-19 08:42:55,004 [Worker-33: Download sources and javadoc] INFO  o.e.m.c.i.e.AbstractTransferListenerAdapter - Downloading https://repo.maven.apache.org/maven2/org/springframework/boot/spring-boot-starter-logging/3.4.2/spring-boot-starter-logging-3.4.2-sources.jar
2025-02-19 08:42:55,033 [Worker-33: Download sources and javadoc] INFO  o.e.m.c.i.e.AbstractTransferListenerAdapter - Downloaded https://repo.maven.apache.org/maven2/org/springframework/boot/spring-boot-starter-logging/3.4.2/spring-boot-starter-logging-3.4.2-sources.jar
2025-02-19 08:42:55,041 [Worker-33: Download sources and javadoc] INFO  o.e.m.j.internal.DownloadSourcesJob - Downloaded sources for org.springframework.boot:spring-boot-starter-logging:3.4.2
2025-02-19 08:42:55,207 [Worker-33: Download sources and javadoc] INFO  o.e.m.c.i.e.AbstractTransferListenerAdapter - Downloading https://repo.maven.apache.org/maven2/ch/qos/logback/logback-classic/1.5.16/logback-classic-1.5.16-sources.jar
2025-02-19 08:42:55,423 [Worker-33: Download sources and javadoc] INFO  o.e.m.c.i.e.AbstractTransferListenerAdapter - Downloaded https://repo.maven.apache.org/maven2/ch/qos/logback/logback-classic/1.5.16/logback-classic-1.5.16-sources.jar
2025-02-19 08:42:55,430 [Worker-33: Download sources and javadoc] INFO  o.e.m.j.internal.DownloadSourcesJob - Downloaded sources for ch.qos.logback:logback-classic:1.5.16
2025-02-19 08:42:55,592 [Worker-33: Download sources and javadoc] INFO  o.e.m.c.i.e.AbstractTransferListenerAdapter - Downloading https://repo.maven.apache.org/maven2/ch/qos/logback/logback-core/1.5.16/logback-core-1.5.16-sources.jar
2025-02-19 08:42:55,936 [Worker-33: Download sources and javadoc] INFO  o.e.m.c.i.e.AbstractTransferListenerAdapter - Downloaded https://repo.maven.apache.org/maven2/ch/qos/logback/logback-core/1.5.16/logback-core-1.5.16-sources.jar
2025-02-19 08:42:55,943 [Worker-33: Download sources and javadoc] INFO  o.e.m.j.internal.DownloadSourcesJob - Downloaded sources for ch.qos.logback:logback-core:1.5.16
2025-02-19 08:42:56,084 [Worker-33: Download sources and javadoc] INFO  o.e.m.c.i.e.AbstractTransferListenerAdapter - Downloading https://repo.maven.apache.org/maven2/org/apache/logging/log4j/log4j-to-slf4j/2.24.3/log4j-to-slf4j-2.24.3-sources.jar
2025-02-19 08:42:56,458 [Worker-33: Download sources and javadoc] INFO  o.e.m.c.i.e.AbstractTransferListenerAdapter - Downloaded https://repo.maven.apache.org/maven2/org/apache/logging/log4j/log4j-to-slf4j/2.24.3/log4j-to-slf4j-2.24.3-sources.jar
2025-02-19 08:42:56,473 [Worker-33: Download sources and javadoc] INFO  o.e.m.j.internal.DownloadSourcesJob - Downloaded sources for org.apache.logging.log4j:log4j-to-slf4j:2.24.3
2025-02-19 08:42:56,639 [Worker-33: Download sources and javadoc] INFO  o.e.m.c.i.e.AbstractTransferListenerAdapter - Downloading https://repo.maven.apache.org/maven2/org/apache/logging/log4j/log4j-api/2.24.3/log4j-api-2.24.3-sources.jar
2025-02-19 08:42:56,865 [Worker-33: Download sources and javadoc] INFO  o.e.m.c.i.e.AbstractTransferListenerAdapter - Downloaded https://repo.maven.apache.org/maven2/org/apache/logging/log4j/log4j-api/2.24.3/log4j-api-2.24.3-sources.jar
2025-02-19 08:42:56,873 [Worker-33: Download sources and javadoc] INFO  o.e.m.j.internal.DownloadSourcesJob - Downloaded sources for org.apache.logging.log4j:log4j-api:2.24.3
2025-02-19 08:42:57,037 [Worker-33: Download sources and javadoc] INFO  o.e.m.c.i.e.AbstractTransferListenerAdapter - Downloading https://repo.maven.apache.org/maven2/org/slf4j/jul-to-slf4j/2.0.16/jul-to-slf4j-2.0.16-sources.jar
2025-02-19 08:42:57,096 [Worker-33: Download sources and javadoc] INFO  o.e.m.c.i.e.AbstractTransferListenerAdapter - Downloaded https://repo.maven.apache.org/maven2/org/slf4j/jul-to-slf4j/2.0.16/jul-to-slf4j-2.0.16-sources.jar
2025-02-19 08:42:57,109 [Worker-33: Download sources and javadoc] INFO  o.e.m.j.internal.DownloadSourcesJob - Downloaded sources for org.slf4j:jul-to-slf4j:2.0.16
2025-02-19 08:42:57,252 [Worker-33: Download sources and javadoc] INFO  o.e.m.c.i.e.AbstractTransferListenerAdapter - Downloading https://repo.maven.apache.org/maven2/jakarta/annotation/jakarta.annotation-api/2.1.1/jakarta.annotation-api-2.1.1-sources.jar
2025-02-19 08:42:57,634 [Worker-17: Update Maven projects configuration] INFO  o.e.m.c.i.p.ProjectConfigurationManager - Update completed for 1 poms: local refresh takes 0.00 sec, refresh facades takes 53.00 sec, update config takes 6.00 sec 
2025-02-19 08:42:57,736 [Worker-33: Download sources and javadoc] INFO  o.e.m.c.i.e.AbstractTransferListenerAdapter - Downloaded https://repo.maven.apache.org/maven2/jakarta/annotation/jakarta.annotation-api/2.1.1/jakarta.annotation-api-2.1.1-sources.jar
2025-02-19 08:42:57,752 [Worker-33: Download sources and javadoc] INFO  o.e.m.j.internal.DownloadSourcesJob - Downloaded sources for jakarta.annotation:jakarta.annotation-api:2.1.1
2025-02-19 08:42:57,908 [Worker-33: Download sources and javadoc] INFO  o.e.m.c.i.e.AbstractTransferListenerAdapter - Downloading https://repo.maven.apache.org/maven2/org/yaml/snakeyaml/2.3/snakeyaml-2.3-sources.jar
2025-02-19 08:42:58,030 [Worker-8: Building] INFO  o.a.m.s.f.DefaultMavenResourcesFiltering - Copying 1 resource from src\main\resources to target\classes
2025-02-19 08:42:58,030 [Worker-8: Building] INFO  o.a.m.s.f.DefaultMavenResourcesFiltering - Copying 0 resource from src\main\resources to target\classes
2025-02-19 08:42:58,030 [Worker-8: Building] INFO  o.a.m.s.f.DefaultMavenResourcesFiltering - skip non existing resourceDirectory E:\PJ\Eclipse\demo\src\test\resources
2025-02-19 08:42:58,126 [Worker-33: Download sources and javadoc] INFO  o.e.m.c.i.e.AbstractTransferListenerAdapter - Downloaded https://repo.maven.apache.org/maven2/org/yaml/snakeyaml/2.3/snakeyaml-2.3-sources.jar
2025-02-19 08:42:58,133 [Worker-33: Download sources and javadoc] INFO  o.e.m.j.internal.DownloadSourcesJob - Downloaded sources for org.yaml:snakeyaml:2.3
2025-02-19 08:42:58,309 [Worker-33: Download sources and javadoc] INFO  o.e.m.c.i.e.AbstractTransferListenerAdapter - Downloading https://repo.maven.apache.org/maven2/org/springframework/boot/spring-boot-starter-json/3.4.2/spring-boot-starter-json-3.4.2-sources.jar
2025-02-19 08:42:58,389 [Worker-33: Download sources and javadoc] INFO  o.e.m.c.i.e.AbstractTransferListenerAdapter - Downloaded https://repo.maven.apache.org/maven2/org/springframework/boot/spring-boot-starter-json/3.4.2/spring-boot-starter-json-3.4.2-sources.jar
2025-02-19 08:42:58,411 [Worker-33: Download sources and javadoc] INFO  o.e.m.j.internal.DownloadSourcesJob - Downloaded sources for org.springframework.boot:spring-boot-starter-json:3.4.2
2025-02-19 08:42:58,576 [Worker-33: Download sources and javadoc] INFO  o.e.m.c.i.e.AbstractTransferListenerAdapter - Downloading https://repo.maven.apache.org/maven2/com/fasterxml/jackson/core/jackson-databind/2.18.2/jackson-databind-2.18.2-sources.jar
2025-02-19 08:42:59,343 [Worker-33: Download sources and javadoc] INFO  o.e.m.c.i.e.AbstractTransferListenerAdapter - Downloaded https://repo.maven.apache.org/maven2/com/fasterxml/jackson/core/jackson-databind/2.18.2/jackson-databind-2.18.2-sources.jar
2025-02-19 08:42:59,359 [Worker-33: Download sources and javadoc] INFO  o.e.m.j.internal.DownloadSourcesJob - Downloaded sources for com.fasterxml.jackson.core:jackson-databind:2.18.2
2025-02-19 08:42:59,554 [Worker-33: Download sources and javadoc] INFO  o.e.m.c.i.e.AbstractTransferListenerAdapter - Downloading https://repo.maven.apache.org/maven2/com/fasterxml/jackson/core/jackson-annotations/2.18.2/jackson-annotations-2.18.2-sources.jar
2025-02-19 08:42:59,692 [Worker-33: Download sources and javadoc] INFO  o.e.m.c.i.e.AbstractTransferListenerAdapter - Downloaded https://repo.maven.apache.org/maven2/com/fasterxml/jackson/core/jackson-annotations/2.18.2/jackson-annotations-2.18.2-sources.jar
2025-02-19 08:42:59,709 [Worker-33: Download sources and javadoc] INFO  o.e.m.j.internal.DownloadSourcesJob - Downloaded sources for com.fasterxml.jackson.core:jackson-annotations:2.18.2
2025-02-19 08:42:59,920 [Worker-33: Download sources and javadoc] INFO  o.e.m.c.i.e.AbstractTransferListenerAdapter - Downloading https://repo.maven.apache.org/maven2/com/fasterxml/jackson/core/jackson-core/2.18.2/jackson-core-2.18.2-sources.jar
2025-02-19 08:43:00,648 [Worker-33: Download sources and javadoc] INFO  o.e.m.c.i.e.AbstractTransferListenerAdapter - Downloaded https://repo.maven.apache.org/maven2/com/fasterxml/jackson/core/jackson-core/2.18.2/jackson-core-2.18.2-sources.jar
2025-02-19 08:43:00,660 [Worker-33: Download sources and javadoc] INFO  o.e.m.j.internal.DownloadSourcesJob - Downloaded sources for com.fasterxml.jackson.core:jackson-core:2.18.2
2025-02-19 08:43:00,820 [Worker-33: Download sources and javadoc] INFO  o.e.m.c.i.e.AbstractTransferListenerAdapter - Downloading https://repo.maven.apache.org/maven2/com/fasterxml/jackson/datatype/jackson-datatype-jdk8/2.18.2/jackson-datatype-jdk8-2.18.2-sources.jar
2025-02-19 08:43:01,412 [Worker-33: Download sources and javadoc] INFO  o.e.m.c.i.e.AbstractTransferListenerAdapter - Downloaded https://repo.maven.apache.org/maven2/com/fasterxml/jackson/datatype/jackson-datatype-jdk8/2.18.2/jackson-datatype-jdk8-2.18.2-sources.jar
2025-02-19 08:43:01,432 [Worker-33: Download sources and javadoc] INFO  o.e.m.j.internal.DownloadSourcesJob - Downloaded sources for com.fasterxml.jackson.datatype:jackson-datatype-jdk8:2.18.2
2025-02-19 08:43:01,610 [Worker-33: Download sources and javadoc] INFO  o.e.m.c.i.e.AbstractTransferListenerAdapter - Downloading https://repo.maven.apache.org/maven2/com/fasterxml/jackson/datatype/jackson-datatype-jsr310/2.18.2/jackson-datatype-jsr310-2.18.2-sources.jar
2025-02-19 08:43:01,752 [Worker-33: Download sources and javadoc] INFO  o.e.m.c.i.e.AbstractTransferListenerAdapter - Downloaded https://repo.maven.apache.org/maven2/com/fasterxml/jackson/datatype/jackson-datatype-jsr310/2.18.2/jackson-datatype-jsr310-2.18.2-sources.jar
2025-02-19 08:43:01,768 [Worker-33: Download sources and javadoc] INFO  o.e.m.j.internal.DownloadSourcesJob - Downloaded sources for com.fasterxml.jackson.datatype:jackson-datatype-jsr310:2.18.2
2025-02-19 08:43:01,935 [Worker-33: Download sources and javadoc] INFO  o.e.m.c.i.e.AbstractTransferListenerAdapter - Downloading https://repo.maven.apache.org/maven2/com/fasterxml/jackson/module/jackson-module-parameter-names/2.18.2/jackson-module-parameter-names-2.18.2-sources.jar
2025-02-19 08:43:02,007 [Worker-33: Download sources and javadoc] INFO  o.e.m.c.i.e.AbstractTransferListenerAdapter - Downloaded https://repo.maven.apache.org/maven2/com/fasterxml/jackson/module/jackson-module-parameter-names/2.18.2/jackson-module-parameter-names-2.18.2-sources.jar
2025-02-19 08:43:02,020 [Worker-33: Download sources and javadoc] INFO  o.e.m.j.internal.DownloadSourcesJob - Downloaded sources for com.fasterxml.jackson.module:jackson-module-parameter-names:2.18.2
2025-02-19 08:43:02,196 [Worker-33: Download sources and javadoc] INFO  o.e.m.c.i.e.AbstractTransferListenerAdapter - Downloading https://repo.maven.apache.org/maven2/org/springframework/boot/spring-boot-starter-tomcat/3.4.2/spring-boot-starter-tomcat-3.4.2-sources.jar
2025-02-19 08:43:02,227 [Worker-33: Download sources and javadoc] INFO  o.e.m.c.i.e.AbstractTransferListenerAdapter - Downloaded https://repo.maven.apache.org/maven2/org/springframework/boot/spring-boot-starter-tomcat/3.4.2/spring-boot-starter-tomcat-3.4.2-sources.jar
2025-02-19 08:43:02,254 [Worker-33: Download sources and javadoc] INFO  o.e.m.j.internal.DownloadSourcesJob - Downloaded sources for org.springframework.boot:spring-boot-starter-tomcat:3.4.2
2025-02-19 08:43:02,410 [Worker-33: Download sources and javadoc] INFO  o.e.m.c.i.e.AbstractTransferListenerAdapter - Downloading https://repo.maven.apache.org/maven2/org/apache/tomcat/embed/tomcat-embed-core/10.1.34/tomcat-embed-core-10.1.34-sources.jar
2025-02-19 08:43:04,771 [Worker-33: Download sources and javadoc] INFO  o.e.m.c.i.e.AbstractTransferListenerAdapter - Downloaded https://repo.maven.apache.org/maven2/org/apache/tomcat/embed/tomcat-embed-core/10.1.34/tomcat-embed-core-10.1.34-sources.jar
2025-02-19 08:43:04,783 [Worker-33: Download sources and javadoc] INFO  o.e.m.j.internal.DownloadSourcesJob - Downloaded sources for org.apache.tomcat.embed:tomcat-embed-core:10.1.34
2025-02-19 08:43:04,966 [Worker-33: Download sources and javadoc] INFO  o.e.m.c.i.e.AbstractTransferListenerAdapter - Downloading https://repo.maven.apache.org/maven2/org/apache/tomcat/embed/tomcat-embed-el/10.1.34/tomcat-embed-el-10.1.34-sources.jar
2025-02-19 08:43:05,181 [Worker-33: Download sources and javadoc] INFO  o.e.m.c.i.e.AbstractTransferListenerAdapter - Downloaded https://repo.maven.apache.org/maven2/org/apache/tomcat/embed/tomcat-embed-el/10.1.34/tomcat-embed-el-10.1.34-sources.jar
2025-02-19 08:43:05,195 [Worker-33: Download sources and javadoc] INFO  o.e.m.j.internal.DownloadSourcesJob - Downloaded sources for org.apache.tomcat.embed:tomcat-embed-el:10.1.34
2025-02-19 08:43:05,370 [Worker-33: Download sources and javadoc] INFO  o.e.m.c.i.e.AbstractTransferListenerAdapter - Downloading https://repo.maven.apache.org/maven2/org/apache/tomcat/embed/tomcat-embed-websocket/10.1.34/tomcat-embed-websocket-10.1.34-sources.jar
2025-02-19 08:43:05,609 [Worker-33: Download sources and javadoc] INFO  o.e.m.c.i.e.AbstractTransferListenerAdapter - Downloaded https://repo.maven.apache.org/maven2/org/apache/tomcat/embed/tomcat-embed-websocket/10.1.34/tomcat-embed-websocket-10.1.34-sources.jar
2025-02-19 08:43:05,632 [Worker-33: Download sources and javadoc] INFO  o.e.m.j.internal.DownloadSourcesJob - Downloaded sources for org.apache.tomcat.embed:tomcat-embed-websocket:10.1.34
2025-02-19 08:43:05,824 [Worker-33: Download sources and javadoc] INFO  o.e.m.c.i.e.AbstractTransferListenerAdapter - Downloading https://repo.maven.apache.org/maven2/org/springframework/spring-web/6.2.2/spring-web-6.2.2-sources.jar
2025-02-19 08:43:06,699 [Worker-33: Download sources and javadoc] INFO  o.e.m.c.i.e.AbstractTransferListenerAdapter - Downloaded https://repo.maven.apache.org/maven2/org/springframework/spring-web/6.2.2/spring-web-6.2.2-sources.jar
2025-02-19 08:43:06,711 [Worker-33: Download sources and javadoc] INFO  o.e.m.j.internal.DownloadSourcesJob - Downloaded sources for org.springframework:spring-web:6.2.2
2025-02-19 08:43:06,882 [Worker-33: Download sources and javadoc] INFO  o.e.m.c.i.e.AbstractTransferListenerAdapter - Downloading https://repo.maven.apache.org/maven2/org/springframework/spring-beans/6.2.2/spring-beans-6.2.2-sources.jar
2025-02-19 08:43:07,389 [Worker-33: Download sources and javadoc] INFO  o.e.m.c.i.e.AbstractTransferListenerAdapter - Downloaded https://repo.maven.apache.org/maven2/org/springframework/spring-beans/6.2.2/spring-beans-6.2.2-sources.jar
2025-02-19 08:43:07,407 [Worker-33: Download sources and javadoc] INFO  o.e.m.j.internal.DownloadSourcesJob - Downloaded sources for org.springframework:spring-beans:6.2.2
2025-02-19 08:43:07,574 [Worker-33: Download sources and javadoc] INFO  o.e.m.c.i.e.AbstractTransferListenerAdapter - Downloading https://repo.maven.apache.org/maven2/io/micrometer/micrometer-observation/1.14.3/micrometer-observation-1.14.3-sources.jar
2025-02-19 08:43:07,667 [Worker-33: Download sources and javadoc] INFO  o.e.m.c.i.e.AbstractTransferListenerAdapter - Downloaded https://repo.maven.apache.org/maven2/io/micrometer/micrometer-observation/1.14.3/micrometer-observation-1.14.3-sources.jar
2025-02-19 08:43:07,681 [Worker-33: Download sources and javadoc] INFO  o.e.m.j.internal.DownloadSourcesJob - Downloaded sources for io.micrometer:micrometer-observation:1.14.3
2025-02-19 08:43:07,834 [Worker-33: Download sources and javadoc] INFO  o.e.m.c.i.e.AbstractTransferListenerAdapter - Downloading https://repo.maven.apache.org/maven2/io/micrometer/micrometer-commons/1.14.3/micrometer-commons-1.14.3-sources.jar
2025-02-19 08:43:08,737 [Worker-33: Download sources and javadoc] INFO  o.e.m.c.i.e.AbstractTransferListenerAdapter - Downloaded https://repo.maven.apache.org/maven2/io/micrometer/micrometer-commons/1.14.3/micrometer-commons-1.14.3-sources.jar
2025-02-19 08:43:08,748 [Worker-33: Download sources and javadoc] INFO  o.e.m.j.internal.DownloadSourcesJob - Downloaded sources for io.micrometer:micrometer-commons:1.14.3
2025-02-19 08:43:08,950 [Worker-33: Download sources and javadoc] INFO  o.e.m.c.i.e.AbstractTransferListenerAdapter - Downloading https://repo.maven.apache.org/maven2/org/springframework/spring-webmvc/6.2.2/spring-webmvc-6.2.2-sources.jar
2025-02-19 08:43:09,498 [Worker-33: Download sources and javadoc] INFO  o.e.m.c.i.e.AbstractTransferListenerAdapter - Downloaded https://repo.maven.apache.org/maven2/org/springframework/spring-webmvc/6.2.2/spring-webmvc-6.2.2-sources.jar
2025-02-19 08:43:09,514 [Worker-33: Download sources and javadoc] INFO  o.e.m.j.internal.DownloadSourcesJob - Downloaded sources for org.springframework:spring-webmvc:6.2.2
2025-02-19 08:43:09,707 [Worker-33: Download sources and javadoc] INFO  o.e.m.c.i.e.AbstractTransferListenerAdapter - Downloading https://repo.maven.apache.org/maven2/org/springframework/spring-aop/6.2.2/spring-aop-6.2.2-sources.jar
2025-02-19 08:43:09,999 [Worker-33: Download sources and javadoc] INFO  o.e.m.c.i.e.AbstractTransferListenerAdapter - Downloaded https://repo.maven.apache.org/maven2/org/springframework/spring-aop/6.2.2/spring-aop-6.2.2-sources.jar
2025-02-19 08:43:10,021 [Worker-33: Download sources and javadoc] INFO  o.e.m.j.internal.DownloadSourcesJob - Downloaded sources for org.springframework:spring-aop:6.2.2
2025-02-19 08:43:10,237 [Worker-33: Download sources and javadoc] INFO  o.e.m.c.i.e.AbstractTransferListenerAdapter - Downloading https://repo.maven.apache.org/maven2/org/springframework/spring-context/6.2.2/spring-context-6.2.2-sources.jar
2025-02-19 08:43:10,940 [Worker-33: Download sources and javadoc] INFO  o.e.m.c.i.e.AbstractTransferListenerAdapter - Downloaded https://repo.maven.apache.org/maven2/org/springframework/spring-context/6.2.2/spring-context-6.2.2-sources.jar
2025-02-19 08:43:10,960 [Worker-33: Download sources and javadoc] INFO  o.e.m.j.internal.DownloadSourcesJob - Downloaded sources for org.springframework:spring-context:6.2.2
2025-02-19 08:43:11,122 [Worker-33: Download sources and javadoc] INFO  o.e.m.c.i.e.AbstractTransferListenerAdapter - Downloading https://repo.maven.apache.org/maven2/org/springframework/spring-expression/6.2.2/spring-expression-6.2.2-sources.jar
2025-02-19 08:43:11,360 [Worker-33: Download sources and javadoc] INFO  o.e.m.c.i.e.AbstractTransferListenerAdapter - Downloaded https://repo.maven.apache.org/maven2/org/springframework/spring-expression/6.2.2/spring-expression-6.2.2-sources.jar
2025-02-19 08:43:11,377 [Worker-33: Download sources and javadoc] INFO  o.e.m.j.internal.DownloadSourcesJob - Downloaded sources for org.springframework:spring-expression:6.2.2
2025-02-19 08:43:11,554 [Worker-33: Download sources and javadoc] INFO  o.e.m.c.i.e.AbstractTransferListenerAdapter - Downloading https://repo.maven.apache.org/maven2/org/springframework/boot/spring-boot-starter-test/3.4.2/spring-boot-starter-test-3.4.2-sources.jar
2025-02-19 08:43:11,604 [Worker-33: Download sources and javadoc] INFO  o.e.m.c.i.e.AbstractTransferListenerAdapter - Downloaded https://repo.maven.apache.org/maven2/org/springframework/boot/spring-boot-starter-test/3.4.2/spring-boot-starter-test-3.4.2-sources.jar
2025-02-19 08:43:11,623 [Worker-33: Download sources and javadoc] INFO  o.e.m.j.internal.DownloadSourcesJob - Downloaded sources for org.springframework.boot:spring-boot-starter-test:3.4.2
2025-02-19 08:43:11,788 [Worker-33: Download sources and javadoc] INFO  o.e.m.c.i.e.AbstractTransferListenerAdapter - Downloading https://repo.maven.apache.org/maven2/org/springframework/boot/spring-boot-test/3.4.2/spring-boot-test-3.4.2-sources.jar
2025-02-19 08:43:11,984 [Worker-33: Download sources and javadoc] INFO  o.e.m.c.i.e.AbstractTransferListenerAdapter - Downloaded https://repo.maven.apache.org/maven2/org/springframework/boot/spring-boot-test/3.4.2/spring-boot-test-3.4.2-sources.jar
2025-02-19 08:43:11,997 [Worker-33: Download sources and javadoc] INFO  o.e.m.j.internal.DownloadSourcesJob - Downloaded sources for org.springframework.boot:spring-boot-test:3.4.2
2025-02-19 08:43:12,176 [Worker-33: Download sources and javadoc] INFO  o.e.m.c.i.e.AbstractTransferListenerAdapter - Downloading https://repo.maven.apache.org/maven2/org/springframework/boot/spring-boot-test-autoconfigure/3.4.2/spring-boot-test-autoconfigure-3.4.2-sources.jar
2025-02-19 08:43:12,401 [Worker-33: Download sources and javadoc] INFO  o.e.m.c.i.e.AbstractTransferListenerAdapter - Downloaded https://repo.maven.apache.org/maven2/org/springframework/boot/spring-boot-test-autoconfigure/3.4.2/spring-boot-test-autoconfigure-3.4.2-sources.jar
2025-02-19 08:43:12,415 [Worker-33: Download sources and javadoc] INFO  o.e.m.j.internal.DownloadSourcesJob - Downloaded sources for org.springframework.boot:spring-boot-test-autoconfigure:3.4.2
2025-02-19 08:43:12,584 [Worker-33: Download sources and javadoc] INFO  o.e.m.c.i.e.AbstractTransferListenerAdapter - Downloading https://repo.maven.apache.org/maven2/com/jayway/jsonpath/json-path/2.9.0/json-path-2.9.0-sources.jar
2025-02-19 08:43:12,751 [Worker-33: Download sources and javadoc] INFO  o.e.m.c.i.e.AbstractTransferListenerAdapter - Downloaded https://repo.maven.apache.org/maven2/com/jayway/jsonpath/json-path/2.9.0/json-path-2.9.0-sources.jar
2025-02-19 08:43:12,765 [Worker-33: Download sources and javadoc] INFO  o.e.m.j.internal.DownloadSourcesJob - Downloaded sources for com.jayway.jsonpath:json-path:2.9.0
2025-02-19 08:43:12,934 [Worker-33: Download sources and javadoc] INFO  o.e.m.c.i.e.AbstractTransferListenerAdapter - Downloading https://repo.maven.apache.org/maven2/org/slf4j/slf4j-api/2.0.16/slf4j-api-2.0.16-sources.jar
2025-02-19 08:43:13,057 [Worker-33: Download sources and javadoc] INFO  o.e.m.c.i.e.AbstractTransferListenerAdapter - Downloaded https://repo.maven.apache.org/maven2/org/slf4j/slf4j-api/2.0.16/slf4j-api-2.0.16-sources.jar
2025-02-19 08:43:13,073 [Worker-33: Download sources and javadoc] INFO  o.e.m.j.internal.DownloadSourcesJob - Downloaded sources for org.slf4j:slf4j-api:2.0.16
2025-02-19 08:43:13,234 [Worker-33: Download sources and javadoc] INFO  o.e.m.c.i.e.AbstractTransferListenerAdapter - Downloading https://repo.maven.apache.org/maven2/jakarta/xml/bind/jakarta.xml.bind-api/4.0.2/jakarta.xml.bind-api-4.0.2-sources.jar
2025-02-19 08:43:13,426 [Worker-33: Download sources and javadoc] INFO  o.e.m.c.i.e.AbstractTransferListenerAdapter - Downloaded https://repo.maven.apache.org/maven2/jakarta/xml/bind/jakarta.xml.bind-api/4.0.2/jakarta.xml.bind-api-4.0.2-sources.jar
2025-02-19 08:43:13,441 [Worker-33: Download sources and javadoc] INFO  o.e.m.j.internal.DownloadSourcesJob - Downloaded sources for jakarta.xml.bind:jakarta.xml.bind-api:4.0.2
2025-02-19 08:43:13,604 [Worker-33: Download sources and javadoc] INFO  o.e.m.c.i.e.AbstractTransferListenerAdapter - Downloading https://repo.maven.apache.org/maven2/jakarta/activation/jakarta.activation-api/2.1.3/jakarta.activation-api-2.1.3-sources.jar
2025-02-19 08:43:13,699 [Worker-33: Download sources and javadoc] INFO  o.e.m.c.i.e.AbstractTransferListenerAdapter - Downloaded https://repo.maven.apache.org/maven2/jakarta/activation/jakarta.activation-api/2.1.3/jakarta.activation-api-2.1.3-sources.jar
2025-02-19 08:43:13,704 [Worker-33: Download sources and javadoc] INFO  o.e.m.j.internal.DownloadSourcesJob - Downloaded sources for jakarta.activation:jakarta.activation-api:2.1.3
2025-02-19 08:43:13,882 [Worker-33: Download sources and javadoc] INFO  o.e.m.c.i.e.AbstractTransferListenerAdapter - Downloading https://repo.maven.apache.org/maven2/net/minidev/json-smart/2.5.1/json-smart-2.5.1-sources.jar
2025-02-19 08:43:13,990 [Worker-33: Download sources and javadoc] INFO  o.e.m.c.i.e.AbstractTransferListenerAdapter - Downloaded https://repo.maven.apache.org/maven2/net/minidev/json-smart/2.5.1/json-smart-2.5.1-sources.jar
2025-02-19 08:43:14,005 [Worker-33: Download sources and javadoc] INFO  o.e.m.j.internal.DownloadSourcesJob - Downloaded sources for net.minidev:json-smart:2.5.1
2025-02-19 08:43:14,192 [Worker-33: Download sources and javadoc] INFO  o.e.m.c.i.e.AbstractTransferListenerAdapter - Downloading https://repo.maven.apache.org/maven2/net/minidev/accessors-smart/2.5.1/accessors-smart-2.5.1-sources.jar
2025-02-19 08:43:14,484 [Worker-33: Download sources and javadoc] INFO  o.e.m.c.i.e.AbstractTransferListenerAdapter - Downloaded https://repo.maven.apache.org/maven2/net/minidev/accessors-smart/2.5.1/accessors-smart-2.5.1-sources.jar
2025-02-19 08:43:14,506 [Worker-33: Download sources and javadoc] INFO  o.e.m.j.internal.DownloadSourcesJob - Downloaded sources for net.minidev:accessors-smart:2.5.1
2025-02-19 08:43:14,672 [Worker-33: Download sources and javadoc] INFO  o.e.m.c.i.e.AbstractTransferListenerAdapter - Downloading https://repo.maven.apache.org/maven2/org/ow2/asm/asm/9.6/asm-9.6-sources.jar
2025-02-19 08:43:14,869 [Worker-33: Download sources and javadoc] INFO  o.e.m.c.i.e.AbstractTransferListenerAdapter - Downloaded https://repo.maven.apache.org/maven2/org/ow2/asm/asm/9.6/asm-9.6-sources.jar
2025-02-19 08:43:14,871 [Worker-33: Download sources and javadoc] INFO  o.e.m.j.internal.DownloadSourcesJob - Downloaded sources for org.ow2.asm:asm:9.6
2025-02-19 08:43:15,025 [Worker-33: Download sources and javadoc] INFO  o.e.m.c.i.e.AbstractTransferListenerAdapter - Downloading https://repo.maven.apache.org/maven2/org/assertj/assertj-core/3.26.3/assertj-core-3.26.3-sources.jar
2025-02-19 08:43:15,906 [Worker-33: Download sources and javadoc] INFO  o.e.m.c.i.e.AbstractTransferListenerAdapter - Downloaded https://repo.maven.apache.org/maven2/org/assertj/assertj-core/3.26.3/assertj-core-3.26.3-sources.jar
2025-02-19 08:43:15,922 [Worker-33: Download sources and javadoc] INFO  o.e.m.j.internal.DownloadSourcesJob - Downloaded sources for org.assertj:assertj-core:3.26.3
2025-02-19 08:43:16,075 [Worker-33: Download sources and javadoc] INFO  o.e.m.c.i.e.AbstractTransferListenerAdapter - Downloading https://repo.maven.apache.org/maven2/net/bytebuddy/byte-buddy/1.15.11/byte-buddy-1.15.11-sources.jar
2025-02-19 08:43:16,925 [Worker-33: Download sources and javadoc] INFO  o.e.m.c.i.e.AbstractTransferListenerAdapter - Downloaded https://repo.maven.apache.org/maven2/net/bytebuddy/byte-buddy/1.15.11/byte-buddy-1.15.11-sources.jar
2025-02-19 08:43:16,942 [Worker-33: Download sources and javadoc] INFO  o.e.m.j.internal.DownloadSourcesJob - Downloaded sources for net.bytebuddy:byte-buddy:1.15.11
2025-02-19 08:43:17,131 [Worker-33: Download sources and javadoc] INFO  o.e.m.c.i.e.AbstractTransferListenerAdapter - Downloading https://repo.maven.apache.org/maven2/org/awaitility/awaitility/4.2.2/awaitility-4.2.2-sources.jar
2025-02-19 08:43:17,259 [Worker-33: Download sources and javadoc] INFO  o.e.m.c.i.e.AbstractTransferListenerAdapter - Downloaded https://repo.maven.apache.org/maven2/org/awaitility/awaitility/4.2.2/awaitility-4.2.2-sources.jar
2025-02-19 08:43:17,272 [Worker-33: Download sources and javadoc] INFO  o.e.m.j.internal.DownloadSourcesJob - Downloaded sources for org.awaitility:awaitility:4.2.2
2025-02-19 08:43:17,425 [Worker-33: Download sources and javadoc] INFO  o.e.m.c.i.e.AbstractTransferListenerAdapter - Downloading https://repo.maven.apache.org/maven2/org/hamcrest/hamcrest/2.2/hamcrest-2.2-sources.jar
2025-02-19 08:43:17,526 [Worker-33: Download sources and javadoc] INFO  o.e.m.c.i.e.AbstractTransferListenerAdapter - Downloaded https://repo.maven.apache.org/maven2/org/hamcrest/hamcrest/2.2/hamcrest-2.2-sources.jar
2025-02-19 08:43:17,546 [Worker-33: Download sources and javadoc] INFO  o.e.m.j.internal.DownloadSourcesJob - Downloaded sources for org.hamcrest:hamcrest:2.2
2025-02-19 08:43:17,717 [Worker-33: Download sources and javadoc] INFO  o.e.m.c.i.e.AbstractTransferListenerAdapter - Downloading https://repo.maven.apache.org/maven2/org/junit/jupiter/junit-jupiter/5.11.4/junit-jupiter-5.11.4-sources.jar
2025-02-19 08:43:17,773 [Worker-33: Download sources and javadoc] INFO  o.e.m.c.i.e.AbstractTransferListenerAdapter - Downloaded https://repo.maven.apache.org/maven2/org/junit/jupiter/junit-jupiter/5.11.4/junit-jupiter-5.11.4-sources.jar
2025-02-19 08:43:17,786 [Worker-33: Download sources and javadoc] INFO  o.e.m.j.internal.DownloadSourcesJob - Downloaded sources for org.junit.jupiter:junit-jupiter:5.11.4
2025-02-19 08:43:17,962 [Worker-33: Download sources and javadoc] INFO  o.e.m.c.i.e.AbstractTransferListenerAdapter - Downloading https://repo.maven.apache.org/maven2/org/junit/jupiter/junit-jupiter-api/5.11.4/junit-jupiter-api-5.11.4-sources.jar
2025-02-19 08:43:18,188 [Worker-33: Download sources and javadoc] INFO  o.e.m.c.i.e.AbstractTransferListenerAdapter - Downloaded https://repo.maven.apache.org/maven2/org/junit/jupiter/junit-jupiter-api/5.11.4/junit-jupiter-api-5.11.4-sources.jar
2025-02-19 08:43:18,209 [Worker-33: Download sources and javadoc] INFO  o.e.m.j.internal.DownloadSourcesJob - Downloaded sources for org.junit.jupiter:junit-jupiter-api:5.11.4
2025-02-19 08:43:18,358 [Worker-33: Download sources and javadoc] INFO  o.e.m.c.i.e.AbstractTransferListenerAdapter - Downloading https://repo.maven.apache.org/maven2/org/opentest4j/opentest4j/1.3.0/opentest4j-1.3.0-sources.jar
2025-02-19 08:43:18,576 [Worker-33: Download sources and javadoc] INFO  o.e.m.c.i.e.AbstractTransferListenerAdapter - Downloaded https://repo.maven.apache.org/maven2/org/opentest4j/opentest4j/1.3.0/opentest4j-1.3.0-sources.jar
2025-02-19 08:43:18,600 [Worker-33: Download sources and javadoc] INFO  o.e.m.j.internal.DownloadSourcesJob - Downloaded sources for org.opentest4j:opentest4j:1.3.0
2025-02-19 08:43:18,800 [Worker-33: Download sources and javadoc] INFO  o.e.m.c.i.e.AbstractTransferListenerAdapter - Downloading https://repo.maven.apache.org/maven2/org/junit/platform/junit-platform-commons/1.11.4/junit-platform-commons-1.11.4-sources.jar
2025-02-19 08:43:18,932 [Worker-33: Download sources and javadoc] INFO  o.e.m.c.i.e.AbstractTransferListenerAdapter - Downloaded https://repo.maven.apache.org/maven2/org/junit/platform/junit-platform-commons/1.11.4/junit-platform-commons-1.11.4-sources.jar
2025-02-19 08:43:18,949 [Worker-33: Download sources and javadoc] INFO  o.e.m.j.internal.DownloadSourcesJob - Downloaded sources for org.junit.platform:junit-platform-commons:1.11.4
2025-02-19 08:43:19,134 [Worker-33: Download sources and javadoc] INFO  o.e.m.c.i.e.AbstractTransferListenerAdapter - Downloading https://repo.maven.apache.org/maven2/org/apiguardian/apiguardian-api/1.1.2/apiguardian-api-1.1.2-sources.jar
2025-02-19 08:43:19,189 [Worker-33: Download sources and javadoc] INFO  o.e.m.c.i.e.AbstractTransferListenerAdapter - Downloaded https://repo.maven.apache.org/maven2/org/apiguardian/apiguardian-api/1.1.2/apiguardian-api-1.1.2-sources.jar
2025-02-19 08:43:19,204 [Worker-33: Download sources and javadoc] INFO  o.e.m.j.internal.DownloadSourcesJob - Downloaded sources for org.apiguardian:apiguardian-api:1.1.2
2025-02-19 08:43:19,384 [Worker-33: Download sources and javadoc] INFO  o.e.m.c.i.e.AbstractTransferListenerAdapter - Downloading https://repo.maven.apache.org/maven2/org/junit/jupiter/junit-jupiter-params/5.11.4/junit-jupiter-params-5.11.4-sources.jar
2025-02-19 08:43:19,517 [Worker-33: Download sources and javadoc] INFO  o.e.m.c.i.e.AbstractTransferListenerAdapter - Downloaded https://repo.maven.apache.org/maven2/org/junit/jupiter/junit-jupiter-params/5.11.4/junit-jupiter-params-5.11.4-sources.jar
2025-02-19 08:43:19,538 [Worker-33: Download sources and javadoc] INFO  o.e.m.j.internal.DownloadSourcesJob - Downloaded sources for org.junit.jupiter:junit-jupiter-params:5.11.4
2025-02-19 08:43:19,711 [Worker-33: Download sources and javadoc] INFO  o.e.m.c.i.e.AbstractTransferListenerAdapter - Downloading https://repo.maven.apache.org/maven2/org/junit/jupiter/junit-jupiter-engine/5.11.4/junit-jupiter-engine-5.11.4-sources.jar
2025-02-19 08:43:19,896 [Worker-33: Download sources and javadoc] INFO  o.e.m.c.i.e.AbstractTransferListenerAdapter - Downloaded https://repo.maven.apache.org/maven2/org/junit/jupiter/junit-jupiter-engine/5.11.4/junit-jupiter-engine-5.11.4-sources.jar
2025-02-19 08:43:19,914 [Worker-33: Download sources and javadoc] INFO  o.e.m.j.internal.DownloadSourcesJob - Downloaded sources for org.junit.jupiter:junit-jupiter-engine:5.11.4
2025-02-19 08:43:20,098 [Worker-33: Download sources and javadoc] INFO  o.e.m.c.i.e.AbstractTransferListenerAdapter - Downloading https://repo.maven.apache.org/maven2/org/junit/platform/junit-platform-engine/1.11.4/junit-platform-engine-1.11.4-sources.jar
2025-02-19 08:43:20,287 [Worker-33: Download sources and javadoc] INFO  o.e.m.c.i.e.AbstractTransferListenerAdapter - Downloaded https://repo.maven.apache.org/maven2/org/junit/platform/junit-platform-engine/1.11.4/junit-platform-engine-1.11.4-sources.jar
2025-02-19 08:43:20,300 [Worker-33: Download sources and javadoc] INFO  o.e.m.j.internal.DownloadSourcesJob - Downloaded sources for org.junit.platform:junit-platform-engine:1.11.4
2025-02-19 08:43:20,522 [Worker-33: Download sources and javadoc] INFO  o.e.m.c.i.e.AbstractTransferListenerAdapter - Downloading https://repo.maven.apache.org/maven2/org/mockito/mockito-core/5.14.2/mockito-core-5.14.2-sources.jar
2025-02-19 08:43:21,023 [Worker-33: Download sources and javadoc] INFO  o.e.m.c.i.e.AbstractTransferListenerAdapter - Downloaded https://repo.maven.apache.org/maven2/org/mockito/mockito-core/5.14.2/mockito-core-5.14.2-sources.jar
2025-02-19 08:43:21,049 [Worker-33: Download sources and javadoc] INFO  o.e.m.j.internal.DownloadSourcesJob - Downloaded sources for org.mockito:mockito-core:5.14.2
2025-02-19 08:43:21,219 [Worker-33: Download sources and javadoc] INFO  o.e.m.c.i.e.AbstractTransferListenerAdapter - Downloading https://repo.maven.apache.org/maven2/net/bytebuddy/byte-buddy-agent/1.15.11/byte-buddy-agent-1.15.11-sources.jar
2025-02-19 08:43:21,513 [Worker-33: Download sources and javadoc] INFO  o.e.m.c.i.e.AbstractTransferListenerAdapter - Downloaded https://repo.maven.apache.org/maven2/net/bytebuddy/byte-buddy-agent/1.15.11/byte-buddy-agent-1.15.11-sources.jar
2025-02-19 08:43:21,530 [Worker-33: Download sources and javadoc] INFO  o.e.m.j.internal.DownloadSourcesJob - Downloaded sources for net.bytebuddy:byte-buddy-agent:1.15.11
2025-02-19 08:43:21,767 [Worker-33: Download sources and javadoc] INFO  o.e.m.c.i.e.AbstractTransferListenerAdapter - Downloading https://repo.maven.apache.org/maven2/org/objenesis/objenesis/3.3/objenesis-3.3-sources.jar
2025-02-19 08:43:21,887 [Worker-33: Download sources and javadoc] INFO  o.e.m.c.i.e.AbstractTransferListenerAdapter - Downloaded https://repo.maven.apache.org/maven2/org/objenesis/objenesis/3.3/objenesis-3.3-sources.jar
2025-02-19 08:43:21,900 [Worker-33: Download sources and javadoc] INFO  o.e.m.j.internal.DownloadSourcesJob - Downloaded sources for org.objenesis:objenesis:3.3
2025-02-19 08:43:22,059 [Worker-33: Download sources and javadoc] INFO  o.e.m.c.i.e.AbstractTransferListenerAdapter - Downloading https://repo.maven.apache.org/maven2/org/mockito/mockito-junit-jupiter/5.14.2/mockito-junit-jupiter-5.14.2-sources.jar
2025-02-19 08:43:22,150 [Worker-33: Download sources and javadoc] INFO  o.e.m.c.i.e.AbstractTransferListenerAdapter - Downloaded https://repo.maven.apache.org/maven2/org/mockito/mockito-junit-jupiter/5.14.2/mockito-junit-jupiter-5.14.2-sources.jar
2025-02-19 08:43:22,174 [Worker-33: Download sources and javadoc] INFO  o.e.m.j.internal.DownloadSourcesJob - Downloaded sources for org.mockito:mockito-junit-jupiter:5.14.2
2025-02-19 08:43:22,343 [Worker-33: Download sources and javadoc] INFO  o.e.m.c.i.e.AbstractTransferListenerAdapter - Downloading https://repo.maven.apache.org/maven2/org/skyscreamer/jsonassert/1.5.3/jsonassert-1.5.3-sources.jar
2025-02-19 08:43:22,948 [Worker-33: Download sources and javadoc] INFO  o.e.m.c.i.e.AbstractTransferListenerAdapter - Downloaded https://repo.maven.apache.org/maven2/org/skyscreamer/jsonassert/1.5.3/jsonassert-1.5.3-sources.jar
2025-02-19 08:43:22,959 [Worker-33: Download sources and javadoc] INFO  o.e.m.j.internal.DownloadSourcesJob - Downloaded sources for org.skyscreamer:jsonassert:1.5.3
2025-02-19 08:43:23,125 [Worker-33: Download sources and javadoc] INFO  o.e.m.c.i.e.AbstractTransferListenerAdapter - Downloading https://repo.maven.apache.org/maven2/com/vaadin/external/google/android-json/0.0.20131108.vaadin1/android-json-0.0.20131108.vaadin1-sources.jar
2025-02-19 08:43:23,175 [Worker-33: Download sources and javadoc] INFO  o.e.m.c.i.e.AbstractTransferListenerAdapter - Downloaded https://repo.maven.apache.org/maven2/com/vaadin/external/google/android-json/0.0.20131108.vaadin1/android-json-0.0.20131108.vaadin1-sources.jar
2025-02-19 08:43:23,193 [Worker-33: Download sources and javadoc] INFO  o.e.m.j.internal.DownloadSourcesJob - Downloaded sources for com.vaadin.external.google:android-json:0.0.20131108.vaadin1
2025-02-19 08:43:23,418 [Worker-33: Download sources and javadoc] INFO  o.e.m.c.i.e.AbstractTransferListenerAdapter - Downloading https://repo.maven.apache.org/maven2/org/springframework/spring-core/6.2.2/spring-core-6.2.2-sources.jar
2025-02-19 08:43:24,315 [Worker-33: Download sources and javadoc] INFO  o.e.m.c.i.e.AbstractTransferListenerAdapter - Downloaded https://repo.maven.apache.org/maven2/org/springframework/spring-core/6.2.2/spring-core-6.2.2-sources.jar
2025-02-19 08:43:24,329 [Worker-33: Download sources and javadoc] INFO  o.e.m.j.internal.DownloadSourcesJob - Downloaded sources for org.springframework:spring-core:6.2.2
2025-02-19 08:43:24,515 [Worker-33: Download sources and javadoc] INFO  o.e.m.c.i.e.AbstractTransferListenerAdapter - Downloading https://repo.maven.apache.org/maven2/org/springframework/spring-jcl/6.2.2/spring-jcl-6.2.2-sources.jar
2025-02-19 08:43:24,787 [Worker-33: Download sources and javadoc] INFO  o.e.m.c.i.e.AbstractTransferListenerAdapter - Downloaded https://repo.maven.apache.org/maven2/org/springframework/spring-jcl/6.2.2/spring-jcl-6.2.2-sources.jar
2025-02-19 08:43:24,803 [Worker-33: Download sources and javadoc] INFO  o.e.m.j.internal.DownloadSourcesJob - Downloaded sources for org.springframework:spring-jcl:6.2.2
2025-02-19 08:43:24,992 [Worker-33: Download sources and javadoc] INFO  o.e.m.c.i.e.AbstractTransferListenerAdapter - Downloading https://repo.maven.apache.org/maven2/org/springframework/spring-test/6.2.2/spring-test-6.2.2-sources.jar
2025-02-19 08:43:25,562 [Worker-33: Download sources and javadoc] INFO  o.e.m.c.i.e.AbstractTransferListenerAdapter - Downloaded https://repo.maven.apache.org/maven2/org/springframework/spring-test/6.2.2/spring-test-6.2.2-sources.jar
2025-02-19 08:43:25,580 [Worker-33: Download sources and javadoc] INFO  o.e.m.j.internal.DownloadSourcesJob - Downloaded sources for org.springframework:spring-test:6.2.2
2025-02-19 08:43:25,736 [Worker-33: Download sources and javadoc] INFO  o.e.m.c.i.e.AbstractTransferListenerAdapter - Downloading https://repo.maven.apache.org/maven2/org/xmlunit/xmlunit-core/2.10.0/xmlunit-core-2.10.0-sources.jar
2025-02-19 08:43:25,889 [Worker-33: Download sources and javadoc] INFO  o.e.m.c.i.e.AbstractTransferListenerAdapter - Downloaded https://repo.maven.apache.org/maven2/org/xmlunit/xmlunit-core/2.10.0/xmlunit-core-2.10.0-sources.jar
2025-02-19 08:43:25,907 [Worker-33: Download sources and javadoc] INFO  o.e.m.j.internal.DownloadSourcesJob - Downloaded sources for org.xmlunit:xmlunit-core:2.10.0
2025-02-19 08:46:38,652 [Worker-33: Building] INFO  o.a.m.s.f.DefaultMavenResourcesFiltering - Copying 1 resource from src\main\resources to target\classes
2025-02-19 08:46:38,657 [Worker-33: Building] INFO  o.a.m.s.f.DefaultMavenResourcesFiltering - Copying 0 resource from src\main\resources to target\classes
2025-02-19 08:46:38,661 [Worker-33: Building] INFO  o.a.m.s.f.DefaultMavenResourcesFiltering - skip non existing resourceDirectory E:\PJ\Eclipse\demo\src\test\resources
2025-02-19 09:20:39,159 [Worker-37: Building] INFO  o.a.m.s.f.DefaultMavenResourcesFiltering - Copying 0 resource from src\main\resources to target\classes
2025-02-19 09:20:39,160 [Worker-37: Building] INFO  o.a.m.s.f.DefaultMavenResourcesFiltering - Copying 0 resource from src\main\resources to target\classes
2025-02-19 09:20:39,163 [Worker-37: Building] INFO  o.a.m.s.f.DefaultMavenResourcesFiltering - skip non existing resourceDirectory E:\PJ\Eclipse\demo\src\test\resources
2025-02-19 09:21:56,309 [Worker-21: Building] INFO  o.a.m.s.f.DefaultMavenResourcesFiltering - Copying 0 resource from src\main\resources to target\classes
2025-02-19 09:21:56,309 [Worker-21: Building] INFO  o.a.m.s.f.DefaultMavenResourcesFiltering - Copying 0 resource from src\main\resources to target\classes
2025-02-19 09:21:56,313 [Worker-21: Building] INFO  o.a.m.s.f.DefaultMavenResourcesFiltering - skip non existing resourceDirectory E:\PJ\Eclipse\demo\src\test\resources
2025-02-19 09:27:30,576 [Worker-5: Loading available Gradle versions] INFO  o.e.b.c.i.u.g.PublishedGradleVersions - Gradle version information cache is up-to-date. Trying to read.
2025-02-19 09:28:04,948 [Worker-26: Update Maven projects configuration] INFO  o.e.m.c.i.p.ProjectConfigurationManager - Update started
2025-02-19 09:28:05,773 [Worker-26: Update Maven projects configuration] INFO  o.e.m.c.i.l.LifecycleMappingFactory - Using org.eclipse.m2e.jdt.JarLifecycleMapping lifecycle mapping for MavenProject: com.example:demo:0.0.1-SNAPSHOT @ E:\PJ\Eclipse\demo\pom.xml.
2025-02-19 09:28:06,922 [Worker-26: Update Maven projects configuration] INFO  o.e.m.j.i.AbstractJavaProjectConfigurator - Adding source folder /demo/src/main/java
2025-02-19 09:28:06,925 [Worker-26: Update Maven projects configuration] INFO  o.e.m.j.i.AbstractJavaProjectConfigurator - Adding resource folder /demo/src/main/resources
2025-02-19 09:28:07,099 [Worker-26: Update Maven projects configuration] INFO  o.e.m.j.i.AbstractJavaProjectConfigurator - Adding resource folder /demo/src/main/resources
2025-02-19 09:28:07,104 [Worker-26: Update Maven projects configuration] INFO  o.e.m.j.i.AbstractJavaProjectConfigurator - Adding source folder /demo/src/test/java
2025-02-19 09:28:07,105 [Worker-26: Update Maven projects configuration] INFO  o.e.m.j.i.AbstractJavaProjectConfigurator - Adding resource folder /demo/src/test/resources
2025-02-19 09:28:07,319 [Worker-26: Update Maven projects configuration] INFO  o.e.m.c.i.p.ProjectConfigurationManager - Update completed for 1 poms: local refresh takes 0.00 sec, refresh facades takes 1.00 sec, update config takes 0.00 sec 
2025-02-19 09:28:07,719 [Worker-25: Building] INFO  o.a.m.s.f.DefaultMavenResourcesFiltering - Copying 1 resource from src\main\resources to target\classes
2025-02-19 09:28:07,735 [Worker-25: Building] INFO  o.a.m.s.f.DefaultMavenResourcesFiltering - Copying 0 resource from src\main\resources to target\classes
2025-02-19 09:28:07,739 [Worker-25: Building] INFO  o.a.m.s.f.DefaultMavenResourcesFiltering - skip non existing resourceDirectory E:\PJ\Eclipse\demo\src\test\resources
2025-02-19 09:28:23,459 [Worker-16: Building] INFO  o.a.m.s.f.DefaultMavenResourcesFiltering - Copying 1 resource from src\main\resources to target\classes
2025-02-19 09:28:23,464 [Worker-16: Building] INFO  o.a.m.s.f.DefaultMavenResourcesFiltering - Copying 0 resource from src\main\resources to target\classes
2025-02-19 09:28:23,466 [Worker-16: Building] INFO  o.a.m.s.f.DefaultMavenResourcesFiltering - skip non existing resourceDirectory E:\PJ\Eclipse\demo\src\test\resources
2025-02-19 09:28:29,974 [Worker-18: Building] INFO  o.a.m.s.f.DefaultMavenResourcesFiltering - Copying 1 resource from src\main\resources to target\classes
2025-02-19 09:28:29,979 [Worker-18: Building] INFO  o.a.m.s.f.DefaultMavenResourcesFiltering - Copying 0 resource from src\main\resources to target\classes
2025-02-19 09:28:29,982 [Worker-18: Building] INFO  o.a.m.s.f.DefaultMavenResourcesFiltering - skip non existing resourceDirectory E:\PJ\Eclipse\demo\src\test\resources
2025-02-19 09:32:26,701 [Worker-28: Building] INFO  o.a.m.s.f.DefaultMavenResourcesFiltering - Copying 1 resource from src\main\resources to target\classes
2025-02-19 09:32:26,704 [Worker-28: Building] INFO  o.a.m.s.f.DefaultMavenResourcesFiltering - Copying 0 resource from src\main\resources to target\classes
2025-02-19 09:32:26,707 [Worker-28: Building] INFO  o.a.m.s.f.DefaultMavenResourcesFiltering - skip non existing resourceDirectory E:\PJ\Eclipse\demo\src\test\resources
2025-02-19 09:33:29,055 [Worker-6: Loading available Gradle versions] INFO  o.e.b.c.i.u.g.PublishedGradleVersions - Gradle version information cache is up-to-date. Trying to read.
2025-02-19 09:36:52,428 [Worker-9: Building] INFO  o.a.m.s.f.DefaultMavenResourcesFiltering - Copying 1 resource from src\main\resources to target\classes
2025-02-19 09:36:52,442 [Worker-9: Building] INFO  o.a.m.s.f.DefaultMavenResourcesFiltering - Copying 0 resource from src\main\resources to target\classes
2025-02-19 09:36:52,445 [Worker-9: Building] INFO  o.a.m.s.f.DefaultMavenResourcesFiltering - skip non existing resourceDirectory E:\PJ\Eclipse\demo\src\test\resources
2025-02-19 09:37:02,047 [Worker-22: Building] INFO  o.a.m.s.f.DefaultMavenResourcesFiltering - Copying 1 resource from src\main\resources to target\classes
2025-02-19 09:37:02,053 [Worker-22: Building] INFO  o.a.m.s.f.DefaultMavenResourcesFiltering - Copying 0 resource from src\main\resources to target\classes
2025-02-19 09:37:02,056 [Worker-22: Building] INFO  o.a.m.s.f.DefaultMavenResourcesFiltering - skip non existing resourceDirectory E:\PJ\Eclipse\demo\src\test\resources
2025-02-19 09:37:04,563 [Worker-15: Building] INFO  o.a.m.s.f.DefaultMavenResourcesFiltering - Copying 1 resource from src\main\resources to target\classes
2025-02-19 09:37:04,567 [Worker-15: Building] INFO  o.a.m.s.f.DefaultMavenResourcesFiltering - Copying 0 resource from src\main\resources to target\classes
2025-02-19 09:37:04,569 [Worker-15: Building] INFO  o.a.m.s.f.DefaultMavenResourcesFiltering - skip non existing resourceDirectory E:\PJ\Eclipse\demo\src\test\resources
2025-02-19 09:37:21,320 [Worker-7: Loading available Gradle versions] INFO  o.e.b.c.i.u.g.PublishedGradleVersions - Gradle version information cache is up-to-date. Trying to read.
2025-02-19 09:37:43,940 [Worker-19: Launching DemoApplication] INFO  o.a.m.s.f.DefaultMavenResourcesFiltering - Copying 1 resource from src\main\resources to target\classes
2025-02-19 09:37:43,959 [Worker-19: Launching DemoApplication] INFO  o.a.m.s.f.DefaultMavenResourcesFiltering - Copying 0 resource from src\main\resources to target\classes
2025-02-19 09:37:43,963 [Worker-19: Launching DemoApplication] INFO  o.a.m.s.f.DefaultMavenResourcesFiltering - skip non existing resourceDirectory E:\PJ\Eclipse\demo\src\test\resources
2025-02-19 09:55:36,924 [Worker-11: Building] INFO  o.a.m.s.f.DefaultMavenResourcesFiltering - Copying 1 resource from src\main\resources to target\classes
2025-02-19 09:55:36,924 [Worker-11: Building] INFO  o.a.m.s.f.DefaultMavenResourcesFiltering - Copying 0 resource from src\main\resources to target\classes
2025-02-19 09:55:36,924 [Worker-11: Building] INFO  o.a.m.s.f.DefaultMavenResourcesFiltering - skip non existing resourceDirectory E:\PJ\Eclipse\demo\src\test\resources
2025-02-19 09:55:54,753 [Worker-6: Loading available Gradle versions] INFO  o.e.b.c.i.u.g.PublishedGradleVersions - Gradle version information cache is up-to-date. Trying to read.
2025-02-19 09:57:37,389 [Worker-24: Building] INFO  o.a.m.s.f.DefaultMavenResourcesFiltering - Copying 1 resource from src\main\resources to target\classes
2025-02-19 09:57:37,402 [Worker-24: Building] INFO  o.a.m.s.f.DefaultMavenResourcesFiltering - Copying 0 resource from src\main\resources to target\classes
2025-02-19 09:57:37,406 [Worker-24: Building] INFO  o.a.m.s.f.DefaultMavenResourcesFiltering - skip non existing resourceDirectory E:\PJ\Eclipse\demo\src\test\resources
2025-02-19 09:57:44,814 [Worker-31: Building] INFO  o.a.m.s.f.DefaultMavenResourcesFiltering - Copying 1 resource from src\main\resources to target\classes
2025-02-19 09:57:44,821 [Worker-31: Building] INFO  o.a.m.s.f.DefaultMavenResourcesFiltering - Copying 0 resource from src\main\resources to target\classes
2025-02-19 09:57:44,824 [Worker-31: Building] INFO  o.a.m.s.f.DefaultMavenResourcesFiltering - skip non existing resourceDirectory E:\PJ\Eclipse\demo\src\test\resources
2025-02-19 09:58:10,658 [Worker-21: Building] INFO  o.a.m.s.f.DefaultMavenResourcesFiltering - Copying 1 resource from src\main\resources to target\classes
2025-02-19 09:58:10,662 [Worker-21: Building] INFO  o.a.m.s.f.DefaultMavenResourcesFiltering - Copying 0 resource from src\main\resources to target\classes
2025-02-19 09:58:10,664 [Worker-21: Building] INFO  o.a.m.s.f.DefaultMavenResourcesFiltering - skip non existing resourceDirectory E:\PJ\Eclipse\demo\src\test\resources
2025-02-19 09:58:46,533 [Worker-29: Building] INFO  o.a.m.s.f.DefaultMavenResourcesFiltering - Copying 1 resource from src\main\resources to target\classes
2025-02-19 09:58:46,544 [Worker-29: Building] INFO  o.a.m.s.f.DefaultMavenResourcesFiltering - Copying 0 resource from src\main\resources to target\classes
2025-02-19 09:58:46,549 [Worker-29: Building] INFO  o.a.m.s.f.DefaultMavenResourcesFiltering - skip non existing resourceDirectory E:\PJ\Eclipse\demo\src\test\resources
2025-02-19 10:11:09,393 [Worker-18: Building] INFO  o.a.m.s.f.DefaultMavenResourcesFiltering - Copying 1 resource from src\main\resources to target\classes
2025-02-19 10:11:09,398 [Worker-18: Building] INFO  o.a.m.s.f.DefaultMavenResourcesFiltering - Copying 0 resource from src\main\resources to target\classes
2025-02-19 10:11:09,400 [Worker-18: Building] INFO  o.a.m.s.f.DefaultMavenResourcesFiltering - skip non existing resourceDirectory E:\PJ\Eclipse\demo\src\test\resources
2025-02-19 10:11:19,769 [Worker-17: Building] INFO  o.a.m.s.f.DefaultMavenResourcesFiltering - Copying 1 resource from src\main\resources to target\classes
2025-02-19 10:11:19,780 [Worker-17: Building] INFO  o.a.m.s.f.DefaultMavenResourcesFiltering - Copying 0 resource from src\main\resources to target\classes
2025-02-19 10:11:19,783 [Worker-17: Building] INFO  o.a.m.s.f.DefaultMavenResourcesFiltering - skip non existing resourceDirectory E:\PJ\Eclipse\demo\src\test\resources
2025-02-19 10:13:48,835 [Worker-17: Update Maven projects configuration] INFO  o.e.m.c.i.p.ProjectConfigurationManager - Update started
2025-02-19 10:13:49,366 [Worker-17: Update Maven projects configuration] INFO  o.e.m.c.i.l.LifecycleMappingFactory - Using org.eclipse.m2e.jdt.JarLifecycleMapping lifecycle mapping for MavenProject: com.example:demo:0.0.1-SNAPSHOT @ E:\PJ\Eclipse\demo-BuildingAnApplication\demo-BuildingAnApplication\pom.xml.
2025-02-19 10:13:49,796 [Worker-17: Update Maven projects configuration] INFO  o.e.m.j.i.AbstractJavaProjectConfigurator - Adding source folder /demo-BuildingAnApplication/src/main/java
2025-02-19 10:13:49,797 [Worker-17: Update Maven projects configuration] INFO  o.e.m.j.i.AbstractJavaProjectConfigurator - Adding resource folder /demo-BuildingAnApplication/src/main/resources
2025-02-19 10:13:49,808 [Worker-17: Update Maven projects configuration] INFO  o.e.m.j.i.AbstractJavaProjectConfigurator - Adding resource folder /demo-BuildingAnApplication/src/main/resources
2025-02-19 10:13:49,813 [Worker-17: Update Maven projects configuration] INFO  o.e.m.j.i.AbstractJavaProjectConfigurator - Adding source folder /demo-BuildingAnApplication/src/test/java
2025-02-19 10:13:49,814 [Worker-17: Update Maven projects configuration] INFO  o.e.m.j.i.AbstractJavaProjectConfigurator - Adding resource folder /demo-BuildingAnApplication/src/test/resources
2025-02-19 10:13:49,995 [Worker-17: Update Maven projects configuration] INFO  o.e.m.c.i.p.ProjectConfigurationManager - Update completed for 1 poms: local refresh takes 0.00 sec, refresh facades takes 0.00 sec, update config takes 0.00 sec 
2025-02-19 10:13:50,245 [Worker-29: Building] INFO  o.a.m.s.f.DefaultMavenResourcesFiltering - Copying 1 resource from src\main\resources to target\classes
2025-02-19 10:13:50,265 [Worker-29: Building] INFO  o.a.m.s.f.DefaultMavenResourcesFiltering - Copying 0 resource from src\main\resources to target\classes
2025-02-19 10:13:50,267 [Worker-29: Building] INFO  o.a.m.s.f.DefaultMavenResourcesFiltering - skip non existing resourceDirectory E:\PJ\Eclipse\demo-BuildingAnApplication\demo-BuildingAnApplication\src\test\resources
2025-02-19 10:15:23,423 [Worker-0: Building] INFO  o.a.m.s.f.DefaultMavenResourcesFiltering - Copying 1 resource from src\main\resources to target\classes
2025-02-19 10:15:23,429 [Worker-0: Building] INFO  o.a.m.s.f.DefaultMavenResourcesFiltering - Copying 0 resource from src\main\resources to target\classes
2025-02-19 10:15:23,431 [Worker-0: Building] INFO  o.a.m.s.f.DefaultMavenResourcesFiltering - skip non existing resourceDirectory E:\PJ\Eclipse\demo-BuildingAnApplication\demo-BuildingAnApplication\src\test\resources
2025-02-19 10:15:39,152 [Worker-31: Building] INFO  o.a.m.s.f.DefaultMavenResourcesFiltering - Copying 1 resource from src\main\resources to target\classes
2025-02-19 10:15:39,156 [Worker-31: Building] INFO  o.a.m.s.f.DefaultMavenResourcesFiltering - Copying 0 resource from src\main\resources to target\classes
2025-02-19 10:15:39,157 [Worker-31: Building] INFO  o.a.m.s.f.DefaultMavenResourcesFiltering - skip non existing resourceDirectory E:\PJ\Eclipse\demo-BuildingAnApplication\demo-BuildingAnApplication\src\test\resources
2025-02-19 10:15:44,465 [Worker-31: Building] INFO  o.a.m.s.f.DefaultMavenResourcesFiltering - Copying 1 resource from src\main\resources to target\classes
2025-02-19 10:15:44,470 [Worker-31: Building] INFO  o.a.m.s.f.DefaultMavenResourcesFiltering - Copying 0 resource from src\main\resources to target\classes
2025-02-19 10:15:44,473 [Worker-31: Building] INFO  o.a.m.s.f.DefaultMavenResourcesFiltering - skip non existing resourceDirectory E:\PJ\Eclipse\demo-BuildingAnApplication\demo-BuildingAnApplication\src\test\resources
2025-02-19 10:16:24,260 [Worker-14: Building] INFO  o.a.m.s.f.DefaultMavenResourcesFiltering - Copying 1 resource from src\main\resources to target\classes
2025-02-19 10:16:24,266 [Worker-14: Building] INFO  o.a.m.s.f.DefaultMavenResourcesFiltering - Copying 0 resource from src\main\resources to target\classes
2025-02-19 10:16:24,270 [Worker-14: Building] INFO  o.a.m.s.f.DefaultMavenResourcesFiltering - skip non existing resourceDirectory E:\PJ\Eclipse\demo-BuildingAnApplication\demo-BuildingAnApplication\src\test\resources
2025-02-19 10:17:09,894 [Worker-5: Building] INFO  o.a.m.s.f.DefaultMavenResourcesFiltering - Copying 1 resource from src\main\resources to target\classes
2025-02-19 10:17:09,898 [Worker-5: Building] INFO  o.a.m.s.f.DefaultMavenResourcesFiltering - Copying 0 resource from src\main\resources to target\classes
2025-02-19 10:17:09,900 [Worker-5: Building] INFO  o.a.m.s.f.DefaultMavenResourcesFiltering - skip non existing resourceDirectory E:\PJ\Eclipse\demo-BuildingAnApplication\demo-BuildingAnApplication\src\test\resources
2025-02-20 08:43:49,734 [Worker-5: Loading available Gradle versions] INFO  o.e.b.c.i.u.g.PublishedGradleVersions - Gradle version information cache is out-of-date. Trying to update.
2025-02-20 08:47:28,064 [Worker-14: Building] INFO  o.a.m.s.f.DefaultMavenResourcesFiltering - Copying 1 resource from src\main\resources to target\classes
2025-02-20 08:47:28,079 [Worker-14: Building] INFO  o.a.m.s.f.DefaultMavenResourcesFiltering - Copying 0 resource from src\main\resources to target\classes
2025-02-20 08:47:28,082 [Worker-14: Building] INFO  o.a.m.s.f.DefaultMavenResourcesFiltering - skip non existing resourceDirectory E:\PJ\Eclipse\demo-BuildingAnApplication\demo-BuildingAnApplication\src\test\resources
2025-02-20 08:48:38,066 [Worker-32: Building] INFO  o.a.m.s.f.DefaultMavenResourcesFiltering - Copying 1 resource from src\main\resources to target\classes
2025-02-20 08:48:38,072 [Worker-32: Building] INFO  o.a.m.s.f.DefaultMavenResourcesFiltering - Copying 0 resource from src\main\resources to target\classes
2025-02-20 08:48:38,074 [Worker-32: Building] INFO  o.a.m.s.f.DefaultMavenResourcesFiltering - skip non existing resourceDirectory E:\PJ\Eclipse\demo-BuildingAnApplication\demo-BuildingAnApplication\src\test\resources
2025-02-20 08:56:37,210 [Worker-16: Building] INFO  o.a.m.s.f.DefaultMavenResourcesFiltering - Copying 0 resource from src\main\resources to target\classes
2025-02-20 08:56:37,211 [Worker-16: Building] INFO  o.a.m.s.f.DefaultMavenResourcesFiltering - Copying 0 resource from src\main\resources to target\classes
2025-02-20 08:56:37,213 [Worker-16: Building] INFO  o.a.m.s.f.DefaultMavenResourcesFiltering - skip non existing resourceDirectory E:\PJ\Eclipse\demo-BuildingAnApplication\demo-BuildingAnApplication\src\test\resources
2025-02-20 09:01:09,426 [Worker-34: Building] INFO  o.a.m.s.f.DefaultMavenResourcesFiltering - Copying 0 resource from src\main\resources to target\classes
2025-02-20 09:01:09,426 [Worker-34: Building] INFO  o.a.m.s.f.DefaultMavenResourcesFiltering - Copying 0 resource from src\main\resources to target\classes
2025-02-20 09:01:09,428 [Worker-34: Building] INFO  o.a.m.s.f.DefaultMavenResourcesFiltering - skip non existing resourceDirectory E:\PJ\Eclipse\demo-BuildingAnApplication\demo-BuildingAnApplication\src\test\resources
2025-02-20 09:03:30,237 [Worker-14: Building] INFO  o.a.m.s.f.DefaultMavenResourcesFiltering - Copying 0 resource from src\main\resources to target\classes
2025-02-20 09:03:30,237 [Worker-14: Building] INFO  o.a.m.s.f.DefaultMavenResourcesFiltering - Copying 0 resource from src\main\resources to target\classes
2025-02-20 09:03:30,239 [Worker-14: Building] INFO  o.a.m.s.f.DefaultMavenResourcesFiltering - skip non existing resourceDirectory E:\PJ\Eclipse\demo-BuildingAnApplication\demo-BuildingAnApplication\src\test\resources
2025-02-20 09:06:15,471 [Worker-33: Building] INFO  o.a.m.s.f.DefaultMavenResourcesFiltering - Copying 0 resource from src\main\resources to target\classes
2025-02-20 09:06:15,471 [Worker-33: Building] INFO  o.a.m.s.f.DefaultMavenResourcesFiltering - Copying 0 resource from src\main\resources to target\classes
2025-02-20 09:06:15,473 [Worker-33: Building] INFO  o.a.m.s.f.DefaultMavenResourcesFiltering - skip non existing resourceDirectory E:\PJ\Eclipse\demo-BuildingAnApplication\demo-BuildingAnApplication\src\test\resources
2025-02-20 09:14:16,647 [Worker-14: Building] INFO  o.a.m.s.f.DefaultMavenResourcesFiltering - Copying 0 resource from src\main\resources to target\classes
2025-02-20 09:14:16,647 [Worker-14: Building] INFO  o.a.m.s.f.DefaultMavenResourcesFiltering - Copying 0 resource from src\main\resources to target\classes
2025-02-20 09:14:16,650 [Worker-14: Building] INFO  o.a.m.s.f.DefaultMavenResourcesFiltering - skip non existing resourceDirectory E:\PJ\Eclipse\demo-BuildingAnApplication\demo-BuildingAnApplication\src\test\resources
2025-02-20 09:17:36,468 [Worker-7: Building] INFO  o.a.m.s.f.DefaultMavenResourcesFiltering - Copying 0 resource from src\main\resources to target\classes
2025-02-20 09:17:36,468 [Worker-7: Building] INFO  o.a.m.s.f.DefaultMavenResourcesFiltering - Copying 0 resource from src\main\resources to target\classes
2025-02-20 09:17:36,469 [Worker-7: Building] INFO  o.a.m.s.f.DefaultMavenResourcesFiltering - skip non existing resourceDirectory E:\PJ\Eclipse\demo-BuildingAnApplication\demo-BuildingAnApplication\src\test\resources
2025-02-20 09:18:47,779 [Worker-34: Building] INFO  o.a.m.s.f.DefaultMavenResourcesFiltering - Copying 0 resource from src\main\resources to target\classes
2025-02-20 09:18:47,780 [Worker-34: Building] INFO  o.a.m.s.f.DefaultMavenResourcesFiltering - Copying 0 resource from src\main\resources to target\classes
2025-02-20 09:18:47,783 [Worker-34: Building] INFO  o.a.m.s.f.DefaultMavenResourcesFiltering - skip non existing resourceDirectory E:\PJ\Eclipse\demo-BuildingAnApplication\demo-BuildingAnApplication\src\test\resources
2025-02-20 09:25:14,642 [Worker-14: Building] INFO  o.a.m.s.f.DefaultMavenResourcesFiltering - Copying 0 resource from src\main\resources to target\classes
2025-02-20 09:25:14,643 [Worker-14: Building] INFO  o.a.m.s.f.DefaultMavenResourcesFiltering - Copying 0 resource from src\main\resources to target\classes
2025-02-20 09:25:14,646 [Worker-14: Building] INFO  o.a.m.s.f.DefaultMavenResourcesFiltering - skip non existing resourceDirectory E:\PJ\Eclipse\demo-BuildingAnApplication\demo-BuildingAnApplication\src\test\resources
2025-02-20 09:26:36,525 [Worker-7: Building] INFO  o.a.m.s.f.DefaultMavenResourcesFiltering - Copying 0 resource from src\main\resources to target\classes
2025-02-20 09:26:36,525 [Worker-7: Building] INFO  o.a.m.s.f.DefaultMavenResourcesFiltering - Copying 0 resource from src\main\resources to target\classes
2025-02-20 09:26:36,527 [Worker-7: Building] INFO  o.a.m.s.f.DefaultMavenResourcesFiltering - skip non existing resourceDirectory E:\PJ\Eclipse\demo-BuildingAnApplication\demo-BuildingAnApplication\src\test\resources
2025-02-20 09:26:42,126 [Worker-33: Building] INFO  o.a.m.s.f.DefaultMavenResourcesFiltering - Copying 0 resource from src\main\resources to target\classes
2025-02-20 09:26:42,127 [Worker-33: Building] INFO  o.a.m.s.f.DefaultMavenResourcesFiltering - Copying 0 resource from src\main\resources to target\classes
2025-02-20 09:26:42,129 [Worker-33: Building] INFO  o.a.m.s.f.DefaultMavenResourcesFiltering - skip non existing resourceDirectory E:\PJ\Eclipse\demo-BuildingAnApplication\demo-BuildingAnApplication\src\test\resources
2025-02-20 09:27:20,344 [Worker-29: Building] INFO  o.e.m.c.i.l.LifecycleMappingFactory - Using org.eclipse.m2e.jdt.JarLifecycleMapping lifecycle mapping for MavenProject: com.example:demo:0.0.1-SNAPSHOT @ E:\PJ\Eclipse\demo-BuildingAnApplication\demo-BuildingAnApplication\pom.xml.
2025-02-20 09:27:20,797 [Worker-29: Building] INFO  o.e.m.c.i.e.AbstractTransferListenerAdapter - Downloading https://repo.maven.apache.org/maven2/org/springframework/boot/spring-boot-starter-actuator/3.4.2/spring-boot-starter-actuator-3.4.2.pom
2025-02-20 09:27:20,807 [Worker-29: Building] INFO  o.e.m.c.i.e.AbstractTransferListenerAdapter - Downloaded https://repo.maven.apache.org/maven2/org/springframework/boot/spring-boot-starter-actuator/3.4.2/spring-boot-starter-actuator-3.4.2.pom
2025-02-20 09:27:20,877 [Worker-29: Building] INFO  o.e.m.c.i.e.AbstractTransferListenerAdapter - Downloading https://repo.maven.apache.org/maven2/org/springframework/boot/spring-boot-actuator-autoconfigure/3.4.2/spring-boot-actuator-autoconfigure-3.4.2.pom
2025-02-20 09:27:20,885 [Worker-29: Building] INFO  o.e.m.c.i.e.AbstractTransferListenerAdapter - Downloaded https://repo.maven.apache.org/maven2/org/springframework/boot/spring-boot-actuator-autoconfigure/3.4.2/spring-boot-actuator-autoconfigure-3.4.2.pom
2025-02-20 09:27:20,952 [Worker-29: Building] INFO  o.e.m.c.i.e.AbstractTransferListenerAdapter - Downloading https://repo.maven.apache.org/maven2/org/springframework/boot/spring-boot-actuator/3.4.2/spring-boot-actuator-3.4.2.pom
2025-02-20 09:27:20,960 [Worker-29: Building] INFO  o.e.m.c.i.e.AbstractTransferListenerAdapter - Downloaded https://repo.maven.apache.org/maven2/org/springframework/boot/spring-boot-actuator/3.4.2/spring-boot-actuator-3.4.2.pom
2025-02-20 09:27:21,027 [Worker-29: Building] INFO  o.e.m.c.i.e.AbstractTransferListenerAdapter - Downloading https://repo.maven.apache.org/maven2/io/micrometer/micrometer-jakarta9/1.14.3/micrometer-jakarta9-1.14.3.pom
2025-02-20 09:27:21,044 [Worker-29: Building] INFO  o.e.m.c.i.e.AbstractTransferListenerAdapter - Downloaded https://repo.maven.apache.org/maven2/io/micrometer/micrometer-jakarta9/1.14.3/micrometer-jakarta9-1.14.3.pom
2025-02-20 09:27:21,112 [Worker-29: Building] INFO  o.e.m.c.i.e.AbstractTransferListenerAdapter - Downloading https://repo.maven.apache.org/maven2/io/micrometer/micrometer-core/1.14.3/micrometer-core-1.14.3.pom
2025-02-20 09:27:21,135 [Worker-29: Building] INFO  o.e.m.c.i.e.AbstractTransferListenerAdapter - Downloaded https://repo.maven.apache.org/maven2/io/micrometer/micrometer-core/1.14.3/micrometer-core-1.14.3.pom
2025-02-20 09:27:21,209 [Worker-29: Building] INFO  o.e.m.c.i.e.AbstractTransferListenerAdapter - Downloading https://repo.maven.apache.org/maven2/org/hdrhistogram/HdrHistogram/2.2.2/HdrHistogram-2.2.2.pom
2025-02-20 09:27:21,238 [Worker-29: Building] INFO  o.e.m.c.i.e.AbstractTransferListenerAdapter - Downloaded https://repo.maven.apache.org/maven2/org/hdrhistogram/HdrHistogram/2.2.2/HdrHistogram-2.2.2.pom
2025-02-20 09:27:21,312 [Worker-29: Building] INFO  o.e.m.c.i.e.AbstractTransferListenerAdapter - Downloading https://repo.maven.apache.org/maven2/org/latencyutils/LatencyUtils/2.0.3/LatencyUtils-2.0.3.pom
2025-02-20 09:27:21,327 [Worker-29: Building] INFO  o.e.m.c.i.e.AbstractTransferListenerAdapter - Downloaded https://repo.maven.apache.org/maven2/org/latencyutils/LatencyUtils/2.0.3/LatencyUtils-2.0.3.pom
2025-02-20 09:27:21,482 [Worker-29: Building] INFO  o.e.m.c.i.e.AbstractTransferListenerAdapter - Downloading https://repo.maven.apache.org/maven2/org/springframework/boot/spring-boot-starter-actuator/3.4.2/spring-boot-starter-actuator-3.4.2.jar
2025-02-20 09:27:21,488 [Worker-29: Building] INFO  o.e.m.c.i.e.AbstractTransferListenerAdapter - Downloaded https://repo.maven.apache.org/maven2/org/springframework/boot/spring-boot-starter-actuator/3.4.2/spring-boot-starter-actuator-3.4.2.jar
2025-02-20 09:27:21,551 [BasicRepositoryConnector-repo.maven.apache.org-0-2] INFO  o.e.m.c.i.e.AbstractTransferListenerAdapter - Downloading https://repo.maven.apache.org/maven2/io/micrometer/micrometer-jakarta9/1.14.3/micrometer-jakarta9-1.14.3.jar
2025-02-20 09:27:21,630 [BasicRepositoryConnector-repo.maven.apache.org-0-4] INFO  o.e.m.c.i.e.AbstractTransferListenerAdapter - Downloading https://repo.maven.apache.org/maven2/org/hdrhistogram/HdrHistogram/2.2.2/HdrHistogram-2.2.2.jar
2025-02-20 09:27:21,654 [BasicRepositoryConnector-repo.maven.apache.org-0-0] INFO  o.e.m.c.i.e.AbstractTransferListenerAdapter - Downloading https://repo.maven.apache.org/maven2/org/springframework/boot/spring-boot-actuator-autoconfigure/3.4.2/spring-boot-actuator-autoconfigure-3.4.2.jar
2025-02-20 09:27:21,689 [BasicRepositoryConnector-repo.maven.apache.org-0-1] INFO  o.e.m.c.i.e.AbstractTransferListenerAdapter - Downloading https://repo.maven.apache.org/maven2/org/springframework/boot/spring-boot-actuator/3.4.2/spring-boot-actuator-3.4.2.jar
2025-02-20 09:27:21,703 [BasicRepositoryConnector-repo.maven.apache.org-0-3] INFO  o.e.m.c.i.e.AbstractTransferListenerAdapter - Downloading https://repo.maven.apache.org/maven2/io/micrometer/micrometer-core/1.14.3/micrometer-core-1.14.3.jar
2025-02-20 09:27:21,891 [BasicRepositoryConnector-repo.maven.apache.org-0-2] INFO  o.e.m.c.i.e.AbstractTransferListenerAdapter - Downloaded https://repo.maven.apache.org/maven2/io/micrometer/micrometer-jakarta9/1.14.3/micrometer-jakarta9-1.14.3.jar
2025-02-20 09:27:21,947 [BasicRepositoryConnector-repo.maven.apache.org-0-4] INFO  o.e.m.c.i.e.AbstractTransferListenerAdapter - Downloaded https://repo.maven.apache.org/maven2/org/hdrhistogram/HdrHistogram/2.2.2/HdrHistogram-2.2.2.jar
2025-02-20 09:27:22,029 [BasicRepositoryConnector-repo.maven.apache.org-0-2] INFO  o.e.m.c.i.e.AbstractTransferListenerAdapter - Downloading https://repo.maven.apache.org/maven2/org/latencyutils/LatencyUtils/2.0.3/LatencyUtils-2.0.3.jar
2025-02-20 09:27:22,282 [BasicRepositoryConnector-repo.maven.apache.org-0-2] INFO  o.e.m.c.i.e.AbstractTransferListenerAdapter - Downloaded https://repo.maven.apache.org/maven2/org/latencyutils/LatencyUtils/2.0.3/LatencyUtils-2.0.3.jar
2025-02-20 09:27:22,937 [BasicRepositoryConnector-repo.maven.apache.org-0-0] INFO  o.e.m.c.i.e.AbstractTransferListenerAdapter - Downloaded https://repo.maven.apache.org/maven2/org/springframework/boot/spring-boot-actuator-autoconfigure/3.4.2/spring-boot-actuator-autoconfigure-3.4.2.jar
2025-02-20 09:27:23,024 [BasicRepositoryConnector-repo.maven.apache.org-0-1] INFO  o.e.m.c.i.e.AbstractTransferListenerAdapter - Downloaded https://repo.maven.apache.org/maven2/org/springframework/boot/spring-boot-actuator/3.4.2/spring-boot-actuator-3.4.2.jar
2025-02-20 09:27:23,069 [BasicRepositoryConnector-repo.maven.apache.org-0-3] INFO  o.e.m.c.i.e.AbstractTransferListenerAdapter - Downloaded https://repo.maven.apache.org/maven2/io/micrometer/micrometer-core/1.14.3/micrometer-core-1.14.3.jar
2025-02-20 09:27:23,573 [Worker-29: Building] INFO  o.a.m.s.f.DefaultMavenResourcesFiltering - Copying 0 resource from src\main\resources to target\classes
2025-02-20 09:27:23,574 [Worker-29: Building] INFO  o.a.m.s.f.DefaultMavenResourcesFiltering - Copying 0 resource from src\main\resources to target\classes
2025-02-20 09:27:23,577 [Worker-29: Building] INFO  o.a.m.s.f.DefaultMavenResourcesFiltering - skip non existing resourceDirectory E:\PJ\Eclipse\demo-BuildingAnApplication\demo-BuildingAnApplication\src\test\resources
2025-02-20 09:27:24,612 [Worker-34: Download sources and javadoc] INFO  o.e.m.c.i.e.AbstractTransferListenerAdapter - Downloading https://repo.maven.apache.org/maven2/org/springframework/boot/spring-boot-starter-actuator/3.4.2/spring-boot-starter-actuator-3.4.2-sources.jar
2025-02-20 09:27:24,647 [Worker-34: Download sources and javadoc] INFO  o.e.m.c.i.e.AbstractTransferListenerAdapter - Downloaded https://repo.maven.apache.org/maven2/org/springframework/boot/spring-boot-starter-actuator/3.4.2/spring-boot-starter-actuator-3.4.2-sources.jar
2025-02-20 09:27:24,657 [Worker-34: Download sources and javadoc] INFO  o.e.m.j.internal.DownloadSourcesJob - Downloaded sources for org.springframework.boot:spring-boot-starter-actuator:3.4.2
2025-02-20 09:27:24,828 [Worker-14: Building] INFO  o.a.m.s.f.DefaultMavenResourcesFiltering - Copying 1 resource from src\main\resources to target\classes
2025-02-20 09:27:24,877 [Worker-34: Download sources and javadoc] INFO  o.e.m.c.i.e.AbstractTransferListenerAdapter - Downloading https://repo.maven.apache.org/maven2/org/springframework/boot/spring-boot-actuator-autoconfigure/3.4.2/spring-boot-actuator-autoconfigure-3.4.2-sources.jar
2025-02-20 09:27:24,884 [Worker-14: Building] INFO  o.a.m.s.f.DefaultMavenResourcesFiltering - Copying 0 resource from src\main\resources to target\classes
2025-02-20 09:27:24,890 [Worker-14: Building] INFO  o.a.m.s.f.DefaultMavenResourcesFiltering - skip non existing resourceDirectory E:\PJ\Eclipse\demo-BuildingAnApplication\demo-BuildingAnApplication\src\test\resources
2025-02-20 09:27:25,277 [Worker-34: Download sources and javadoc] INFO  o.e.m.c.i.e.AbstractTransferListenerAdapter - Downloaded https://repo.maven.apache.org/maven2/org/springframework/boot/spring-boot-actuator-autoconfigure/3.4.2/spring-boot-actuator-autoconfigure-3.4.2-sources.jar
2025-02-20 09:27:25,286 [Worker-34: Download sources and javadoc] INFO  o.e.m.j.internal.DownloadSourcesJob - Downloaded sources for org.springframework.boot:spring-boot-actuator-autoconfigure:3.4.2
2025-02-20 09:27:25,455 [Worker-34: Download sources and javadoc] INFO  o.e.m.c.i.e.AbstractTransferListenerAdapter - Downloading https://repo.maven.apache.org/maven2/org/springframework/boot/spring-boot-actuator/3.4.2/spring-boot-actuator-3.4.2-sources.jar
2025-02-20 09:27:25,783 [Worker-34: Download sources and javadoc] INFO  o.e.m.c.i.e.AbstractTransferListenerAdapter - Downloaded https://repo.maven.apache.org/maven2/org/springframework/boot/spring-boot-actuator/3.4.2/spring-boot-actuator-3.4.2-sources.jar
2025-02-20 09:27:25,792 [Worker-34: Download sources and javadoc] INFO  o.e.m.j.internal.DownloadSourcesJob - Downloaded sources for org.springframework.boot:spring-boot-actuator:3.4.2
2025-02-20 09:27:25,982 [Worker-34: Download sources and javadoc] INFO  o.e.m.c.i.e.AbstractTransferListenerAdapter - Downloading https://repo.maven.apache.org/maven2/io/micrometer/micrometer-jakarta9/1.14.3/micrometer-jakarta9-1.14.3-sources.jar
2025-02-20 09:27:26,304 [Worker-34: Download sources and javadoc] INFO  o.e.m.c.i.e.AbstractTransferListenerAdapter - Downloaded https://repo.maven.apache.org/maven2/io/micrometer/micrometer-jakarta9/1.14.3/micrometer-jakarta9-1.14.3-sources.jar
2025-02-20 09:27:26,318 [Worker-34: Download sources and javadoc] INFO  o.e.m.j.internal.DownloadSourcesJob - Downloaded sources for io.micrometer:micrometer-jakarta9:1.14.3
2025-02-20 09:27:26,480 [Worker-34: Download sources and javadoc] INFO  o.e.m.c.i.e.AbstractTransferListenerAdapter - Downloading https://repo.maven.apache.org/maven2/io/micrometer/micrometer-core/1.14.3/micrometer-core-1.14.3-sources.jar
2025-02-20 09:27:26,844 [Worker-34: Download sources and javadoc] INFO  o.e.m.c.i.e.AbstractTransferListenerAdapter - Downloaded https://repo.maven.apache.org/maven2/io/micrometer/micrometer-core/1.14.3/micrometer-core-1.14.3-sources.jar
2025-02-20 09:27:26,851 [Worker-34: Download sources and javadoc] INFO  o.e.m.j.internal.DownloadSourcesJob - Downloaded sources for io.micrometer:micrometer-core:1.14.3
2025-02-20 09:27:27,053 [Worker-34: Download sources and javadoc] INFO  o.e.m.c.i.e.AbstractTransferListenerAdapter - Downloading https://repo.maven.apache.org/maven2/org/hdrhistogram/HdrHistogram/2.2.2/HdrHistogram-2.2.2-sources.jar
2025-02-20 09:27:27,203 [Worker-34: Download sources and javadoc] INFO  o.e.m.c.i.e.AbstractTransferListenerAdapter - Downloaded https://repo.maven.apache.org/maven2/org/hdrhistogram/HdrHistogram/2.2.2/HdrHistogram-2.2.2-sources.jar
2025-02-20 09:27:27,211 [Worker-34: Download sources and javadoc] INFO  o.e.m.j.internal.DownloadSourcesJob - Downloaded sources for org.hdrhistogram:HdrHistogram:2.2.2
2025-02-20 09:27:27,373 [Worker-34: Download sources and javadoc] INFO  o.e.m.c.i.e.AbstractTransferListenerAdapter - Downloading https://repo.maven.apache.org/maven2/org/latencyutils/LatencyUtils/2.0.3/LatencyUtils-2.0.3-sources.jar
2025-02-20 09:27:27,587 [Worker-34: Download sources and javadoc] INFO  o.e.m.c.i.e.AbstractTransferListenerAdapter - Downloaded https://repo.maven.apache.org/maven2/org/latencyutils/LatencyUtils/2.0.3/LatencyUtils-2.0.3-sources.jar
2025-02-20 09:27:27,600 [Worker-34: Download sources and javadoc] INFO  o.e.m.j.internal.DownloadSourcesJob - Downloaded sources for org.latencyutils:LatencyUtils:2.0.3
2025-02-20 09:32:32,755 [Worker-14: Building] INFO  o.a.m.s.f.DefaultMavenResourcesFiltering - Copying 0 resource from src\main\resources to target\classes
2025-02-20 09:32:32,755 [Worker-14: Building] INFO  o.a.m.s.f.DefaultMavenResourcesFiltering - Copying 0 resource from src\main\resources to target\classes
2025-02-20 09:32:32,757 [Worker-14: Building] INFO  o.a.m.s.f.DefaultMavenResourcesFiltering - skip non existing resourceDirectory E:\PJ\Eclipse\demo-BuildingAnApplication\demo-BuildingAnApplication\src\test\resources
2025-02-20 09:33:37,073 [Worker-33: Building] INFO  o.a.m.s.f.DefaultMavenResourcesFiltering - Copying 1 resource from src\main\resources to target\classes
2025-02-20 09:33:37,080 [Worker-33: Building] INFO  o.a.m.s.f.DefaultMavenResourcesFiltering - Copying 0 resource from src\main\resources to target\classes
2025-02-20 09:33:37,082 [Worker-33: Building] INFO  o.a.m.s.f.DefaultMavenResourcesFiltering - skip non existing resourceDirectory E:\PJ\Eclipse\demo-BuildingAnApplication\demo-BuildingAnApplication\src\test\resources
2025-02-20 09:33:57,999 [Worker-33: Building] INFO  o.a.m.s.f.DefaultMavenResourcesFiltering - Copying 1 resource from src\main\resources to target\classes
2025-02-20 09:33:58,005 [Worker-33: Building] INFO  o.a.m.s.f.DefaultMavenResourcesFiltering - Copying 0 resource from src\main\resources to target\classes
2025-02-20 09:33:58,007 [Worker-33: Building] INFO  o.a.m.s.f.DefaultMavenResourcesFiltering - skip non existing resourceDirectory E:\PJ\Eclipse\demo-BuildingAnApplication\demo-BuildingAnApplication\src\test\resources
2025-02-20 09:36:00,756 [Worker-35: Building] INFO  o.a.m.s.f.DefaultMavenResourcesFiltering - Copying 1 resource from src\main\resources to target\classes
2025-02-20 09:36:00,761 [Worker-35: Building] INFO  o.a.m.s.f.DefaultMavenResourcesFiltering - Copying 0 resource from src\main\resources to target\classes
2025-02-20 09:36:00,764 [Worker-35: Building] INFO  o.a.m.s.f.DefaultMavenResourcesFiltering - skip non existing resourceDirectory E:\PJ\Eclipse\demo-BuildingAnApplication\demo-BuildingAnApplication\src\test\resources
2025-02-20 09:36:41,123 [Worker-33: Building] INFO  o.a.m.s.f.DefaultMavenResourcesFiltering - Copying 1 resource from src\main\resources to target\classes
2025-02-20 09:36:41,127 [Worker-33: Building] INFO  o.a.m.s.f.DefaultMavenResourcesFiltering - Copying 0 resource from src\main\resources to target\classes
2025-02-20 09:36:41,129 [Worker-33: Building] INFO  o.a.m.s.f.DefaultMavenResourcesFiltering - skip non existing resourceDirectory E:\PJ\Eclipse\demo-BuildingAnApplication\demo-BuildingAnApplication\src\test\resources
2025-02-20 09:37:36,133 [Worker-33: Building] INFO  o.a.m.s.f.DefaultMavenResourcesFiltering - Copying 1 resource from src\main\resources to target\classes
2025-02-20 09:37:36,136 [Worker-33: Building] INFO  o.a.m.s.f.DefaultMavenResourcesFiltering - Copying 0 resource from src\main\resources to target\classes
2025-02-20 09:37:36,138 [Worker-33: Building] INFO  o.a.m.s.f.DefaultMavenResourcesFiltering - skip non existing resourceDirectory E:\PJ\Eclipse\demo-BuildingAnApplication\demo-BuildingAnApplication\src\test\resources
2025-02-20 09:37:40,413 [Worker-29: Building] INFO  o.a.m.s.f.DefaultMavenResourcesFiltering - Copying 1 resource from src\main\resources to target\classes
2025-02-20 09:37:40,416 [Worker-29: Building] INFO  o.a.m.s.f.DefaultMavenResourcesFiltering - Copying 0 resource from src\main\resources to target\classes
2025-02-20 09:37:40,418 [Worker-29: Building] INFO  o.a.m.s.f.DefaultMavenResourcesFiltering - skip non existing resourceDirectory E:\PJ\Eclipse\demo-BuildingAnApplication\demo-BuildingAnApplication\src\test\resources
2025-02-20 09:38:31,846 [Worker-29: Building] INFO  o.a.m.s.f.DefaultMavenResourcesFiltering - Copying 0 resource from src\main\resources to target\classes
2025-02-20 09:38:31,847 [Worker-29: Building] INFO  o.a.m.s.f.DefaultMavenResourcesFiltering - Copying 0 resource from src\main\resources to target\classes
2025-02-20 09:38:31,848 [Worker-29: Building] INFO  o.a.m.s.f.DefaultMavenResourcesFiltering - skip non existing resourceDirectory E:\PJ\Eclipse\demo-BuildingAnApplication\demo-BuildingAnApplication\src\test\resources
2025-02-20 09:38:50,850 [Worker-14: Building] INFO  o.a.m.s.f.DefaultMavenResourcesFiltering - Copying 0 resource from src\main\resources to target\classes
2025-02-20 09:38:50,850 [Worker-14: Building] INFO  o.a.m.s.f.DefaultMavenResourcesFiltering - Copying 0 resource from src\main\resources to target\classes
2025-02-20 09:38:50,852 [Worker-14: Building] INFO  o.a.m.s.f.DefaultMavenResourcesFiltering - skip non existing resourceDirectory E:\PJ\Eclipse\demo-BuildingAnApplication\demo-BuildingAnApplication\src\test\resources
2025-02-20 09:40:18,583 [Worker-14: Building] INFO  o.a.m.s.f.DefaultMavenResourcesFiltering - Copying 0 resource from src\main\resources to target\classes
2025-02-20 09:40:18,584 [Worker-14: Building] INFO  o.a.m.s.f.DefaultMavenResourcesFiltering - Copying 0 resource from src\main\resources to target\classes
2025-02-20 09:40:18,585 [Worker-14: Building] INFO  o.a.m.s.f.DefaultMavenResourcesFiltering - skip non existing resourceDirectory E:\PJ\Eclipse\demo-BuildingAnApplication\demo-BuildingAnApplication\src\test\resources
2025-02-20 09:40:47,093 [Worker-14: Building] INFO  o.a.m.s.f.DefaultMavenResourcesFiltering - Copying 0 resource from src\main\resources to target\classes
2025-02-20 09:40:47,094 [Worker-14: Building] INFO  o.a.m.s.f.DefaultMavenResourcesFiltering - Copying 0 resource from src\main\resources to target\classes
2025-02-20 09:40:47,096 [Worker-14: Building] INFO  o.a.m.s.f.DefaultMavenResourcesFiltering - skip non existing resourceDirectory E:\PJ\Eclipse\demo-BuildingAnApplication\demo-BuildingAnApplication\src\test\resources
2025-02-20 09:42:35,457 [Worker-29: Building] INFO  o.a.m.s.f.DefaultMavenResourcesFiltering - Copying 0 resource from src\main\resources to target\classes
2025-02-20 09:42:35,458 [Worker-29: Building] INFO  o.a.m.s.f.DefaultMavenResourcesFiltering - Copying 0 resource from src\main\resources to target\classes
2025-02-20 09:42:35,460 [Worker-29: Building] INFO  o.a.m.s.f.DefaultMavenResourcesFiltering - skip non existing resourceDirectory E:\PJ\Eclipse\demo-BuildingAnApplication\demo-BuildingAnApplication\src\test\resources
2025-02-20 09:42:48,652 [Worker-35: Building] INFO  o.a.m.s.f.DefaultMavenResourcesFiltering - Copying 0 resource from src\main\resources to target\classes
2025-02-20 09:42:48,652 [Worker-35: Building] INFO  o.a.m.s.f.DefaultMavenResourcesFiltering - Copying 0 resource from src\main\resources to target\classes
2025-02-20 09:42:48,653 [Worker-35: Building] INFO  o.a.m.s.f.DefaultMavenResourcesFiltering - skip non existing resourceDirectory E:\PJ\Eclipse\demo-BuildingAnApplication\demo-BuildingAnApplication\src\test\resources
2025-02-20 09:43:04,528 [Worker-33: Building] INFO  o.a.m.s.f.DefaultMavenResourcesFiltering - Copying 0 resource from src\main\resources to target\classes
2025-02-20 09:43:04,528 [Worker-33: Building] INFO  o.a.m.s.f.DefaultMavenResourcesFiltering - Copying 0 resource from src\main\resources to target\classes
2025-02-20 09:43:04,529 [Worker-33: Building] INFO  o.a.m.s.f.DefaultMavenResourcesFiltering - skip non existing resourceDirectory E:\PJ\Eclipse\demo-BuildingAnApplication\demo-BuildingAnApplication\src\test\resources
2025-02-20 09:43:28,428 [Worker-29: Building] INFO  o.a.m.s.f.DefaultMavenResourcesFiltering - Copying 0 resource from src\main\resources to target\classes
2025-02-20 09:43:28,428 [Worker-29: Building] INFO  o.a.m.s.f.DefaultMavenResourcesFiltering - Copying 0 resource from src\main\resources to target\classes
2025-02-20 09:43:28,431 [Worker-29: Building] INFO  o.a.m.s.f.DefaultMavenResourcesFiltering - skip non existing resourceDirectory E:\PJ\Eclipse\demo-BuildingAnApplication\demo-BuildingAnApplication\src\test\resources
2025-02-20 09:44:13,586 [Worker-36: Building] INFO  o.a.m.s.f.DefaultMavenResourcesFiltering - Copying 0 resource from src\main\resources to target\classes
2025-02-20 09:44:13,586 [Worker-36: Building] INFO  o.a.m.s.f.DefaultMavenResourcesFiltering - Copying 0 resource from src\main\resources to target\classes
2025-02-20 09:44:13,588 [Worker-36: Building] INFO  o.a.m.s.f.DefaultMavenResourcesFiltering - skip non existing resourceDirectory E:\PJ\Eclipse\demo-BuildingAnApplication\demo-BuildingAnApplication\src\test\resources
2025-02-20 09:44:34,946 [Worker-36: Building] INFO  o.a.m.s.f.DefaultMavenResourcesFiltering - Copying 0 resource from src\main\resources to target\classes
2025-02-20 09:44:34,946 [Worker-36: Building] INFO  o.a.m.s.f.DefaultMavenResourcesFiltering - Copying 0 resource from src\main\resources to target\classes
2025-02-20 09:44:34,948 [Worker-36: Building] INFO  o.a.m.s.f.DefaultMavenResourcesFiltering - skip non existing resourceDirectory E:\PJ\Eclipse\demo-BuildingAnApplication\demo-BuildingAnApplication\src\test\resources
2025-02-20 09:45:00,056 [Worker-29: Building] INFO  o.a.m.s.f.DefaultMavenResourcesFiltering - Copying 0 resource from src\main\resources to target\classes
2025-02-20 09:45:00,056 [Worker-29: Building] INFO  o.a.m.s.f.DefaultMavenResourcesFiltering - Copying 0 resource from src\main\resources to target\classes
2025-02-20 09:45:00,058 [Worker-29: Building] INFO  o.a.m.s.f.DefaultMavenResourcesFiltering - skip non existing resourceDirectory E:\PJ\Eclipse\demo-BuildingAnApplication\demo-BuildingAnApplication\src\test\resources
2025-02-20 09:45:07,186 [Worker-29: Building] INFO  o.a.m.s.f.DefaultMavenResourcesFiltering - Copying 0 resource from src\main\resources to target\classes
2025-02-20 09:45:07,186 [Worker-29: Building] INFO  o.a.m.s.f.DefaultMavenResourcesFiltering - Copying 0 resource from src\main\resources to target\classes
2025-02-20 09:45:07,188 [Worker-29: Building] INFO  o.a.m.s.f.DefaultMavenResourcesFiltering - skip non existing resourceDirectory E:\PJ\Eclipse\demo-BuildingAnApplication\demo-BuildingAnApplication\src\test\resources
2025-02-20 09:46:37,518 [main] INFO  o.e.m.jdt.internal.UnitTestSupport - Updating HelloControllerITest from maven configuration
2025-02-20 09:46:49,061 [Worker-33: Launching HelloControllerITest] INFO  o.a.m.s.f.DefaultMavenResourcesFiltering - Copying 0 resource from src\main\resources to target\classes
2025-02-20 09:46:49,062 [Worker-33: Launching HelloControllerITest] INFO  o.a.m.s.f.DefaultMavenResourcesFiltering - Copying 0 resource from src\main\resources to target\classes
2025-02-20 09:46:49,063 [Worker-33: Launching HelloControllerITest] INFO  o.a.m.s.f.DefaultMavenResourcesFiltering - skip non existing resourceDirectory E:\PJ\Eclipse\demo-BuildingAnApplication\demo-BuildingAnApplication\src\test\resources
2025-02-20 09:51:54,707 [Worker-7: Building] INFO  o.a.m.s.f.DefaultMavenResourcesFiltering - Copying 1 resource from src\main\resources to target\classes
2025-02-20 09:51:54,712 [Worker-7: Building] INFO  o.a.m.s.f.DefaultMavenResourcesFiltering - Copying 0 resource from src\main\resources to target\classes
2025-02-20 09:51:54,714 [Worker-7: Building] INFO  o.a.m.s.f.DefaultMavenResourcesFiltering - skip non existing resourceDirectory E:\PJ\Eclipse\demo-BuildingAnApplication\demo-BuildingAnApplication\src\test\resources
2025-02-20 09:56:25,802 [Worker-36: Building] INFO  o.a.m.s.f.DefaultMavenResourcesFiltering - Copying 0 resource from src\main\resources to target\classes
2025-02-20 09:56:25,802 [Worker-36: Building] INFO  o.a.m.s.f.DefaultMavenResourcesFiltering - Copying 0 resource from src\main\resources to target\classes
2025-02-20 09:56:25,803 [Worker-36: Building] INFO  o.a.m.s.f.DefaultMavenResourcesFiltering - skip non existing resourceDirectory E:\PJ\Eclipse\demo-BuildingAnApplication\demo-BuildingAnApplication\src\test\resources
2025-02-20 10:00:08,492 [Worker-36: Update Maven projects configuration] INFO  o.e.m.c.i.p.ProjectConfigurationManager - Update started
2025-02-20 10:00:08,852 [Worker-36: Update Maven projects configuration] INFO  o.e.m.c.i.l.LifecycleMappingFactory - Using org.eclipse.m2e.jdt.JarLifecycleMapping lifecycle mapping for MavenProject: com.example:demo:0.0.1-SNAPSHOT @ E:\PJ\Eclipse\demo-BuildingARESTfulWebService\demo-BuildingARESTfulWebService\pom.xml.
2025-02-20 10:00:09,516 [Worker-36: Update Maven projects configuration] INFO  o.e.m.j.i.AbstractJavaProjectConfigurator - Adding source folder /demo-BuildingARESTfulWebService/src/main/java
2025-02-20 10:00:09,518 [Worker-36: Update Maven projects configuration] INFO  o.e.m.j.i.AbstractJavaProjectConfigurator - Adding resource folder /demo-BuildingARESTfulWebService/src/main/resources
2025-02-20 10:00:09,527 [Worker-36: Update Maven projects configuration] INFO  o.e.m.j.i.AbstractJavaProjectConfigurator - Adding resource folder /demo-BuildingARESTfulWebService/src/main/resources
2025-02-20 10:00:09,535 [Worker-36: Update Maven projects configuration] INFO  o.e.m.j.i.AbstractJavaProjectConfigurator - Adding source folder /demo-BuildingARESTfulWebService/src/test/java
2025-02-20 10:00:09,536 [Worker-36: Update Maven projects configuration] INFO  o.e.m.j.i.AbstractJavaProjectConfigurator - Adding resource folder /demo-BuildingARESTfulWebService/src/test/resources
2025-02-20 10:00:09,685 [Worker-36: Update Maven projects configuration] INFO  o.e.m.c.i.p.ProjectConfigurationManager - Update completed for 1 poms: local refresh takes 0.00 sec, refresh facades takes 0.00 sec, update config takes 0.00 sec 
2025-02-20 10:00:09,896 [Worker-14: Building] INFO  o.a.m.s.f.DefaultMavenResourcesFiltering - Copying 1 resource from src\main\resources to target\classes
2025-02-20 10:00:09,905 [Worker-14: Building] INFO  o.a.m.s.f.DefaultMavenResourcesFiltering - Copying 0 resource from src\main\resources to target\classes
2025-02-20 10:00:09,908 [Worker-14: Building] INFO  o.a.m.s.f.DefaultMavenResourcesFiltering - skip non existing resourceDirectory E:\PJ\Eclipse\demo-BuildingARESTfulWebService\demo-BuildingARESTfulWebService\src\test\resources
2025-02-20 10:03:44,929 [Worker-37: Building] INFO  o.a.m.s.f.DefaultMavenResourcesFiltering - Copying 1 resource from src\main\resources to target\classes
2025-02-20 10:03:44,937 [Worker-37: Building] INFO  o.a.m.s.f.DefaultMavenResourcesFiltering - Copying 0 resource from src\main\resources to target\classes
2025-02-20 10:03:44,939 [Worker-37: Building] INFO  o.a.m.s.f.DefaultMavenResourcesFiltering - skip non existing resourceDirectory E:\PJ\Eclipse\demo-BuildingARESTfulWebService\demo-BuildingARESTfulWebService\src\test\resources
2025-02-20 10:03:53,487 [Worker-37: Building] INFO  o.a.m.s.f.DefaultMavenResourcesFiltering - Copying 1 resource from src\main\resources to target\classes
2025-02-20 10:03:53,493 [Worker-37: Building] INFO  o.a.m.s.f.DefaultMavenResourcesFiltering - Copying 0 resource from src\main\resources to target\classes
2025-02-20 10:03:53,495 [Worker-37: Building] INFO  o.a.m.s.f.DefaultMavenResourcesFiltering - skip non existing resourceDirectory E:\PJ\Eclipse\demo-BuildingARESTfulWebService\demo-BuildingARESTfulWebService\src\test\resources
2025-02-20 10:05:17,575 [Worker-38: Building] INFO  o.a.m.s.f.DefaultMavenResourcesFiltering - Copying 1 resource from src\main\resources to target\classes
2025-02-20 10:05:17,579 [Worker-38: Building] INFO  o.a.m.s.f.DefaultMavenResourcesFiltering - Copying 0 resource from src\main\resources to target\classes
2025-02-20 10:05:17,581 [Worker-38: Building] INFO  o.a.m.s.f.DefaultMavenResourcesFiltering - skip non existing resourceDirectory E:\PJ\Eclipse\demo-BuildingARESTfulWebService\demo-BuildingARESTfulWebService\src\test\resources
2025-02-20 10:05:38,799 [Worker-38: Building] INFO  o.a.m.s.f.DefaultMavenResourcesFiltering - Copying 1 resource from src\main\resources to target\classes
2025-02-20 10:05:38,802 [Worker-38: Building] INFO  o.a.m.s.f.DefaultMavenResourcesFiltering - Copying 0 resource from src\main\resources to target\classes
2025-02-20 10:05:38,804 [Worker-38: Building] INFO  o.a.m.s.f.DefaultMavenResourcesFiltering - skip non existing resourceDirectory E:\PJ\Eclipse\demo-BuildingARESTfulWebService\demo-BuildingARESTfulWebService\src\test\resources
2025-02-20 10:06:08,418 [Worker-14: Building] INFO  o.a.m.s.f.DefaultMavenResourcesFiltering - Copying 1 resource from src\main\resources to target\classes
2025-02-20 10:06:08,425 [Worker-14: Building] INFO  o.a.m.s.f.DefaultMavenResourcesFiltering - Copying 0 resource from src\main\resources to target\classes
2025-02-20 10:06:08,427 [Worker-14: Building] INFO  o.a.m.s.f.DefaultMavenResourcesFiltering - skip non existing resourceDirectory E:\PJ\Eclipse\demo-BuildingARESTfulWebService\demo-BuildingARESTfulWebService\src\test\resources
2025-02-20 10:06:25,304 [Worker-7: Building] INFO  o.a.m.s.f.DefaultMavenResourcesFiltering - Copying 1 resource from src\main\resources to target\classes
2025-02-20 10:06:25,308 [Worker-7: Building] INFO  o.a.m.s.f.DefaultMavenResourcesFiltering - Copying 0 resource from src\main\resources to target\classes
2025-02-20 10:06:25,310 [Worker-7: Building] INFO  o.a.m.s.f.DefaultMavenResourcesFiltering - skip non existing resourceDirectory E:\PJ\Eclipse\demo-BuildingARESTfulWebService\demo-BuildingARESTfulWebService\src\test\resources
2025-02-20 10:06:41,911 [Worker-38: Building] INFO  o.a.m.s.f.DefaultMavenResourcesFiltering - Copying 1 resource from src\main\resources to target\classes
2025-02-20 10:06:41,915 [Worker-38: Building] INFO  o.a.m.s.f.DefaultMavenResourcesFiltering - Copying 0 resource from src\main\resources to target\classes
2025-02-20 10:06:41,917 [Worker-38: Building] INFO  o.a.m.s.f.DefaultMavenResourcesFiltering - skip non existing resourceDirectory E:\PJ\Eclipse\demo-BuildingARESTfulWebService\demo-BuildingARESTfulWebService\src\test\resources
2025-02-20 10:07:02,327 [Worker-35: Building] INFO  o.a.m.s.f.DefaultMavenResourcesFiltering - Copying 1 resource from src\main\resources to target\classes
2025-02-20 10:07:02,330 [Worker-35: Building] INFO  o.a.m.s.f.DefaultMavenResourcesFiltering - Copying 0 resource from src\main\resources to target\classes
2025-02-20 10:07:02,331 [Worker-35: Building] INFO  o.a.m.s.f.DefaultMavenResourcesFiltering - skip non existing resourceDirectory E:\PJ\Eclipse\demo-BuildingARESTfulWebService\demo-BuildingARESTfulWebService\src\test\resources
2025-02-20 10:09:34,622 [Worker-7: Building] INFO  o.a.m.s.f.DefaultMavenResourcesFiltering - Copying 1 resource from src\main\resources to target\classes
2025-02-20 10:09:34,628 [Worker-7: Building] INFO  o.a.m.s.f.DefaultMavenResourcesFiltering - Copying 0 resource from src\main\resources to target\classes
2025-02-20 10:09:34,629 [Worker-7: Building] INFO  o.a.m.s.f.DefaultMavenResourcesFiltering - skip non existing resourceDirectory E:\PJ\Eclipse\demo-BuildingARESTfulWebService\demo-BuildingARESTfulWebService\src\test\resources
2025-02-20 10:10:17,575 [Worker-14: Building] INFO  o.a.m.s.f.DefaultMavenResourcesFiltering - Copying 1 resource from src\main\resources to target\classes
2025-02-20 10:10:17,583 [Worker-14: Building] INFO  o.a.m.s.f.DefaultMavenResourcesFiltering - Copying 0 resource from src\main\resources to target\classes
2025-02-20 10:10:17,585 [Worker-14: Building] INFO  o.a.m.s.f.DefaultMavenResourcesFiltering - skip non existing resourceDirectory E:\PJ\Eclipse\demo-BuildingARESTfulWebService\demo-BuildingARESTfulWebService\src\test\resources
2025-02-20 10:12:09,755 [Worker-33: Building] INFO  o.a.m.s.f.DefaultMavenResourcesFiltering - Copying 1 resource from src\main\resources to target\classes
2025-02-20 10:12:09,760 [Worker-33: Building] INFO  o.a.m.s.f.DefaultMavenResourcesFiltering - Copying 0 resource from src\main\resources to target\classes
2025-02-20 10:12:09,761 [Worker-33: Building] INFO  o.a.m.s.f.DefaultMavenResourcesFiltering - skip non existing resourceDirectory E:\PJ\Eclipse\demo-BuildingARESTfulWebService\demo-BuildingARESTfulWebService\src\test\resources
2025-02-20 10:12:39,691 [Worker-38: Building] INFO  o.a.m.s.f.DefaultMavenResourcesFiltering - Copying 1 resource from src\main\resources to target\classes
2025-02-20 10:12:39,696 [Worker-38: Building] INFO  o.a.m.s.f.DefaultMavenResourcesFiltering - Copying 0 resource from src\main\resources to target\classes
2025-02-20 10:12:39,698 [Worker-38: Building] INFO  o.a.m.s.f.DefaultMavenResourcesFiltering - skip non existing resourceDirectory E:\PJ\Eclipse\demo-BuildingARESTfulWebService\demo-BuildingARESTfulWebService\src\test\resources
2025-02-20 10:13:33,765 [Worker-38: Building] INFO  o.a.m.s.f.DefaultMavenResourcesFiltering - Copying 1 resource from src\main\resources to target\classes
2025-02-20 10:13:33,769 [Worker-38: Building] INFO  o.a.m.s.f.DefaultMavenResourcesFiltering - Copying 0 resource from src\main\resources to target\classes
2025-02-20 10:13:33,772 [Worker-38: Building] INFO  o.a.m.s.f.DefaultMavenResourcesFiltering - skip non existing resourceDirectory E:\PJ\Eclipse\demo-BuildingARESTfulWebService\demo-BuildingARESTfulWebService\src\test\resources
2025-02-20 10:13:35,863 [Worker-36: Building] INFO  o.a.m.s.f.DefaultMavenResourcesFiltering - Copying 1 resource from src\main\resources to target\classes
2025-02-20 10:13:35,870 [Worker-36: Building] INFO  o.a.m.s.f.DefaultMavenResourcesFiltering - Copying 0 resource from src\main\resources to target\classes
2025-02-20 10:13:35,872 [Worker-36: Building] INFO  o.a.m.s.f.DefaultMavenResourcesFiltering - skip non existing resourceDirectory E:\PJ\Eclipse\demo-BuildingARESTfulWebService\demo-BuildingARESTfulWebService\src\test\resources
2025-02-20 10:14:18,308 [Worker-36: Building] INFO  o.a.m.s.f.DefaultMavenResourcesFiltering - Copying 1 resource from src\main\resources to target\classes
2025-02-20 10:14:18,312 [Worker-36: Building] INFO  o.a.m.s.f.DefaultMavenResourcesFiltering - Copying 0 resource from src\main\resources to target\classes
2025-02-20 10:14:18,313 [Worker-36: Building] INFO  o.a.m.s.f.DefaultMavenResourcesFiltering - skip non existing resourceDirectory E:\PJ\Eclipse\demo-BuildingARESTfulWebService\demo-BuildingARESTfulWebService\src\test\resources
2025-02-20 10:14:22,015 [Worker-36: Building] INFO  o.a.m.s.f.DefaultMavenResourcesFiltering - Copying 1 resource from src\main\resources to target\classes
2025-02-20 10:14:22,018 [Worker-36: Building] INFO  o.a.m.s.f.DefaultMavenResourcesFiltering - Copying 0 resource from src\main\resources to target\classes
2025-02-20 10:14:22,019 [Worker-36: Building] INFO  o.a.m.s.f.DefaultMavenResourcesFiltering - skip non existing resourceDirectory E:\PJ\Eclipse\demo-BuildingARESTfulWebService\demo-BuildingARESTfulWebService\src\test\resources
2025-02-20 10:14:47,386 [Worker-7: Building] INFO  o.a.m.s.f.DefaultMavenResourcesFiltering - Copying 1 resource from src\main\resources to target\classes
2025-02-20 10:14:47,391 [Worker-7: Building] INFO  o.a.m.s.f.DefaultMavenResourcesFiltering - Copying 0 resource from src\main\resources to target\classes
2025-02-20 10:14:47,393 [Worker-7: Building] INFO  o.a.m.s.f.DefaultMavenResourcesFiltering - skip non existing resourceDirectory E:\PJ\Eclipse\demo-BuildingARESTfulWebService\demo-BuildingARESTfulWebService\src\test\resources
2025-02-20 10:15:02,693 [Worker-35: Building] INFO  o.a.m.s.f.DefaultMavenResourcesFiltering - Copying 1 resource from src\main\resources to target\classes
2025-02-20 10:15:02,697 [Worker-35: Building] INFO  o.a.m.s.f.DefaultMavenResourcesFiltering - Copying 0 resource from src\main\resources to target\classes
2025-02-20 10:15:02,699 [Worker-35: Building] INFO  o.a.m.s.f.DefaultMavenResourcesFiltering - skip non existing resourceDirectory E:\PJ\Eclipse\demo-BuildingARESTfulWebService\demo-BuildingARESTfulWebService\src\test\resources
2025-02-20 10:15:14,162 [Worker-38: Building] INFO  o.a.m.s.f.DefaultMavenResourcesFiltering - Copying 1 resource from src\main\resources to target\classes
2025-02-20 10:15:14,165 [Worker-38: Building] INFO  o.a.m.s.f.DefaultMavenResourcesFiltering - Copying 0 resource from src\main\resources to target\classes
2025-02-20 10:15:14,166 [Worker-38: Building] INFO  o.a.m.s.f.DefaultMavenResourcesFiltering - skip non existing resourceDirectory E:\PJ\Eclipse\demo-BuildingARESTfulWebService\demo-BuildingARESTfulWebService\src\test\resources
2025-02-20 10:23:32,793 [Worker-14: Building] INFO  o.a.m.s.f.DefaultMavenResourcesFiltering - Copying 1 resource from src\main\resources to target\classes
2025-02-20 10:23:32,834 [Worker-14: Building] INFO  o.a.m.s.f.DefaultMavenResourcesFiltering - Copying 0 resource from src\main\resources to target\classes
2025-02-20 10:23:32,837 [Worker-14: Building] INFO  o.a.m.s.f.DefaultMavenResourcesFiltering - skip non existing resourceDirectory E:\PJ\Eclipse\demo-BuildingARESTfulWebService\demo-BuildingARESTfulWebService\src\test\resources
2025-02-20 10:24:09,241 [Worker-14: Building] INFO  o.a.m.s.f.DefaultMavenResourcesFiltering - Copying 1 resource from src\main\resources to target\classes
2025-02-20 10:24:09,247 [Worker-14: Building] INFO  o.a.m.s.f.DefaultMavenResourcesFiltering - Copying 0 resource from src\main\resources to target\classes
2025-02-20 10:24:09,248 [Worker-14: Building] INFO  o.a.m.s.f.DefaultMavenResourcesFiltering - skip non existing resourceDirectory E:\PJ\Eclipse\demo-BuildingARESTfulWebService\demo-BuildingARESTfulWebService\src\test\resources
2025-02-20 10:24:54,087 [Worker-37: Building] INFO  o.a.m.s.f.DefaultMavenResourcesFiltering - Copying 1 resource from src\main\resources to target\classes
2025-02-20 10:24:54,093 [Worker-37: Building] INFO  o.a.m.s.f.DefaultMavenResourcesFiltering - Copying 0 resource from src\main\resources to target\classes
2025-02-20 10:24:54,095 [Worker-37: Building] INFO  o.a.m.s.f.DefaultMavenResourcesFiltering - skip non existing resourceDirectory E:\PJ\Eclipse\demo-BuildingARESTfulWebService\demo-BuildingARESTfulWebService\src\test\resources
2025-02-20 10:25:41,982 [Worker-14: Building] INFO  o.a.m.s.f.DefaultMavenResourcesFiltering - Copying 1 resource from src\main\resources to target\classes
2025-02-20 10:25:41,986 [Worker-14: Building] INFO  o.a.m.s.f.DefaultMavenResourcesFiltering - Copying 0 resource from src\main\resources to target\classes
2025-02-20 10:25:41,987 [Worker-14: Building] INFO  o.a.m.s.f.DefaultMavenResourcesFiltering - skip non existing resourceDirectory E:\PJ\Eclipse\demo-BuildingARESTfulWebService\demo-BuildingARESTfulWebService\src\test\resources
2025-02-20 10:28:39,709 [Worker-14: Building] INFO  o.a.m.s.f.DefaultMavenResourcesFiltering - Copying 1 resource from src\main\resources to target\classes
2025-02-20 10:28:39,713 [Worker-14: Building] INFO  o.a.m.s.f.DefaultMavenResourcesFiltering - Copying 0 resource from src\main\resources to target\classes
2025-02-20 10:28:39,715 [Worker-14: Building] INFO  o.a.m.s.f.DefaultMavenResourcesFiltering - skip non existing resourceDirectory E:\PJ\Eclipse\demo-BuildingARESTfulWebService\demo-BuildingARESTfulWebService\src\test\resources
2025-02-20 10:29:03,501 [Worker-29: Building] INFO  o.a.m.s.f.DefaultMavenResourcesFiltering - Copying 1 resource from src\main\resources to target\classes
2025-02-20 10:29:03,504 [Worker-29: Building] INFO  o.a.m.s.f.DefaultMavenResourcesFiltering - Copying 0 resource from src\main\resources to target\classes
2025-02-20 10:29:03,505 [Worker-29: Building] INFO  o.a.m.s.f.DefaultMavenResourcesFiltering - skip non existing resourceDirectory E:\PJ\Eclipse\demo-BuildingARESTfulWebService\demo-BuildingARESTfulWebService\src\test\resources
2025-02-20 10:31:35,911 [Worker-39: Building] INFO  o.a.m.s.f.DefaultMavenResourcesFiltering - Copying 1 resource from src\main\resources to target\classes
2025-02-20 10:31:35,917 [Worker-39: Building] INFO  o.a.m.s.f.DefaultMavenResourcesFiltering - Copying 0 resource from src\main\resources to target\classes
2025-02-20 10:31:35,918 [Worker-39: Building] INFO  o.a.m.s.f.DefaultMavenResourcesFiltering - skip non existing resourceDirectory E:\PJ\Eclipse\demo-BuildingARESTfulWebService\demo-BuildingARESTfulWebService\src\test\resources
2025-02-20 10:39:23,345 [Worker-39: Building] INFO  o.a.m.s.f.DefaultMavenResourcesFiltering - Copying 1 resource from src\main\resources to target\classes
2025-02-20 10:39:23,352 [Worker-39: Building] INFO  o.a.m.s.f.DefaultMavenResourcesFiltering - Copying 0 resource from src\main\resources to target\classes
2025-02-20 10:39:23,353 [Worker-39: Building] INFO  o.a.m.s.f.DefaultMavenResourcesFiltering - skip non existing resourceDirectory E:\PJ\Eclipse\demo-BuildingARESTfulWebService\demo-BuildingARESTfulWebService\src\test\resources
2025-02-20 10:41:06,689 [Worker-14: Building] INFO  o.a.m.s.f.DefaultMavenResourcesFiltering - Copying 1 resource from src\main\resources to target\classes
2025-02-20 10:41:06,700 [Worker-14: Building] INFO  o.a.m.s.f.DefaultMavenResourcesFiltering - Copying 0 resource from src\main\resources to target\classes
2025-02-20 10:41:06,704 [Worker-14: Building] INFO  o.a.m.s.f.DefaultMavenResourcesFiltering - skip non existing resourceDirectory E:\PJ\Eclipse\demo-BuildingARESTfulWebService\demo-BuildingARESTfulWebService\src\test\resources
2025-02-20 10:42:47,314 [Worker-7: Building] INFO  o.a.m.s.f.DefaultMavenResourcesFiltering - Copying 1 resource from src\main\resources to target\classes
2025-02-20 10:42:47,319 [Worker-7: Building] INFO  o.a.m.s.f.DefaultMavenResourcesFiltering - Copying 0 resource from src\main\resources to target\classes
2025-02-20 10:42:47,321 [Worker-7: Building] INFO  o.a.m.s.f.DefaultMavenResourcesFiltering - skip non existing resourceDirectory E:\PJ\Eclipse\demo-BuildingARESTfulWebService\demo-BuildingARESTfulWebService\src\test\resources
2025-02-20 10:42:48,917 [Worker-36: Building] INFO  o.a.m.s.f.DefaultMavenResourcesFiltering - Copying 1 resource from src\main\resources to target\classes
2025-02-20 10:42:48,923 [Worker-36: Building] INFO  o.a.m.s.f.DefaultMavenResourcesFiltering - Copying 0 resource from src\main\resources to target\classes
2025-02-20 10:42:48,924 [Worker-36: Building] INFO  o.a.m.s.f.DefaultMavenResourcesFiltering - skip non existing resourceDirectory E:\PJ\Eclipse\demo-BuildingARESTfulWebService\demo-BuildingARESTfulWebService\src\test\resources
2025-02-20 10:43:03,499 [Worker-7: Building] INFO  o.a.m.s.f.DefaultMavenResourcesFiltering - Copying 1 resource from src\main\resources to target\classes
2025-02-20 10:43:03,502 [Worker-7: Building] INFO  o.a.m.s.f.DefaultMavenResourcesFiltering - Copying 0 resource from src\main\resources to target\classes
2025-02-20 10:43:03,503 [Worker-7: Building] INFO  o.a.m.s.f.DefaultMavenResourcesFiltering - skip non existing resourceDirectory E:\PJ\Eclipse\demo-BuildingARESTfulWebService\demo-BuildingARESTfulWebService\src\test\resources
2025-02-20 10:44:37,949 [Worker-36: Building] INFO  o.a.m.s.f.DefaultMavenResourcesFiltering - Copying 1 resource from src\main\resources to target\classes
2025-02-20 10:44:37,955 [Worker-36: Building] INFO  o.a.m.s.f.DefaultMavenResourcesFiltering - Copying 0 resource from src\main\resources to target\classes
2025-02-20 10:44:37,957 [Worker-36: Building] INFO  o.a.m.s.f.DefaultMavenResourcesFiltering - skip non existing resourceDirectory E:\PJ\Eclipse\demo-BuildingARESTfulWebService\demo-BuildingARESTfulWebService\src\test\resources
2025-02-20 11:03:56,895 [Worker-36: Building] INFO  o.a.m.s.f.DefaultMavenResourcesFiltering - Copying 1 resource from src\main\resources to target\classes
2025-02-20 11:03:56,903 [Worker-36: Building] INFO  o.a.m.s.f.DefaultMavenResourcesFiltering - Copying 0 resource from src\main\resources to target\classes
2025-02-20 11:03:56,904 [Worker-36: Building] INFO  o.a.m.s.f.DefaultMavenResourcesFiltering - skip non existing resourceDirectory E:\PJ\Eclipse\demo-BuildingARESTfulWebService\demo-BuildingARESTfulWebService\src\test\resources
2025-02-20 11:04:08,455 [Worker-39: Building] INFO  o.a.m.s.f.DefaultMavenResourcesFiltering - Copying 1 resource from src\main\resources to target\classes
2025-02-20 11:04:08,463 [Worker-39: Building] INFO  o.a.m.s.f.DefaultMavenResourcesFiltering - Copying 0 resource from src\main\resources to target\classes
2025-02-20 11:04:08,464 [Worker-39: Building] INFO  o.a.m.s.f.DefaultMavenResourcesFiltering - skip non existing resourceDirectory E:\PJ\Eclipse\demo-BuildingARESTfulWebService\demo-BuildingARESTfulWebService\src\test\resources
2025-02-21 08:36:12,351 [Worker-7: Loading available Gradle versions] INFO  o.e.b.c.i.u.g.PublishedGradleVersions - Gradle version information cache is up-to-date. Trying to read.
2025-02-21 09:21:08,620 [Worker-32: Update Maven projects configuration] INFO  o.e.m.c.i.p.ProjectConfigurationManager - Update started
2025-02-21 09:21:09,189 [Worker-32: Update Maven projects configuration] INFO  o.e.m.c.i.e.AbstractTransferListenerAdapter - Downloading https://repo.maven.apache.org/maven2/org/springframework/boot/spring-boot-starter-parent/3.4.3/spring-boot-starter-parent-3.4.3.pom
2025-02-21 09:21:09,226 [Worker-32: Update Maven projects configuration] INFO  o.e.m.c.i.e.AbstractTransferListenerAdapter - Downloaded https://repo.maven.apache.org/maven2/org/springframework/boot/spring-boot-starter-parent/3.4.3/spring-boot-starter-parent-3.4.3.pom
2025-02-21 09:21:09,301 [Worker-32: Update Maven projects configuration] INFO  o.e.m.c.i.e.AbstractTransferListenerAdapter - Downloading https://repo.maven.apache.org/maven2/org/springframework/boot/spring-boot-dependencies/3.4.3/spring-boot-dependencies-3.4.3.pom
2025-02-21 09:21:09,424 [Worker-32: Update Maven projects configuration] INFO  o.e.m.c.i.e.AbstractTransferListenerAdapter - Downloaded https://repo.maven.apache.org/maven2/org/springframework/boot/spring-boot-dependencies/3.4.3/spring-boot-dependencies-3.4.3.pom
2025-02-21 09:21:09,781 [Worker-32: Update Maven projects configuration] INFO  o.e.m.c.i.e.AbstractTransferListenerAdapter - Downloading https://repo.maven.apache.org/maven2/org/apache/groovy/groovy-bom/4.0.25/groovy-bom-4.0.25.pom
2025-02-21 09:21:09,824 [Worker-32: Update Maven projects configuration] INFO  o.e.m.c.i.e.AbstractTransferListenerAdapter - Downloaded https://repo.maven.apache.org/maven2/org/apache/groovy/groovy-bom/4.0.25/groovy-bom-4.0.25.pom
2025-02-21 09:21:09,896 [Worker-32: Update Maven projects configuration] INFO  o.e.m.c.i.e.AbstractTransferListenerAdapter - Downloading https://repo.maven.apache.org/maven2/org/infinispan/infinispan-bom/15.0.13.Final/infinispan-bom-15.0.13.Final.pom
2025-02-21 09:21:09,932 [Worker-32: Update Maven projects configuration] INFO  o.e.m.c.i.e.AbstractTransferListenerAdapter - Downloaded https://repo.maven.apache.org/maven2/org/infinispan/infinispan-bom/15.0.13.Final/infinispan-bom-15.0.13.Final.pom
2025-02-21 09:21:10,006 [Worker-32: Update Maven projects configuration] INFO  o.e.m.c.i.e.AbstractTransferListenerAdapter - Downloading https://repo.maven.apache.org/maven2/org/infinispan/infinispan-build-configuration-parent/15.0.13.Final/infinispan-build-configuration-parent-15.0.13.Final.pom
2025-02-21 09:21:10,040 [Worker-32: Update Maven projects configuration] INFO  o.e.m.c.i.e.AbstractTransferListenerAdapter - Downloaded https://repo.maven.apache.org/maven2/org/infinispan/infinispan-build-configuration-parent/15.0.13.Final/infinispan-build-configuration-parent-15.0.13.Final.pom
2025-02-21 09:21:10,322 [Worker-32: Update Maven projects configuration] INFO  o.e.m.c.i.e.AbstractTransferListenerAdapter - Downloading https://repo.maven.apache.org/maven2/io/micrometer/micrometer-bom/1.14.4/micrometer-bom-1.14.4.pom
2025-02-21 09:21:10,352 [Worker-32: Update Maven projects configuration] INFO  o.e.m.c.i.e.AbstractTransferListenerAdapter - Downloaded https://repo.maven.apache.org/maven2/io/micrometer/micrometer-bom/1.14.4/micrometer-bom-1.14.4.pom
2025-02-21 09:21:10,426 [Worker-32: Update Maven projects configuration] INFO  o.e.m.c.i.e.AbstractTransferListenerAdapter - Downloading https://repo.maven.apache.org/maven2/io/micrometer/micrometer-tracing-bom/1.4.3/micrometer-tracing-bom-1.4.3.pom
2025-02-21 09:21:10,446 [Worker-32: Update Maven projects configuration] INFO  o.e.m.c.i.e.AbstractTransferListenerAdapter - Downloaded https://repo.maven.apache.org/maven2/io/micrometer/micrometer-tracing-bom/1.4.3/micrometer-tracing-bom-1.4.3.pom
2025-02-21 09:21:10,526 [Worker-32: Update Maven projects configuration] INFO  o.e.m.c.i.e.AbstractTransferListenerAdapter - Downloading https://repo.maven.apache.org/maven2/io/netty/netty-bom/4.1.118.Final/netty-bom-4.1.118.Final.pom
2025-02-21 09:21:10,558 [Worker-32: Update Maven projects configuration] INFO  o.e.m.c.i.e.AbstractTransferListenerAdapter - Downloaded https://repo.maven.apache.org/maven2/io/netty/netty-bom/4.1.118.Final/netty-bom-4.1.118.Final.pom
2025-02-21 09:21:10,662 [Worker-32: Update Maven projects configuration] INFO  o.e.m.c.i.e.AbstractTransferListenerAdapter - Downloading https://repo.maven.apache.org/maven2/io/prometheus/prometheus-metrics-bom/1.3.6/prometheus-metrics-bom-1.3.6.pom
2025-02-21 09:21:10,681 [Worker-32: Update Maven projects configuration] INFO  o.e.m.c.i.e.AbstractTransferListenerAdapter - Downloaded https://repo.maven.apache.org/maven2/io/prometheus/prometheus-metrics-bom/1.3.6/prometheus-metrics-bom-1.3.6.pom
2025-02-21 09:21:10,748 [Worker-32: Update Maven projects configuration] INFO  o.e.m.c.i.e.AbstractTransferListenerAdapter - Downloading https://repo.maven.apache.org/maven2/io/prometheus/client_java/1.3.6/client_java-1.3.6.pom
2025-02-21 09:21:10,784 [Worker-32: Update Maven projects configuration] INFO  o.e.m.c.i.e.AbstractTransferListenerAdapter - Downloaded https://repo.maven.apache.org/maven2/io/prometheus/client_java/1.3.6/client_java-1.3.6.pom
2025-02-21 09:21:10,935 [Worker-32: Update Maven projects configuration] INFO  o.e.m.c.i.e.AbstractTransferListenerAdapter - Downloading https://repo.maven.apache.org/maven2/io/projectreactor/reactor-bom/2024.0.3/reactor-bom-2024.0.3.pom
2025-02-21 09:21:10,956 [Worker-32: Update Maven projects configuration] INFO  o.e.m.c.i.e.AbstractTransferListenerAdapter - Downloaded https://repo.maven.apache.org/maven2/io/projectreactor/reactor-bom/2024.0.3/reactor-bom-2024.0.3.pom
2025-02-21 09:21:11,027 [Worker-32: Update Maven projects configuration] INFO  o.e.m.c.i.e.AbstractTransferListenerAdapter - Downloading https://repo.maven.apache.org/maven2/io/rest-assured/rest-assured-bom/5.5.1/rest-assured-bom-5.5.1.pom
2025-02-21 09:21:11,047 [Worker-32: Update Maven projects configuration] INFO  o.e.m.c.i.e.AbstractTransferListenerAdapter - Downloaded https://repo.maven.apache.org/maven2/io/rest-assured/rest-assured-bom/5.5.1/rest-assured-bom-5.5.1.pom
2025-02-21 09:21:11,110 [Worker-32: Update Maven projects configuration] INFO  o.e.m.c.i.e.AbstractTransferListenerAdapter - Downloading https://repo.maven.apache.org/maven2/io/rsocket/rsocket-bom/1.1.5/rsocket-bom-1.1.5.pom
2025-02-21 09:21:11,129 [Worker-32: Update Maven projects configuration] INFO  o.e.m.c.i.e.AbstractTransferListenerAdapter - Downloaded https://repo.maven.apache.org/maven2/io/rsocket/rsocket-bom/1.1.5/rsocket-bom-1.1.5.pom
2025-02-21 09:21:11,206 [Worker-32: Update Maven projects configuration] INFO  o.e.m.c.i.e.AbstractTransferListenerAdapter - Downloading https://repo.maven.apache.org/maven2/org/springframework/amqp/spring-amqp-bom/3.2.3/spring-amqp-bom-3.2.3.pom
2025-02-21 09:21:11,226 [Worker-32: Update Maven projects configuration] INFO  o.e.m.c.i.e.AbstractTransferListenerAdapter - Downloaded https://repo.maven.apache.org/maven2/org/springframework/amqp/spring-amqp-bom/3.2.3/spring-amqp-bom-3.2.3.pom
2025-02-21 09:21:11,304 [Worker-32: Update Maven projects configuration] INFO  o.e.m.c.i.e.AbstractTransferListenerAdapter - Downloading https://repo.maven.apache.org/maven2/org/springframework/data/spring-data-bom/2024.1.3/spring-data-bom-2024.1.3.pom
2025-02-21 09:21:11,323 [Worker-32: Update Maven projects configuration] INFO  o.e.m.c.i.e.AbstractTransferListenerAdapter - Downloaded https://repo.maven.apache.org/maven2/org/springframework/data/spring-data-bom/2024.1.3/spring-data-bom-2024.1.3.pom
2025-02-21 09:21:11,387 [Worker-32: Update Maven projects configuration] INFO  o.e.m.c.i.e.AbstractTransferListenerAdapter - Downloading https://repo.maven.apache.org/maven2/org/springframework/spring-framework-bom/6.2.3/spring-framework-bom-6.2.3.pom
2025-02-21 09:21:11,405 [Worker-32: Update Maven projects configuration] INFO  o.e.m.c.i.e.AbstractTransferListenerAdapter - Downloaded https://repo.maven.apache.org/maven2/org/springframework/spring-framework-bom/6.2.3/spring-framework-bom-6.2.3.pom
2025-02-21 09:21:11,469 [Worker-32: Update Maven projects configuration] INFO  o.e.m.c.i.e.AbstractTransferListenerAdapter - Downloading https://repo.maven.apache.org/maven2/org/springframework/integration/spring-integration-bom/6.4.2/spring-integration-bom-6.4.2.pom
2025-02-21 09:21:11,502 [Worker-32: Update Maven projects configuration] INFO  o.e.m.c.i.e.AbstractTransferListenerAdapter - Downloaded https://repo.maven.apache.org/maven2/org/springframework/integration/spring-integration-bom/6.4.2/spring-integration-bom-6.4.2.pom
2025-02-21 09:21:11,572 [Worker-32: Update Maven projects configuration] INFO  o.e.m.c.i.e.AbstractTransferListenerAdapter - Downloading https://repo.maven.apache.org/maven2/org/springframework/pulsar/spring-pulsar-bom/1.2.3/spring-pulsar-bom-1.2.3.pom
2025-02-21 09:21:11,600 [Worker-32: Update Maven projects configuration] INFO  o.e.m.c.i.e.AbstractTransferListenerAdapter - Downloaded https://repo.maven.apache.org/maven2/org/springframework/pulsar/spring-pulsar-bom/1.2.3/spring-pulsar-bom-1.2.3.pom
2025-02-21 09:21:11,679 [Worker-32: Update Maven projects configuration] INFO  o.e.m.c.i.e.AbstractTransferListenerAdapter - Downloading https://repo.maven.apache.org/maven2/org/springframework/security/spring-security-bom/6.4.3/spring-security-bom-6.4.3.pom
2025-02-21 09:21:11,697 [Worker-32: Update Maven projects configuration] INFO  o.e.m.c.i.e.AbstractTransferListenerAdapter - Downloaded https://repo.maven.apache.org/maven2/org/springframework/security/spring-security-bom/6.4.3/spring-security-bom-6.4.3.pom
2025-02-21 09:21:11,760 [Worker-32: Update Maven projects configuration] INFO  o.e.m.c.i.e.AbstractTransferListenerAdapter - Downloading https://repo.maven.apache.org/maven2/org/springframework/session/spring-session-bom/3.4.2/spring-session-bom-3.4.2.pom
2025-02-21 09:21:11,780 [Worker-32: Update Maven projects configuration] INFO  o.e.m.c.i.e.AbstractTransferListenerAdapter - Downloaded https://repo.maven.apache.org/maven2/org/springframework/session/spring-session-bom/3.4.2/spring-session-bom-3.4.2.pom
2025-02-21 09:21:11,861 [Worker-32: Update Maven projects configuration] INFO  o.e.m.c.i.e.AbstractTransferListenerAdapter - Downloading https://repo.maven.apache.org/maven2/org/testcontainers/testcontainers-bom/1.20.5/testcontainers-bom-1.20.5.pom
2025-02-21 09:21:11,889 [Worker-32: Update Maven projects configuration] INFO  o.e.m.c.i.e.AbstractTransferListenerAdapter - Downloaded https://repo.maven.apache.org/maven2/org/testcontainers/testcontainers-bom/1.20.5/testcontainers-bom-1.20.5.pom
2025-02-21 09:21:13,372 [Worker-32: Update Maven projects configuration] INFO  o.e.m.c.i.e.AbstractTransferListenerAdapter - Downloading https://repo.maven.apache.org/maven2/org/springframework/boot/spring-boot-maven-plugin/3.4.3/spring-boot-maven-plugin-3.4.3.pom
2025-02-21 09:21:13,392 [Worker-32: Update Maven projects configuration] INFO  o.e.m.c.i.e.AbstractTransferListenerAdapter - Downloaded https://repo.maven.apache.org/maven2/org/springframework/boot/spring-boot-maven-plugin/3.4.3/spring-boot-maven-plugin-3.4.3.pom
2025-02-21 09:21:13,456 [Worker-32: Update Maven projects configuration] INFO  o.e.m.c.i.e.AbstractTransferListenerAdapter - Downloading https://repo.maven.apache.org/maven2/org/springframework/boot/spring-boot-maven-plugin/3.4.3/spring-boot-maven-plugin-3.4.3.jar
2025-02-21 09:21:13,560 [Worker-32: Update Maven projects configuration] INFO  o.e.m.c.i.e.AbstractTransferListenerAdapter - Downloaded https://repo.maven.apache.org/maven2/org/springframework/boot/spring-boot-maven-plugin/3.4.3/spring-boot-maven-plugin-3.4.3.jar
2025-02-21 09:21:13,680 [Worker-32: Update Maven projects configuration] INFO  o.e.m.c.i.e.AbstractTransferListenerAdapter - Downloading https://repo.maven.apache.org/maven2/org/apache/maven/plugins/maven-clean-plugin/3.4.1/maven-clean-plugin-3.4.1.jar
2025-02-21 09:21:13,898 [Worker-32: Update Maven projects configuration] INFO  o.e.m.c.i.e.AbstractTransferListenerAdapter - Downloaded https://repo.maven.apache.org/maven2/org/apache/maven/plugins/maven-clean-plugin/3.4.1/maven-clean-plugin-3.4.1.jar
2025-02-21 09:21:15,602 [Worker-32: Update Maven projects configuration] INFO  o.e.m.c.i.l.LifecycleMappingFactory - Using org.eclipse.m2e.jdt.JarLifecycleMapping lifecycle mapping for MavenProject: com.example:SpringBoot_FullExample:0.0.1-SNAPSHOT @ E:\PJ\Eclipse\SpringBoot_FullExample\pom.xml.
2025-02-21 09:21:15,667 [Worker-32: Update Maven projects configuration] INFO  o.e.m.c.i.e.AbstractTransferListenerAdapter - Downloading https://repo.maven.apache.org/maven2/org/springframework/boot/spring-boot-starter-data-jpa/3.4.3/spring-boot-starter-data-jpa-3.4.3.pom
2025-02-21 09:21:15,686 [Worker-32: Update Maven projects configuration] INFO  o.e.m.c.i.e.AbstractTransferListenerAdapter - Downloaded https://repo.maven.apache.org/maven2/org/springframework/boot/spring-boot-starter-data-jpa/3.4.3/spring-boot-starter-data-jpa-3.4.3.pom
2025-02-21 09:21:15,750 [Worker-32: Update Maven projects configuration] INFO  o.e.m.c.i.e.AbstractTransferListenerAdapter - Downloading https://repo.maven.apache.org/maven2/org/springframework/boot/spring-boot-starter/3.4.3/spring-boot-starter-3.4.3.pom
2025-02-21 09:21:15,769 [Worker-32: Update Maven projects configuration] INFO  o.e.m.c.i.e.AbstractTransferListenerAdapter - Downloaded https://repo.maven.apache.org/maven2/org/springframework/boot/spring-boot-starter/3.4.3/spring-boot-starter-3.4.3.pom
2025-02-21 09:21:15,832 [Worker-32: Update Maven projects configuration] INFO  o.e.m.c.i.e.AbstractTransferListenerAdapter - Downloading https://repo.maven.apache.org/maven2/org/springframework/boot/spring-boot/3.4.3/spring-boot-3.4.3.pom
2025-02-21 09:21:15,853 [Worker-32: Update Maven projects configuration] INFO  o.e.m.c.i.e.AbstractTransferListenerAdapter - Downloaded https://repo.maven.apache.org/maven2/org/springframework/boot/spring-boot/3.4.3/spring-boot-3.4.3.pom
2025-02-21 09:21:15,915 [Worker-32: Update Maven projects configuration] INFO  o.e.m.c.i.e.AbstractTransferListenerAdapter - Downloading https://repo.maven.apache.org/maven2/org/springframework/spring-core/6.2.3/spring-core-6.2.3.pom
2025-02-21 09:21:15,934 [Worker-32: Update Maven projects configuration] INFO  o.e.m.c.i.e.AbstractTransferListenerAdapter - Downloaded https://repo.maven.apache.org/maven2/org/springframework/spring-core/6.2.3/spring-core-6.2.3.pom
2025-02-21 09:21:15,995 [Worker-32: Update Maven projects configuration] INFO  o.e.m.c.i.e.AbstractTransferListenerAdapter - Downloading https://repo.maven.apache.org/maven2/org/springframework/spring-jcl/6.2.3/spring-jcl-6.2.3.pom
2025-02-21 09:21:16,014 [Worker-32: Update Maven projects configuration] INFO  o.e.m.c.i.e.AbstractTransferListenerAdapter - Downloaded https://repo.maven.apache.org/maven2/org/springframework/spring-jcl/6.2.3/spring-jcl-6.2.3.pom
2025-02-21 09:21:16,076 [Worker-32: Update Maven projects configuration] INFO  o.e.m.c.i.e.AbstractTransferListenerAdapter - Downloading https://repo.maven.apache.org/maven2/org/springframework/spring-context/6.2.3/spring-context-6.2.3.pom
2025-02-21 09:21:16,097 [Worker-32: Update Maven projects configuration] INFO  o.e.m.c.i.e.AbstractTransferListenerAdapter - Downloaded https://repo.maven.apache.org/maven2/org/springframework/spring-context/6.2.3/spring-context-6.2.3.pom
2025-02-21 09:21:16,159 [Worker-32: Update Maven projects configuration] INFO  o.e.m.c.i.e.AbstractTransferListenerAdapter - Downloading https://repo.maven.apache.org/maven2/org/springframework/spring-aop/6.2.3/spring-aop-6.2.3.pom
2025-02-21 09:21:16,179 [Worker-32: Update Maven projects configuration] INFO  o.e.m.c.i.e.AbstractTransferListenerAdapter - Downloaded https://repo.maven.apache.org/maven2/org/springframework/spring-aop/6.2.3/spring-aop-6.2.3.pom
2025-02-21 09:21:16,241 [Worker-32: Update Maven projects configuration] INFO  o.e.m.c.i.e.AbstractTransferListenerAdapter - Downloading https://repo.maven.apache.org/maven2/org/springframework/spring-beans/6.2.3/spring-beans-6.2.3.pom
2025-02-21 09:21:16,260 [Worker-32: Update Maven projects configuration] INFO  o.e.m.c.i.e.AbstractTransferListenerAdapter - Downloaded https://repo.maven.apache.org/maven2/org/springframework/spring-beans/6.2.3/spring-beans-6.2.3.pom
2025-02-21 09:21:16,322 [Worker-32: Update Maven projects configuration] INFO  o.e.m.c.i.e.AbstractTransferListenerAdapter - Downloading https://repo.maven.apache.org/maven2/org/springframework/spring-expression/6.2.3/spring-expression-6.2.3.pom
2025-02-21 09:21:16,343 [Worker-32: Update Maven projects configuration] INFO  o.e.m.c.i.e.AbstractTransferListenerAdapter - Downloaded https://repo.maven.apache.org/maven2/org/springframework/spring-expression/6.2.3/spring-expression-6.2.3.pom
2025-02-21 09:21:16,406 [Worker-32: Update Maven projects configuration] INFO  o.e.m.c.i.e.AbstractTransferListenerAdapter - Downloading https://repo.maven.apache.org/maven2/io/micrometer/micrometer-observation/1.14.4/micrometer-observation-1.14.4.pom
2025-02-21 09:21:16,424 [Worker-32: Update Maven projects configuration] INFO  o.e.m.c.i.e.AbstractTransferListenerAdapter - Downloaded https://repo.maven.apache.org/maven2/io/micrometer/micrometer-observation/1.14.4/micrometer-observation-1.14.4.pom
2025-02-21 09:21:16,485 [Worker-32: Update Maven projects configuration] INFO  o.e.m.c.i.e.AbstractTransferListenerAdapter - Downloading https://repo.maven.apache.org/maven2/io/micrometer/micrometer-commons/1.14.4/micrometer-commons-1.14.4.pom
2025-02-21 09:21:16,504 [Worker-32: Update Maven projects configuration] INFO  o.e.m.c.i.e.AbstractTransferListenerAdapter - Downloaded https://repo.maven.apache.org/maven2/io/micrometer/micrometer-commons/1.14.4/micrometer-commons-1.14.4.pom
2025-02-21 09:21:16,570 [Worker-32: Update Maven projects configuration] INFO  o.e.m.c.i.e.AbstractTransferListenerAdapter - Downloading https://repo.maven.apache.org/maven2/org/springframework/boot/spring-boot-autoconfigure/3.4.3/spring-boot-autoconfigure-3.4.3.pom
2025-02-21 09:21:16,590 [Worker-32: Update Maven projects configuration] INFO  o.e.m.c.i.e.AbstractTransferListenerAdapter - Downloaded https://repo.maven.apache.org/maven2/org/springframework/boot/spring-boot-autoconfigure/3.4.3/spring-boot-autoconfigure-3.4.3.pom
2025-02-21 09:21:16,652 [Worker-32: Update Maven projects configuration] INFO  o.e.m.c.i.e.AbstractTransferListenerAdapter - Downloading https://repo.maven.apache.org/maven2/org/springframework/boot/spring-boot-starter-logging/3.4.3/spring-boot-starter-logging-3.4.3.pom
2025-02-21 09:21:16,672 [Worker-32: Update Maven projects configuration] INFO  o.e.m.c.i.e.AbstractTransferListenerAdapter - Downloaded https://repo.maven.apache.org/maven2/org/springframework/boot/spring-boot-starter-logging/3.4.3/spring-boot-starter-logging-3.4.3.pom
2025-02-21 09:21:17,109 [Worker-32: Update Maven projects configuration] INFO  o.e.m.c.i.e.AbstractTransferListenerAdapter - Downloading https://repo.maven.apache.org/maven2/org/springframework/boot/spring-boot-starter-jdbc/3.4.3/spring-boot-starter-jdbc-3.4.3.pom
2025-02-21 09:21:17,128 [Worker-32: Update Maven projects configuration] INFO  o.e.m.c.i.e.AbstractTransferListenerAdapter - Downloaded https://repo.maven.apache.org/maven2/org/springframework/boot/spring-boot-starter-jdbc/3.4.3/spring-boot-starter-jdbc-3.4.3.pom
2025-02-21 09:21:17,190 [Worker-32: Update Maven projects configuration] INFO  o.e.m.c.i.e.AbstractTransferListenerAdapter - Downloading https://repo.maven.apache.org/maven2/com/zaxxer/HikariCP/5.1.0/HikariCP-5.1.0.pom
2025-02-21 09:21:17,224 [Worker-32: Update Maven projects configuration] INFO  o.e.m.c.i.e.AbstractTransferListenerAdapter - Downloaded https://repo.maven.apache.org/maven2/com/zaxxer/HikariCP/5.1.0/HikariCP-5.1.0.pom
2025-02-21 09:21:17,293 [Worker-32: Update Maven projects configuration] INFO  o.e.m.c.i.e.AbstractTransferListenerAdapter - Downloading https://repo.maven.apache.org/maven2/org/springframework/spring-jdbc/6.2.3/spring-jdbc-6.2.3.pom
2025-02-21 09:21:17,313 [Worker-32: Update Maven projects configuration] INFO  o.e.m.c.i.e.AbstractTransferListenerAdapter - Downloaded https://repo.maven.apache.org/maven2/org/springframework/spring-jdbc/6.2.3/spring-jdbc-6.2.3.pom
2025-02-21 09:21:17,373 [Worker-32: Update Maven projects configuration] INFO  o.e.m.c.i.e.AbstractTransferListenerAdapter - Downloading https://repo.maven.apache.org/maven2/org/springframework/spring-tx/6.2.3/spring-tx-6.2.3.pom
2025-02-21 09:21:17,393 [Worker-32: Update Maven projects configuration] INFO  o.e.m.c.i.e.AbstractTransferListenerAdapter - Downloaded https://repo.maven.apache.org/maven2/org/springframework/spring-tx/6.2.3/spring-tx-6.2.3.pom
2025-02-21 09:21:17,454 [Worker-32: Update Maven projects configuration] INFO  o.e.m.c.i.e.AbstractTransferListenerAdapter - Downloading https://repo.maven.apache.org/maven2/org/hibernate/orm/hibernate-core/6.6.8.Final/hibernate-core-6.6.8.Final.pom
2025-02-21 09:21:17,474 [Worker-32: Update Maven projects configuration] INFO  o.e.m.c.i.e.AbstractTransferListenerAdapter - Downloaded https://repo.maven.apache.org/maven2/org/hibernate/orm/hibernate-core/6.6.8.Final/hibernate-core-6.6.8.Final.pom
2025-02-21 09:21:17,539 [Worker-32: Update Maven projects configuration] INFO  o.e.m.c.i.e.AbstractTransferListenerAdapter - Downloading https://repo.maven.apache.org/maven2/jakarta/persistence/jakarta.persistence-api/3.1.0/jakarta.persistence-api-3.1.0.pom
2025-02-21 09:21:17,570 [Worker-32: Update Maven projects configuration] INFO  o.e.m.c.i.e.AbstractTransferListenerAdapter - Downloaded https://repo.maven.apache.org/maven2/jakarta/persistence/jakarta.persistence-api/3.1.0/jakarta.persistence-api-3.1.0.pom
2025-02-21 09:21:17,639 [Worker-32: Update Maven projects configuration] INFO  o.e.m.c.i.e.AbstractTransferListenerAdapter - Downloading https://repo.maven.apache.org/maven2/jakarta/transaction/jakarta.transaction-api/2.0.1/jakarta.transaction-api-2.0.1.pom
2025-02-21 09:21:17,671 [Worker-32: Update Maven projects configuration] INFO  o.e.m.c.i.e.AbstractTransferListenerAdapter - Downloaded https://repo.maven.apache.org/maven2/jakarta/transaction/jakarta.transaction-api/2.0.1/jakarta.transaction-api-2.0.1.pom
2025-02-21 09:21:17,742 [Worker-32: Update Maven projects configuration] INFO  o.e.m.c.i.e.AbstractTransferListenerAdapter - Downloading https://repo.maven.apache.org/maven2/org/eclipse/ee4j/project/1.0.6/project-1.0.6.pom
2025-02-21 09:21:17,783 [Worker-32: Update Maven projects configuration] INFO  o.e.m.c.i.e.AbstractTransferListenerAdapter - Downloaded https://repo.maven.apache.org/maven2/org/eclipse/ee4j/project/1.0.6/project-1.0.6.pom
2025-02-21 09:21:17,859 [Worker-32: Update Maven projects configuration] INFO  o.e.m.c.i.e.AbstractTransferListenerAdapter - Downloading https://repo.maven.apache.org/maven2/org/jboss/logging/jboss-logging/3.6.1.Final/jboss-logging-3.6.1.Final.pom
2025-02-21 09:21:17,896 [Worker-32: Update Maven projects configuration] INFO  o.e.m.c.i.e.AbstractTransferListenerAdapter - Downloaded https://repo.maven.apache.org/maven2/org/jboss/logging/jboss-logging/3.6.1.Final/jboss-logging-3.6.1.Final.pom
2025-02-21 09:21:17,967 [Worker-32: Update Maven projects configuration] INFO  o.e.m.c.i.e.AbstractTransferListenerAdapter - Downloading https://repo.maven.apache.org/maven2/org/jboss/logging/logging-parent/1.0.3.Final/logging-parent-1.0.3.Final.pom
2025-02-21 09:21:17,989 [Worker-32: Update Maven projects configuration] INFO  o.e.m.c.i.e.AbstractTransferListenerAdapter - Downloaded https://repo.maven.apache.org/maven2/org/jboss/logging/logging-parent/1.0.3.Final/logging-parent-1.0.3.Final.pom
2025-02-21 09:21:18,049 [Worker-32: Update Maven projects configuration] INFO  o.e.m.c.i.e.AbstractTransferListenerAdapter - Downloading https://repo.maven.apache.org/maven2/org/jboss/jboss-parent/42/jboss-parent-42.pom
2025-02-21 09:21:18,120 [Worker-32: Update Maven projects configuration] INFO  o.e.m.c.i.e.AbstractTransferListenerAdapter - Downloaded https://repo.maven.apache.org/maven2/org/jboss/jboss-parent/42/jboss-parent-42.pom
2025-02-21 09:21:18,209 [Worker-32: Update Maven projects configuration] INFO  o.e.m.c.i.e.AbstractTransferListenerAdapter - Downloading https://repo.maven.apache.org/maven2/org/hibernate/common/hibernate-commons-annotations/7.0.3.Final/hibernate-commons-annotations-7.0.3.Final.pom
2025-02-21 09:21:18,228 [Worker-32: Update Maven projects configuration] INFO  o.e.m.c.i.e.AbstractTransferListenerAdapter - Downloaded https://repo.maven.apache.org/maven2/org/hibernate/common/hibernate-commons-annotations/7.0.3.Final/hibernate-commons-annotations-7.0.3.Final.pom
2025-02-21 09:21:18,292 [Worker-32: Update Maven projects configuration] INFO  o.e.m.c.i.e.AbstractTransferListenerAdapter - Downloading https://repo.maven.apache.org/maven2/io/smallrye/jandex/3.2.0/jandex-3.2.0.pom
2025-02-21 09:21:18,315 [Worker-32: Update Maven projects configuration] INFO  o.e.m.c.i.e.AbstractTransferListenerAdapter - Downloaded https://repo.maven.apache.org/maven2/io/smallrye/jandex/3.2.0/jandex-3.2.0.pom
2025-02-21 09:21:18,378 [Worker-32: Update Maven projects configuration] INFO  o.e.m.c.i.e.AbstractTransferListenerAdapter - Downloading https://repo.maven.apache.org/maven2/io/smallrye/jandex-parent/3.2.0/jandex-parent-3.2.0.pom
2025-02-21 09:21:18,401 [Worker-32: Update Maven projects configuration] INFO  o.e.m.c.i.e.AbstractTransferListenerAdapter - Downloaded https://repo.maven.apache.org/maven2/io/smallrye/jandex-parent/3.2.0/jandex-parent-3.2.0.pom
2025-02-21 09:21:18,467 [Worker-32: Update Maven projects configuration] INFO  o.e.m.c.i.e.AbstractTransferListenerAdapter - Downloading https://repo.maven.apache.org/maven2/io/smallrye/smallrye-build-parent/42/smallrye-build-parent-42.pom
2025-02-21 09:21:18,510 [Worker-32: Update Maven projects configuration] INFO  o.e.m.c.i.e.AbstractTransferListenerAdapter - Downloaded https://repo.maven.apache.org/maven2/io/smallrye/smallrye-build-parent/42/smallrye-build-parent-42.pom
2025-02-21 09:21:18,580 [Worker-32: Update Maven projects configuration] INFO  o.e.m.c.i.e.AbstractTransferListenerAdapter - Downloading https://repo.maven.apache.org/maven2/com/fasterxml/classmate/1.7.0/classmate-1.7.0.pom
2025-02-21 09:21:18,602 [Worker-32: Update Maven projects configuration] INFO  o.e.m.c.i.e.AbstractTransferListenerAdapter - Downloaded https://repo.maven.apache.org/maven2/com/fasterxml/classmate/1.7.0/classmate-1.7.0.pom
2025-02-21 09:21:18,664 [Worker-32: Update Maven projects configuration] INFO  o.e.m.c.i.e.AbstractTransferListenerAdapter - Downloading https://repo.maven.apache.org/maven2/com/fasterxml/oss-parent/56/oss-parent-56.pom
2025-02-21 09:21:18,701 [Worker-32: Update Maven projects configuration] INFO  o.e.m.c.i.e.AbstractTransferListenerAdapter - Downloaded https://repo.maven.apache.org/maven2/com/fasterxml/oss-parent/56/oss-parent-56.pom
2025-02-21 09:21:18,851 [Worker-32: Update Maven projects configuration] INFO  o.e.m.c.i.e.AbstractTransferListenerAdapter - Downloading https://repo.maven.apache.org/maven2/org/glassfish/jaxb/jaxb-runtime/4.0.5/jaxb-runtime-4.0.5.pom
2025-02-21 09:21:18,881 [Worker-32: Update Maven projects configuration] INFO  o.e.m.c.i.e.AbstractTransferListenerAdapter - Downloaded https://repo.maven.apache.org/maven2/org/glassfish/jaxb/jaxb-runtime/4.0.5/jaxb-runtime-4.0.5.pom
2025-02-21 09:21:18,955 [Worker-32: Update Maven projects configuration] INFO  o.e.m.c.i.e.AbstractTransferListenerAdapter - Downloading https://repo.maven.apache.org/maven2/com/sun/xml/bind/mvn/jaxb-runtime-parent/4.0.5/jaxb-runtime-parent-4.0.5.pom
2025-02-21 09:21:18,971 [Worker-32: Update Maven projects configuration] INFO  o.e.m.c.i.e.AbstractTransferListenerAdapter - Downloaded https://repo.maven.apache.org/maven2/com/sun/xml/bind/mvn/jaxb-runtime-parent/4.0.5/jaxb-runtime-parent-4.0.5.pom
2025-02-21 09:21:19,037 [Worker-32: Update Maven projects configuration] INFO  o.e.m.c.i.e.AbstractTransferListenerAdapter - Downloading https://repo.maven.apache.org/maven2/com/sun/xml/bind/mvn/jaxb-parent/4.0.5/jaxb-parent-4.0.5.pom
2025-02-21 09:21:19,086 [Worker-32: Update Maven projects configuration] INFO  o.e.m.c.i.e.AbstractTransferListenerAdapter - Downloaded https://repo.maven.apache.org/maven2/com/sun/xml/bind/mvn/jaxb-parent/4.0.5/jaxb-parent-4.0.5.pom
2025-02-21 09:21:19,155 [Worker-32: Update Maven projects configuration] INFO  o.e.m.c.i.e.AbstractTransferListenerAdapter - Downloading https://repo.maven.apache.org/maven2/com/sun/xml/bind/jaxb-bom-ext/4.0.5/jaxb-bom-ext-4.0.5.pom
2025-02-21 09:21:19,173 [Worker-32: Update Maven projects configuration] INFO  o.e.m.c.i.e.AbstractTransferListenerAdapter - Downloaded https://repo.maven.apache.org/maven2/com/sun/xml/bind/jaxb-bom-ext/4.0.5/jaxb-bom-ext-4.0.5.pom
2025-02-21 09:21:19,235 [Worker-32: Update Maven projects configuration] INFO  o.e.m.c.i.e.AbstractTransferListenerAdapter - Downloading https://repo.maven.apache.org/maven2/org/glassfish/jaxb/jaxb-core/4.0.5/jaxb-core-4.0.5.pom
2025-02-21 09:21:19,255 [Worker-32: Update Maven projects configuration] INFO  o.e.m.c.i.e.AbstractTransferListenerAdapter - Downloaded https://repo.maven.apache.org/maven2/org/glassfish/jaxb/jaxb-core/4.0.5/jaxb-core-4.0.5.pom
2025-02-21 09:21:19,319 [Worker-32: Update Maven projects configuration] INFO  o.e.m.c.i.e.AbstractTransferListenerAdapter - Downloading https://repo.maven.apache.org/maven2/org/eclipse/angus/angus-activation/2.0.2/angus-activation-2.0.2.pom
2025-02-21 09:21:19,338 [Worker-32: Update Maven projects configuration] INFO  o.e.m.c.i.e.AbstractTransferListenerAdapter - Downloaded https://repo.maven.apache.org/maven2/org/eclipse/angus/angus-activation/2.0.2/angus-activation-2.0.2.pom
2025-02-21 09:21:19,399 [Worker-32: Update Maven projects configuration] INFO  o.e.m.c.i.e.AbstractTransferListenerAdapter - Downloading https://repo.maven.apache.org/maven2/org/eclipse/angus/angus-activation-project/2.0.2/angus-activation-project-2.0.2.pom
2025-02-21 09:21:19,435 [Worker-32: Update Maven projects configuration] INFO  o.e.m.c.i.e.AbstractTransferListenerAdapter - Downloaded https://repo.maven.apache.org/maven2/org/eclipse/angus/angus-activation-project/2.0.2/angus-activation-project-2.0.2.pom
2025-02-21 09:21:19,506 [Worker-32: Update Maven projects configuration] INFO  o.e.m.c.i.e.AbstractTransferListenerAdapter - Downloading https://repo.maven.apache.org/maven2/org/glassfish/jaxb/txw2/4.0.5/txw2-4.0.5.pom
2025-02-21 09:21:19,524 [Worker-32: Update Maven projects configuration] INFO  o.e.m.c.i.e.AbstractTransferListenerAdapter - Downloaded https://repo.maven.apache.org/maven2/org/glassfish/jaxb/txw2/4.0.5/txw2-4.0.5.pom
2025-02-21 09:21:19,585 [Worker-32: Update Maven projects configuration] INFO  o.e.m.c.i.e.AbstractTransferListenerAdapter - Downloading https://repo.maven.apache.org/maven2/com/sun/xml/bind/mvn/jaxb-txw-parent/4.0.5/jaxb-txw-parent-4.0.5.pom
2025-02-21 09:21:19,603 [Worker-32: Update Maven projects configuration] INFO  o.e.m.c.i.e.AbstractTransferListenerAdapter - Downloaded https://repo.maven.apache.org/maven2/com/sun/xml/bind/mvn/jaxb-txw-parent/4.0.5/jaxb-txw-parent-4.0.5.pom
2025-02-21 09:21:19,668 [Worker-32: Update Maven projects configuration] INFO  o.e.m.c.i.e.AbstractTransferListenerAdapter - Downloading https://repo.maven.apache.org/maven2/com/sun/istack/istack-commons-runtime/4.1.2/istack-commons-runtime-4.1.2.pom
2025-02-21 09:21:19,686 [Worker-32: Update Maven projects configuration] INFO  o.e.m.c.i.e.AbstractTransferListenerAdapter - Downloaded https://repo.maven.apache.org/maven2/com/sun/istack/istack-commons-runtime/4.1.2/istack-commons-runtime-4.1.2.pom
2025-02-21 09:21:19,746 [Worker-32: Update Maven projects configuration] INFO  o.e.m.c.i.e.AbstractTransferListenerAdapter - Downloading https://repo.maven.apache.org/maven2/com/sun/istack/istack-commons/4.1.2/istack-commons-4.1.2.pom
2025-02-21 09:21:19,784 [Worker-32: Update Maven projects configuration] INFO  o.e.m.c.i.e.AbstractTransferListenerAdapter - Downloaded https://repo.maven.apache.org/maven2/com/sun/istack/istack-commons/4.1.2/istack-commons-4.1.2.pom
2025-02-21 09:21:19,853 [Worker-32: Update Maven projects configuration] INFO  o.e.m.c.i.e.AbstractTransferListenerAdapter - Downloading https://repo.maven.apache.org/maven2/jakarta/inject/jakarta.inject-api/2.0.1/jakarta.inject-api-2.0.1.pom
2025-02-21 09:21:19,872 [Worker-32: Update Maven projects configuration] INFO  o.e.m.c.i.e.AbstractTransferListenerAdapter - Downloaded https://repo.maven.apache.org/maven2/jakarta/inject/jakarta.inject-api/2.0.1/jakarta.inject-api-2.0.1.pom
2025-02-21 09:21:19,933 [Worker-32: Update Maven projects configuration] INFO  o.e.m.c.i.e.AbstractTransferListenerAdapter - Downloading https://repo.maven.apache.org/maven2/org/antlr/antlr4-runtime/4.13.0/antlr4-runtime-4.13.0.pom
2025-02-21 09:21:19,952 [Worker-32: Update Maven projects configuration] INFO  o.e.m.c.i.e.AbstractTransferListenerAdapter - Downloaded https://repo.maven.apache.org/maven2/org/antlr/antlr4-runtime/4.13.0/antlr4-runtime-4.13.0.pom
2025-02-21 09:21:20,013 [Worker-32: Update Maven projects configuration] INFO  o.e.m.c.i.e.AbstractTransferListenerAdapter - Downloading https://repo.maven.apache.org/maven2/org/antlr/antlr4-master/4.13.0/antlr4-master-4.13.0.pom
2025-02-21 09:21:20,032 [Worker-32: Update Maven projects configuration] INFO  o.e.m.c.i.e.AbstractTransferListenerAdapter - Downloaded https://repo.maven.apache.org/maven2/org/antlr/antlr4-master/4.13.0/antlr4-master-4.13.0.pom
2025-02-21 09:21:20,094 [Worker-32: Update Maven projects configuration] INFO  o.e.m.c.i.e.AbstractTransferListenerAdapter - Downloading https://repo.maven.apache.org/maven2/org/springframework/data/spring-data-jpa/3.4.3/spring-data-jpa-3.4.3.pom
2025-02-21 09:21:20,124 [Worker-32: Update Maven projects configuration] INFO  o.e.m.c.i.e.AbstractTransferListenerAdapter - Downloaded https://repo.maven.apache.org/maven2/org/springframework/data/spring-data-jpa/3.4.3/spring-data-jpa-3.4.3.pom
2025-02-21 09:21:20,193 [Worker-32: Update Maven projects configuration] INFO  o.e.m.c.i.e.AbstractTransferListenerAdapter - Downloading https://repo.maven.apache.org/maven2/org/springframework/data/spring-data-jpa-parent/3.4.3/spring-data-jpa-parent-3.4.3.pom
2025-02-21 09:21:20,216 [Worker-32: Update Maven projects configuration] INFO  o.e.m.c.i.e.AbstractTransferListenerAdapter - Downloaded https://repo.maven.apache.org/maven2/org/springframework/data/spring-data-jpa-parent/3.4.3/spring-data-jpa-parent-3.4.3.pom
2025-02-21 09:21:20,281 [Worker-32: Update Maven projects configuration] INFO  o.e.m.c.i.e.AbstractTransferListenerAdapter - Downloading https://repo.maven.apache.org/maven2/org/springframework/data/build/spring-data-parent/3.4.3/spring-data-parent-3.4.3.pom
2025-02-21 09:21:20,325 [Worker-32: Update Maven projects configuration] INFO  o.e.m.c.i.e.AbstractTransferListenerAdapter - Downloaded https://repo.maven.apache.org/maven2/org/springframework/data/build/spring-data-parent/3.4.3/spring-data-parent-3.4.3.pom
2025-02-21 09:21:20,395 [Worker-32: Update Maven projects configuration] INFO  o.e.m.c.i.e.AbstractTransferListenerAdapter - Downloading https://repo.maven.apache.org/maven2/org/springframework/data/build/spring-data-build/3.4.3/spring-data-build-3.4.3.pom
2025-02-21 09:21:20,416 [Worker-32: Update Maven projects configuration] INFO  o.e.m.c.i.e.AbstractTransferListenerAdapter - Downloaded https://repo.maven.apache.org/maven2/org/springframework/data/build/spring-data-build/3.4.3/spring-data-build-3.4.3.pom
2025-02-21 09:21:20,482 [Worker-32: Update Maven projects configuration] INFO  o.e.m.c.i.e.AbstractTransferListenerAdapter - Downloading https://repo.maven.apache.org/maven2/org/jetbrains/kotlinx/kotlinx-coroutines-bom/1.9.0/kotlinx-coroutines-bom-1.9.0.pom
2025-02-21 09:21:20,506 [Worker-32: Update Maven projects configuration] INFO  o.e.m.c.i.e.AbstractTransferListenerAdapter - Downloaded https://repo.maven.apache.org/maven2/org/jetbrains/kotlinx/kotlinx-coroutines-bom/1.9.0/kotlinx-coroutines-bom-1.9.0.pom
2025-02-21 09:21:20,572 [Worker-32: Update Maven projects configuration] INFO  o.e.m.c.i.e.AbstractTransferListenerAdapter - Downloading https://repo.maven.apache.org/maven2/org/springframework/data/spring-data-commons/3.4.3/spring-data-commons-3.4.3.pom
2025-02-21 09:21:20,604 [Worker-32: Update Maven projects configuration] INFO  o.e.m.c.i.e.AbstractTransferListenerAdapter - Downloaded https://repo.maven.apache.org/maven2/org/springframework/data/spring-data-commons/3.4.3/spring-data-commons-3.4.3.pom
2025-02-21 09:21:20,675 [Worker-32: Update Maven projects configuration] INFO  o.e.m.c.i.e.AbstractTransferListenerAdapter - Downloading https://repo.maven.apache.org/maven2/org/springframework/spring-orm/6.2.3/spring-orm-6.2.3.pom
2025-02-21 09:21:20,694 [Worker-32: Update Maven projects configuration] INFO  o.e.m.c.i.e.AbstractTransferListenerAdapter - Downloaded https://repo.maven.apache.org/maven2/org/springframework/spring-orm/6.2.3/spring-orm-6.2.3.pom
2025-02-21 09:21:20,757 [Worker-32: Update Maven projects configuration] INFO  o.e.m.c.i.e.AbstractTransferListenerAdapter - Downloading https://repo.maven.apache.org/maven2/org/springframework/spring-aspects/6.2.3/spring-aspects-6.2.3.pom
2025-02-21 09:21:20,778 [Worker-32: Update Maven projects configuration] INFO  o.e.m.c.i.e.AbstractTransferListenerAdapter - Downloaded https://repo.maven.apache.org/maven2/org/springframework/spring-aspects/6.2.3/spring-aspects-6.2.3.pom
2025-02-21 09:21:20,895 [Worker-32: Update Maven projects configuration] INFO  o.e.m.c.i.e.AbstractTransferListenerAdapter - Downloading https://repo.maven.apache.org/maven2/org/aspectj/aspectjweaver/1.9.22.1/aspectjweaver-1.9.22.1.pom
2025-02-21 09:21:20,915 [Worker-32: Update Maven projects configuration] INFO  o.e.m.c.i.e.AbstractTransferListenerAdapter - Downloaded https://repo.maven.apache.org/maven2/org/aspectj/aspectjweaver/1.9.22.1/aspectjweaver-1.9.22.1.pom
2025-02-21 09:21:20,982 [Worker-32: Update Maven projects configuration] INFO  o.e.m.c.i.e.AbstractTransferListenerAdapter - Downloading https://repo.maven.apache.org/maven2/org/springframework/boot/spring-boot-starter-web/3.4.3/spring-boot-starter-web-3.4.3.pom
2025-02-21 09:21:21,002 [Worker-32: Update Maven projects configuration] INFO  o.e.m.c.i.e.AbstractTransferListenerAdapter - Downloaded https://repo.maven.apache.org/maven2/org/springframework/boot/spring-boot-starter-web/3.4.3/spring-boot-starter-web-3.4.3.pom
2025-02-21 09:21:21,067 [Worker-32: Update Maven projects configuration] INFO  o.e.m.c.i.e.AbstractTransferListenerAdapter - Downloading https://repo.maven.apache.org/maven2/org/springframework/boot/spring-boot-starter-json/3.4.3/spring-boot-starter-json-3.4.3.pom
2025-02-21 09:21:21,086 [Worker-32: Update Maven projects configuration] INFO  o.e.m.c.i.e.AbstractTransferListenerAdapter - Downloaded https://repo.maven.apache.org/maven2/org/springframework/boot/spring-boot-starter-json/3.4.3/spring-boot-starter-json-3.4.3.pom
2025-02-21 09:21:21,147 [Worker-32: Update Maven projects configuration] INFO  o.e.m.c.i.e.AbstractTransferListenerAdapter - Downloading https://repo.maven.apache.org/maven2/org/springframework/spring-web/6.2.3/spring-web-6.2.3.pom
2025-02-21 09:21:21,166 [Worker-32: Update Maven projects configuration] INFO  o.e.m.c.i.e.AbstractTransferListenerAdapter - Downloaded https://repo.maven.apache.org/maven2/org/springframework/spring-web/6.2.3/spring-web-6.2.3.pom
2025-02-21 09:21:21,360 [Worker-32: Update Maven projects configuration] INFO  o.e.m.c.i.e.AbstractTransferListenerAdapter - Downloading https://repo.maven.apache.org/maven2/org/springframework/boot/spring-boot-starter-tomcat/3.4.3/spring-boot-starter-tomcat-3.4.3.pom
2025-02-21 09:21:21,380 [Worker-32: Update Maven projects configuration] INFO  o.e.m.c.i.e.AbstractTransferListenerAdapter - Downloaded https://repo.maven.apache.org/maven2/org/springframework/boot/spring-boot-starter-tomcat/3.4.3/spring-boot-starter-tomcat-3.4.3.pom
2025-02-21 09:21:21,443 [Worker-32: Update Maven projects configuration] INFO  o.e.m.c.i.e.AbstractTransferListenerAdapter - Downloading https://repo.maven.apache.org/maven2/org/apache/tomcat/embed/tomcat-embed-core/10.1.36/tomcat-embed-core-10.1.36.pom
2025-02-21 09:21:21,463 [Worker-32: Update Maven projects configuration] INFO  o.e.m.c.i.e.AbstractTransferListenerAdapter - Downloaded https://repo.maven.apache.org/maven2/org/apache/tomcat/embed/tomcat-embed-core/10.1.36/tomcat-embed-core-10.1.36.pom
2025-02-21 09:21:21,524 [Worker-32: Update Maven projects configuration] INFO  o.e.m.c.i.e.AbstractTransferListenerAdapter - Downloading https://repo.maven.apache.org/maven2/org/apache/tomcat/embed/tomcat-embed-el/10.1.36/tomcat-embed-el-10.1.36.pom
2025-02-21 09:21:21,544 [Worker-32: Update Maven projects configuration] INFO  o.e.m.c.i.e.AbstractTransferListenerAdapter - Downloaded https://repo.maven.apache.org/maven2/org/apache/tomcat/embed/tomcat-embed-el/10.1.36/tomcat-embed-el-10.1.36.pom
2025-02-21 09:21:21,609 [Worker-32: Update Maven projects configuration] INFO  o.e.m.c.i.e.AbstractTransferListenerAdapter - Downloading https://repo.maven.apache.org/maven2/org/apache/tomcat/embed/tomcat-embed-websocket/10.1.36/tomcat-embed-websocket-10.1.36.pom
2025-02-21 09:21:21,631 [Worker-32: Update Maven projects configuration] INFO  o.e.m.c.i.e.AbstractTransferListenerAdapter - Downloaded https://repo.maven.apache.org/maven2/org/apache/tomcat/embed/tomcat-embed-websocket/10.1.36/tomcat-embed-websocket-10.1.36.pom
2025-02-21 09:21:21,703 [Worker-32: Update Maven projects configuration] INFO  o.e.m.c.i.e.AbstractTransferListenerAdapter - Downloading https://repo.maven.apache.org/maven2/org/springframework/spring-webmvc/6.2.3/spring-webmvc-6.2.3.pom
2025-02-21 09:21:21,724 [Worker-32: Update Maven projects configuration] INFO  o.e.m.c.i.e.AbstractTransferListenerAdapter - Downloaded https://repo.maven.apache.org/maven2/org/springframework/spring-webmvc/6.2.3/spring-webmvc-6.2.3.pom
2025-02-21 09:21:21,786 [Worker-32: Update Maven projects configuration] INFO  o.e.m.c.i.e.AbstractTransferListenerAdapter - Downloading https://repo.maven.apache.org/maven2/com/h2database/h2/2.3.232/h2-2.3.232.pom
2025-02-21 09:21:21,804 [Worker-32: Update Maven projects configuration] INFO  o.e.m.c.i.e.AbstractTransferListenerAdapter - Downloaded https://repo.maven.apache.org/maven2/com/h2database/h2/2.3.232/h2-2.3.232.pom
2025-02-21 09:21:21,868 [Worker-32: Update Maven projects configuration] INFO  o.e.m.c.i.e.AbstractTransferListenerAdapter - Downloading https://repo.maven.apache.org/maven2/org/postgresql/postgresql/42.7.5/postgresql-42.7.5.pom
2025-02-21 09:21:21,886 [Worker-32: Update Maven projects configuration] INFO  o.e.m.c.i.e.AbstractTransferListenerAdapter - Downloaded https://repo.maven.apache.org/maven2/org/postgresql/postgresql/42.7.5/postgresql-42.7.5.pom
2025-02-21 09:21:21,948 [Worker-32: Update Maven projects configuration] INFO  o.e.m.c.i.e.AbstractTransferListenerAdapter - Downloading https://repo.maven.apache.org/maven2/org/checkerframework/checker-qual/3.48.3/checker-qual-3.48.3.pom
2025-02-21 09:21:21,968 [Worker-32: Update Maven projects configuration] INFO  o.e.m.c.i.e.AbstractTransferListenerAdapter - Downloaded https://repo.maven.apache.org/maven2/org/checkerframework/checker-qual/3.48.3/checker-qual-3.48.3.pom
2025-02-21 09:21:22,031 [Worker-32: Update Maven projects configuration] INFO  o.e.m.c.i.e.AbstractTransferListenerAdapter - Downloading https://repo.maven.apache.org/maven2/org/springframework/boot/spring-boot-starter-test/3.4.3/spring-boot-starter-test-3.4.3.pom
2025-02-21 09:21:22,051 [Worker-32: Update Maven projects configuration] INFO  o.e.m.c.i.e.AbstractTransferListenerAdapter - Downloaded https://repo.maven.apache.org/maven2/org/springframework/boot/spring-boot-starter-test/3.4.3/spring-boot-starter-test-3.4.3.pom
2025-02-21 09:21:22,117 [Worker-32: Update Maven projects configuration] INFO  o.e.m.c.i.e.AbstractTransferListenerAdapter - Downloading https://repo.maven.apache.org/maven2/org/springframework/boot/spring-boot-test/3.4.3/spring-boot-test-3.4.3.pom
2025-02-21 09:21:22,135 [Worker-32: Update Maven projects configuration] INFO  o.e.m.c.i.e.AbstractTransferListenerAdapter - Downloaded https://repo.maven.apache.org/maven2/org/springframework/boot/spring-boot-test/3.4.3/spring-boot-test-3.4.3.pom
2025-02-21 09:21:22,200 [Worker-32: Update Maven projects configuration] INFO  o.e.m.c.i.e.AbstractTransferListenerAdapter - Downloading https://repo.maven.apache.org/maven2/org/springframework/spring-test/6.2.3/spring-test-6.2.3.pom
2025-02-21 09:21:22,219 [Worker-32: Update Maven projects configuration] INFO  o.e.m.c.i.e.AbstractTransferListenerAdapter - Downloaded https://repo.maven.apache.org/maven2/org/springframework/spring-test/6.2.3/spring-test-6.2.3.pom
2025-02-21 09:21:22,287 [Worker-32: Update Maven projects configuration] INFO  o.e.m.c.i.e.AbstractTransferListenerAdapter - Downloading https://repo.maven.apache.org/maven2/org/springframework/boot/spring-boot-test-autoconfigure/3.4.3/spring-boot-test-autoconfigure-3.4.3.pom
2025-02-21 09:21:22,306 [Worker-32: Update Maven projects configuration] INFO  o.e.m.c.i.e.AbstractTransferListenerAdapter - Downloaded https://repo.maven.apache.org/maven2/org/springframework/boot/spring-boot-test-autoconfigure/3.4.3/spring-boot-test-autoconfigure-3.4.3.pom
2025-02-21 09:21:22,384 [Worker-32: Update Maven projects configuration] INFO  o.e.m.c.i.e.AbstractTransferListenerAdapter - Downloading https://repo.maven.apache.org/maven2/net/minidev/json-smart/2.5.2/json-smart-2.5.2.pom
2025-02-21 09:21:22,415 [Worker-32: Update Maven projects configuration] INFO  o.e.m.c.i.e.AbstractTransferListenerAdapter - Downloaded https://repo.maven.apache.org/maven2/net/minidev/json-smart/2.5.2/json-smart-2.5.2.pom
2025-02-21 09:21:22,518 [Worker-32: Update Maven projects configuration] INFO  o.e.m.c.i.e.AbstractTransferListenerAdapter - Downloading https://repo.maven.apache.org/maven2/net/minidev/accessors-smart/2.5.2/accessors-smart-2.5.2.pom
2025-02-21 09:21:22,547 [Worker-32: Update Maven projects configuration] INFO  o.e.m.c.i.e.AbstractTransferListenerAdapter - Downloaded https://repo.maven.apache.org/maven2/net/minidev/accessors-smart/2.5.2/accessors-smart-2.5.2.pom
2025-02-21 09:21:22,617 [Worker-32: Update Maven projects configuration] INFO  o.e.m.c.i.e.AbstractTransferListenerAdapter - Downloading https://repo.maven.apache.org/maven2/org/ow2/asm/asm/9.7.1/asm-9.7.1.pom
2025-02-21 09:21:22,638 [Worker-32: Update Maven projects configuration] INFO  o.e.m.c.i.e.AbstractTransferListenerAdapter - Downloaded https://repo.maven.apache.org/maven2/org/ow2/asm/asm/9.7.1/asm-9.7.1.pom
2025-02-21 09:21:23,053 [Worker-32: Update Maven projects configuration] INFO  o.e.m.c.i.e.AbstractTransferListenerAdapter - Downloading https://repo.maven.apache.org/maven2/org/springframework/boot/spring-boot-starter-data-jpa/3.4.3/spring-boot-starter-data-jpa-3.4.3.jar
2025-02-21 09:21:23,082 [Worker-32: Update Maven projects configuration] INFO  o.e.m.c.i.e.AbstractTransferListenerAdapter - Downloaded https://repo.maven.apache.org/maven2/org/springframework/boot/spring-boot-starter-data-jpa/3.4.3/spring-boot-starter-data-jpa-3.4.3.jar
2025-02-21 09:21:23,143 [BasicRepositoryConnector-repo.maven.apache.org-0-1] INFO  o.e.m.c.i.e.AbstractTransferListenerAdapter - Downloading https://repo.maven.apache.org/maven2/org/springframework/boot/spring-boot/3.4.3/spring-boot-3.4.3.jar
2025-02-21 09:21:23,423 [BasicRepositoryConnector-repo.maven.apache.org-0-3] INFO  o.e.m.c.i.e.AbstractTransferListenerAdapter - Downloading https://repo.maven.apache.org/maven2/org/springframework/boot/spring-boot-starter-logging/3.4.3/spring-boot-starter-logging-3.4.3.jar
2025-02-21 09:21:23,425 [BasicRepositoryConnector-repo.maven.apache.org-0-2] INFO  o.e.m.c.i.e.AbstractTransferListenerAdapter - Downloading https://repo.maven.apache.org/maven2/org/springframework/boot/spring-boot-autoconfigure/3.4.3/spring-boot-autoconfigure-3.4.3.jar
2025-02-21 09:21:23,451 [BasicRepositoryConnector-repo.maven.apache.org-0-4] INFO  o.e.m.c.i.e.AbstractTransferListenerAdapter - Downloading https://repo.maven.apache.org/maven2/org/springframework/boot/spring-boot-starter-jdbc/3.4.3/spring-boot-starter-jdbc-3.4.3.jar
2025-02-21 09:21:23,460 [BasicRepositoryConnector-repo.maven.apache.org-0-3] INFO  o.e.m.c.i.e.AbstractTransferListenerAdapter - Downloaded https://repo.maven.apache.org/maven2/org/springframework/boot/spring-boot-starter-logging/3.4.3/spring-boot-starter-logging-3.4.3.jar
2025-02-21 09:21:23,485 [BasicRepositoryConnector-repo.maven.apache.org-0-4] INFO  o.e.m.c.i.e.AbstractTransferListenerAdapter - Downloaded https://repo.maven.apache.org/maven2/org/springframework/boot/spring-boot-starter-jdbc/3.4.3/spring-boot-starter-jdbc-3.4.3.jar
2025-02-21 09:21:23,516 [BasicRepositoryConnector-repo.maven.apache.org-0-0] INFO  o.e.m.c.i.e.AbstractTransferListenerAdapter - Downloading https://repo.maven.apache.org/maven2/org/springframework/boot/spring-boot-starter/3.4.3/spring-boot-starter-3.4.3.jar
2025-02-21 09:21:23,552 [BasicRepositoryConnector-repo.maven.apache.org-0-0] INFO  o.e.m.c.i.e.AbstractTransferListenerAdapter - Downloaded https://repo.maven.apache.org/maven2/org/springframework/boot/spring-boot-starter/3.4.3/spring-boot-starter-3.4.3.jar
2025-02-21 09:21:23,642 [BasicRepositoryConnector-repo.maven.apache.org-0-3] INFO  o.e.m.c.i.e.AbstractTransferListenerAdapter - Downloading https://repo.maven.apache.org/maven2/com/zaxxer/HikariCP/5.1.0/HikariCP-5.1.0.jar
2025-02-21 09:21:23,673 [BasicRepositoryConnector-repo.maven.apache.org-0-4] INFO  o.e.m.c.i.e.AbstractTransferListenerAdapter - Downloading https://repo.maven.apache.org/maven2/org/springframework/spring-jdbc/6.2.3/spring-jdbc-6.2.3.jar
2025-02-21 09:21:23,789 [BasicRepositoryConnector-repo.maven.apache.org-0-0] INFO  o.e.m.c.i.e.AbstractTransferListenerAdapter - Downloading https://repo.maven.apache.org/maven2/org/hibernate/orm/hibernate-core/6.6.8.Final/hibernate-core-6.6.8.Final.jar
2025-02-21 09:21:24,437 [BasicRepositoryConnector-repo.maven.apache.org-0-3] INFO  o.e.m.c.i.e.AbstractTransferListenerAdapter - Downloaded https://repo.maven.apache.org/maven2/com/zaxxer/HikariCP/5.1.0/HikariCP-5.1.0.jar
2025-02-21 09:21:24,548 [BasicRepositoryConnector-repo.maven.apache.org-0-3] INFO  o.e.m.c.i.e.AbstractTransferListenerAdapter - Downloading https://repo.maven.apache.org/maven2/jakarta/persistence/jakarta.persistence-api/3.1.0/jakarta.persistence-api-3.1.0.jar
2025-02-21 09:21:24,633 [BasicRepositoryConnector-repo.maven.apache.org-0-1] INFO  o.e.m.c.i.e.AbstractTransferListenerAdapter - Downloaded https://repo.maven.apache.org/maven2/org/springframework/boot/spring-boot/3.4.3/spring-boot-3.4.3.jar
2025-02-21 09:21:24,694 [BasicRepositoryConnector-repo.maven.apache.org-0-1] INFO  o.e.m.c.i.e.AbstractTransferListenerAdapter - Downloading https://repo.maven.apache.org/maven2/jakarta/transaction/jakarta.transaction-api/2.0.1/jakarta.transaction-api-2.0.1.jar
2025-02-21 09:21:24,963 [BasicRepositoryConnector-repo.maven.apache.org-0-3] INFO  o.e.m.c.i.e.AbstractTransferListenerAdapter - Downloaded https://repo.maven.apache.org/maven2/jakarta/persistence/jakarta.persistence-api/3.1.0/jakarta.persistence-api-3.1.0.jar
2025-02-21 09:21:24,979 [BasicRepositoryConnector-repo.maven.apache.org-0-1] INFO  o.e.m.c.i.e.AbstractTransferListenerAdapter - Downloaded https://repo.maven.apache.org/maven2/jakarta/transaction/jakarta.transaction-api/2.0.1/jakarta.transaction-api-2.0.1.jar
2025-02-21 09:21:25,022 [BasicRepositoryConnector-repo.maven.apache.org-0-3] INFO  o.e.m.c.i.e.AbstractTransferListenerAdapter - Downloading https://repo.maven.apache.org/maven2/org/jboss/logging/jboss-logging/3.6.1.Final/jboss-logging-3.6.1.Final.jar
2025-02-21 09:21:25,024 [BasicRepositoryConnector-repo.maven.apache.org-0-4] INFO  o.e.m.c.i.e.AbstractTransferListenerAdapter - Downloaded https://repo.maven.apache.org/maven2/org/springframework/spring-jdbc/6.2.3/spring-jdbc-6.2.3.jar
2025-02-21 09:21:25,038 [BasicRepositoryConnector-repo.maven.apache.org-0-1] INFO  o.e.m.c.i.e.AbstractTransferListenerAdapter - Downloading https://repo.maven.apache.org/maven2/org/hibernate/common/hibernate-commons-annotations/7.0.3.Final/hibernate-commons-annotations-7.0.3.Final.jar
2025-02-21 09:21:25,107 [BasicRepositoryConnector-repo.maven.apache.org-0-4] INFO  o.e.m.c.i.e.AbstractTransferListenerAdapter - Downloading https://repo.maven.apache.org/maven2/io/smallrye/jandex/3.2.0/jandex-3.2.0.jar
2025-02-21 09:21:25,126 [BasicRepositoryConnector-repo.maven.apache.org-0-1] INFO  o.e.m.c.i.e.AbstractTransferListenerAdapter - Downloaded https://repo.maven.apache.org/maven2/org/hibernate/common/hibernate-commons-annotations/7.0.3.Final/hibernate-commons-annotations-7.0.3.Final.jar
2025-02-21 09:21:25,189 [BasicRepositoryConnector-repo.maven.apache.org-0-1] INFO  o.e.m.c.i.e.AbstractTransferListenerAdapter - Downloading https://repo.maven.apache.org/maven2/com/fasterxml/classmate/1.7.0/classmate-1.7.0.jar
2025-02-21 09:21:25,199 [BasicRepositoryConnector-repo.maven.apache.org-0-3] INFO  o.e.m.c.i.e.AbstractTransferListenerAdapter - Downloaded https://repo.maven.apache.org/maven2/org/jboss/logging/jboss-logging/3.6.1.Final/jboss-logging-3.6.1.Final.jar
2025-02-21 09:21:25,276 [BasicRepositoryConnector-repo.maven.apache.org-0-1] INFO  o.e.m.c.i.e.AbstractTransferListenerAdapter - Downloaded https://repo.maven.apache.org/maven2/com/fasterxml/classmate/1.7.0/classmate-1.7.0.jar
2025-02-21 09:21:25,280 [BasicRepositoryConnector-repo.maven.apache.org-0-3] INFO  o.e.m.c.i.e.AbstractTransferListenerAdapter - Downloading https://repo.maven.apache.org/maven2/org/glassfish/jaxb/jaxb-runtime/4.0.5/jaxb-runtime-4.0.5.jar
2025-02-21 09:21:25,341 [BasicRepositoryConnector-repo.maven.apache.org-0-1] INFO  o.e.m.c.i.e.AbstractTransferListenerAdapter - Downloading https://repo.maven.apache.org/maven2/org/glassfish/jaxb/jaxb-core/4.0.5/jaxb-core-4.0.5.jar
2025-02-21 09:21:25,500 [BasicRepositoryConnector-repo.maven.apache.org-0-1] INFO  o.e.m.c.i.e.AbstractTransferListenerAdapter - Downloaded https://repo.maven.apache.org/maven2/org/glassfish/jaxb/jaxb-core/4.0.5/jaxb-core-4.0.5.jar
2025-02-21 09:21:25,564 [BasicRepositoryConnector-repo.maven.apache.org-0-1] INFO  o.e.m.c.i.e.AbstractTransferListenerAdapter - Downloading https://repo.maven.apache.org/maven2/org/eclipse/angus/angus-activation/2.0.2/angus-activation-2.0.2.jar
2025-02-21 09:21:25,835 [BasicRepositoryConnector-repo.maven.apache.org-0-4] INFO  o.e.m.c.i.e.AbstractTransferListenerAdapter - Downloaded https://repo.maven.apache.org/maven2/io/smallrye/jandex/3.2.0/jandex-3.2.0.jar
2025-02-21 09:21:25,840 [BasicRepositoryConnector-repo.maven.apache.org-0-1] INFO  o.e.m.c.i.e.AbstractTransferListenerAdapter - Downloaded https://repo.maven.apache.org/maven2/org/eclipse/angus/angus-activation/2.0.2/angus-activation-2.0.2.jar
2025-02-21 09:21:25,885 [BasicRepositoryConnector-repo.maven.apache.org-0-4] INFO  o.e.m.c.i.e.AbstractTransferListenerAdapter - Downloading https://repo.maven.apache.org/maven2/org/glassfish/jaxb/txw2/4.0.5/txw2-4.0.5.jar
2025-02-21 09:21:25,901 [BasicRepositoryConnector-repo.maven.apache.org-0-1] INFO  o.e.m.c.i.e.AbstractTransferListenerAdapter - Downloading https://repo.maven.apache.org/maven2/com/sun/istack/istack-commons-runtime/4.1.2/istack-commons-runtime-4.1.2.jar
2025-02-21 09:21:26,089 [BasicRepositoryConnector-repo.maven.apache.org-0-4] INFO  o.e.m.c.i.e.AbstractTransferListenerAdapter - Downloaded https://repo.maven.apache.org/maven2/org/glassfish/jaxb/txw2/4.0.5/txw2-4.0.5.jar
2025-02-21 09:21:26,139 [BasicRepositoryConnector-repo.maven.apache.org-0-4] INFO  o.e.m.c.i.e.AbstractTransferListenerAdapter - Downloading https://repo.maven.apache.org/maven2/jakarta/inject/jakarta.inject-api/2.0.1/jakarta.inject-api-2.0.1.jar
2025-02-21 09:21:26,241 [BasicRepositoryConnector-repo.maven.apache.org-0-1] INFO  o.e.m.c.i.e.AbstractTransferListenerAdapter - Downloaded https://repo.maven.apache.org/maven2/com/sun/istack/istack-commons-runtime/4.1.2/istack-commons-runtime-4.1.2.jar
2025-02-21 09:21:26,290 [BasicRepositoryConnector-repo.maven.apache.org-0-1] INFO  o.e.m.c.i.e.AbstractTransferListenerAdapter - Downloading https://repo.maven.apache.org/maven2/org/antlr/antlr4-runtime/4.13.0/antlr4-runtime-4.13.0.jar
2025-02-21 09:21:26,316 [BasicRepositoryConnector-repo.maven.apache.org-0-4] INFO  o.e.m.c.i.e.AbstractTransferListenerAdapter - Downloaded https://repo.maven.apache.org/maven2/jakarta/inject/jakarta.inject-api/2.0.1/jakarta.inject-api-2.0.1.jar
2025-02-21 09:21:26,380 [BasicRepositoryConnector-repo.maven.apache.org-0-4] INFO  o.e.m.c.i.e.AbstractTransferListenerAdapter - Downloading https://repo.maven.apache.org/maven2/org/springframework/data/spring-data-jpa/3.4.3/spring-data-jpa-3.4.3.jar
2025-02-21 09:21:27,723 [BasicRepositoryConnector-repo.maven.apache.org-0-1] INFO  o.e.m.c.i.e.AbstractTransferListenerAdapter - Downloaded https://repo.maven.apache.org/maven2/org/antlr/antlr4-runtime/4.13.0/antlr4-runtime-4.13.0.jar
2025-02-21 09:21:27,772 [BasicRepositoryConnector-repo.maven.apache.org-0-1] INFO  o.e.m.c.i.e.AbstractTransferListenerAdapter - Downloading https://repo.maven.apache.org/maven2/org/springframework/data/spring-data-commons/3.4.3/spring-data-commons-3.4.3.jar
2025-02-21 09:21:28,880 [BasicRepositoryConnector-repo.maven.apache.org-0-2] INFO  o.e.m.c.i.e.AbstractTransferListenerAdapter - Downloaded https://repo.maven.apache.org/maven2/org/springframework/boot/spring-boot-autoconfigure/3.4.3/spring-boot-autoconfigure-3.4.3.jar
2025-02-21 09:21:28,933 [BasicRepositoryConnector-repo.maven.apache.org-0-2] INFO  o.e.m.c.i.e.AbstractTransferListenerAdapter - Downloading https://repo.maven.apache.org/maven2/org/springframework/spring-orm/6.2.3/spring-orm-6.2.3.jar
2025-02-21 09:21:29,445 [BasicRepositoryConnector-repo.maven.apache.org-0-4] INFO  o.e.m.c.i.e.AbstractTransferListenerAdapter - Downloaded https://repo.maven.apache.org/maven2/org/springframework/data/spring-data-jpa/3.4.3/spring-data-jpa-3.4.3.jar
2025-02-21 09:21:29,458 [BasicRepositoryConnector-repo.maven.apache.org-0-3] INFO  o.e.m.c.i.e.AbstractTransferListenerAdapter - Downloaded https://repo.maven.apache.org/maven2/org/glassfish/jaxb/jaxb-runtime/4.0.5/jaxb-runtime-4.0.5.jar
2025-02-21 09:21:29,511 [BasicRepositoryConnector-repo.maven.apache.org-0-4] INFO  o.e.m.c.i.e.AbstractTransferListenerAdapter - Downloading https://repo.maven.apache.org/maven2/org/springframework/spring-context/6.2.3/spring-context-6.2.3.jar
2025-02-21 09:21:29,517 [BasicRepositoryConnector-repo.maven.apache.org-0-3] INFO  o.e.m.c.i.e.AbstractTransferListenerAdapter - Downloading https://repo.maven.apache.org/maven2/org/springframework/spring-aop/6.2.3/spring-aop-6.2.3.jar
2025-02-21 09:21:29,638 [BasicRepositoryConnector-repo.maven.apache.org-0-2] INFO  o.e.m.c.i.e.AbstractTransferListenerAdapter - Downloaded https://repo.maven.apache.org/maven2/org/springframework/spring-orm/6.2.3/spring-orm-6.2.3.jar
2025-02-21 09:21:29,686 [BasicRepositoryConnector-repo.maven.apache.org-0-2] INFO  o.e.m.c.i.e.AbstractTransferListenerAdapter - Downloading https://repo.maven.apache.org/maven2/org/springframework/spring-tx/6.2.3/spring-tx-6.2.3.jar
2025-02-21 09:21:30,694 [BasicRepositoryConnector-repo.maven.apache.org-0-2] INFO  o.e.m.c.i.e.AbstractTransferListenerAdapter - Downloaded https://repo.maven.apache.org/maven2/org/springframework/spring-tx/6.2.3/spring-tx-6.2.3.jar
2025-02-21 09:21:30,743 [BasicRepositoryConnector-repo.maven.apache.org-0-2] INFO  o.e.m.c.i.e.AbstractTransferListenerAdapter - Downloading https://repo.maven.apache.org/maven2/org/springframework/spring-beans/6.2.3/spring-beans-6.2.3.jar
2025-02-21 09:21:31,453 [BasicRepositoryConnector-repo.maven.apache.org-0-3] INFO  o.e.m.c.i.e.AbstractTransferListenerAdapter - Downloaded https://repo.maven.apache.org/maven2/org/springframework/spring-aop/6.2.3/spring-aop-6.2.3.jar
2025-02-21 09:21:31,515 [BasicRepositoryConnector-repo.maven.apache.org-0-3] INFO  o.e.m.c.i.e.AbstractTransferListenerAdapter - Downloading https://repo.maven.apache.org/maven2/org/springframework/spring-aspects/6.2.3/spring-aspects-6.2.3.jar
2025-02-21 09:21:32,115 [BasicRepositoryConnector-repo.maven.apache.org-0-3] INFO  o.e.m.c.i.e.AbstractTransferListenerAdapter - Downloaded https://repo.maven.apache.org/maven2/org/springframework/spring-aspects/6.2.3/spring-aspects-6.2.3.jar
2025-02-21 09:21:32,174 [BasicRepositoryConnector-repo.maven.apache.org-0-3] INFO  o.e.m.c.i.e.AbstractTransferListenerAdapter - Downloading https://repo.maven.apache.org/maven2/org/aspectj/aspectjweaver/1.9.22.1/aspectjweaver-1.9.22.1.jar
2025-02-21 09:21:32,181 [BasicRepositoryConnector-repo.maven.apache.org-0-1] INFO  o.e.m.c.i.e.AbstractTransferListenerAdapter - Downloaded https://repo.maven.apache.org/maven2/org/springframework/data/spring-data-commons/3.4.3/spring-data-commons-3.4.3.jar
2025-02-21 09:21:32,233 [BasicRepositoryConnector-repo.maven.apache.org-0-1] INFO  o.e.m.c.i.e.AbstractTransferListenerAdapter - Downloading https://repo.maven.apache.org/maven2/org/springframework/boot/spring-boot-starter-web/3.4.3/spring-boot-starter-web-3.4.3.jar
2025-02-21 09:21:32,269 [BasicRepositoryConnector-repo.maven.apache.org-0-1] INFO  o.e.m.c.i.e.AbstractTransferListenerAdapter - Downloaded https://repo.maven.apache.org/maven2/org/springframework/boot/spring-boot-starter-web/3.4.3/spring-boot-starter-web-3.4.3.jar
2025-02-21 09:21:32,317 [BasicRepositoryConnector-repo.maven.apache.org-0-1] INFO  o.e.m.c.i.e.AbstractTransferListenerAdapter - Downloading https://repo.maven.apache.org/maven2/org/springframework/boot/spring-boot-starter-json/3.4.3/spring-boot-starter-json-3.4.3.jar
2025-02-21 09:21:32,353 [BasicRepositoryConnector-repo.maven.apache.org-0-1] INFO  o.e.m.c.i.e.AbstractTransferListenerAdapter - Downloaded https://repo.maven.apache.org/maven2/org/springframework/boot/spring-boot-starter-json/3.4.3/spring-boot-starter-json-3.4.3.jar
2025-02-21 09:21:32,406 [BasicRepositoryConnector-repo.maven.apache.org-0-1] INFO  o.e.m.c.i.e.AbstractTransferListenerAdapter - Downloading https://repo.maven.apache.org/maven2/org/springframework/boot/spring-boot-starter-tomcat/3.4.3/spring-boot-starter-tomcat-3.4.3.jar
2025-02-21 09:21:32,439 [BasicRepositoryConnector-repo.maven.apache.org-0-1] INFO  o.e.m.c.i.e.AbstractTransferListenerAdapter - Downloaded https://repo.maven.apache.org/maven2/org/springframework/boot/spring-boot-starter-tomcat/3.4.3/spring-boot-starter-tomcat-3.4.3.jar
2025-02-21 09:21:32,484 [BasicRepositoryConnector-repo.maven.apache.org-0-2] INFO  o.e.m.c.i.e.AbstractTransferListenerAdapter - Downloaded https://repo.maven.apache.org/maven2/org/springframework/spring-beans/6.2.3/spring-beans-6.2.3.jar
2025-02-21 09:21:32,493 [BasicRepositoryConnector-repo.maven.apache.org-0-1] INFO  o.e.m.c.i.e.AbstractTransferListenerAdapter - Downloading https://repo.maven.apache.org/maven2/org/apache/tomcat/embed/tomcat-embed-core/10.1.36/tomcat-embed-core-10.1.36.jar
2025-02-21 09:21:32,534 [BasicRepositoryConnector-repo.maven.apache.org-0-2] INFO  o.e.m.c.i.e.AbstractTransferListenerAdapter - Downloading https://repo.maven.apache.org/maven2/org/apache/tomcat/embed/tomcat-embed-el/10.1.36/tomcat-embed-el-10.1.36.jar
2025-02-21 09:21:33,446 [BasicRepositoryConnector-repo.maven.apache.org-0-2] INFO  o.e.m.c.i.e.AbstractTransferListenerAdapter - Downloaded https://repo.maven.apache.org/maven2/org/apache/tomcat/embed/tomcat-embed-el/10.1.36/tomcat-embed-el-10.1.36.jar
2025-02-21 09:21:33,493 [BasicRepositoryConnector-repo.maven.apache.org-0-2] INFO  o.e.m.c.i.e.AbstractTransferListenerAdapter - Downloading https://repo.maven.apache.org/maven2/org/apache/tomcat/embed/tomcat-embed-websocket/10.1.36/tomcat-embed-websocket-10.1.36.jar
2025-02-21 09:21:34,167 [BasicRepositoryConnector-repo.maven.apache.org-0-4] INFO  o.e.m.c.i.e.AbstractTransferListenerAdapter - Downloaded https://repo.maven.apache.org/maven2/org/springframework/spring-context/6.2.3/spring-context-6.2.3.jar
2025-02-21 09:21:34,227 [BasicRepositoryConnector-repo.maven.apache.org-0-4] INFO  o.e.m.c.i.e.AbstractTransferListenerAdapter - Downloading https://repo.maven.apache.org/maven2/org/springframework/spring-web/6.2.3/spring-web-6.2.3.jar
2025-02-21 09:21:35,433 [BasicRepositoryConnector-repo.maven.apache.org-0-2] INFO  o.e.m.c.i.e.AbstractTransferListenerAdapter - Downloaded https://repo.maven.apache.org/maven2/org/apache/tomcat/embed/tomcat-embed-websocket/10.1.36/tomcat-embed-websocket-10.1.36.jar
2025-02-21 09:21:35,479 [BasicRepositoryConnector-repo.maven.apache.org-0-2] INFO  o.e.m.c.i.e.AbstractTransferListenerAdapter - Downloading https://repo.maven.apache.org/maven2/io/micrometer/micrometer-observation/1.14.4/micrometer-observation-1.14.4.jar
2025-02-21 09:21:35,912 [BasicRepositoryConnector-repo.maven.apache.org-0-2] INFO  o.e.m.c.i.e.AbstractTransferListenerAdapter - Downloaded https://repo.maven.apache.org/maven2/io/micrometer/micrometer-observation/1.14.4/micrometer-observation-1.14.4.jar
2025-02-21 09:21:35,960 [BasicRepositoryConnector-repo.maven.apache.org-0-2] INFO  o.e.m.c.i.e.AbstractTransferListenerAdapter - Downloading https://repo.maven.apache.org/maven2/io/micrometer/micrometer-commons/1.14.4/micrometer-commons-1.14.4.jar
2025-02-21 09:21:37,022 [BasicRepositoryConnector-repo.maven.apache.org-0-2] INFO  o.e.m.c.i.e.AbstractTransferListenerAdapter - Downloaded https://repo.maven.apache.org/maven2/io/micrometer/micrometer-commons/1.14.4/micrometer-commons-1.14.4.jar
2025-02-21 09:21:37,109 [BasicRepositoryConnector-repo.maven.apache.org-0-2] INFO  o.e.m.c.i.e.AbstractTransferListenerAdapter - Downloading https://repo.maven.apache.org/maven2/org/springframework/spring-webmvc/6.2.3/spring-webmvc-6.2.3.jar
2025-02-21 09:21:39,305 [BasicRepositoryConnector-repo.maven.apache.org-0-3] INFO  o.e.m.c.i.e.AbstractTransferListenerAdapter - Downloaded https://repo.maven.apache.org/maven2/org/aspectj/aspectjweaver/1.9.22.1/aspectjweaver-1.9.22.1.jar
2025-02-21 09:21:39,365 [BasicRepositoryConnector-repo.maven.apache.org-0-3] INFO  o.e.m.c.i.e.AbstractTransferListenerAdapter - Downloading https://repo.maven.apache.org/maven2/org/springframework/spring-expression/6.2.3/spring-expression-6.2.3.jar
2025-02-21 09:21:40,144 [BasicRepositoryConnector-repo.maven.apache.org-0-3] INFO  o.e.m.c.i.e.AbstractTransferListenerAdapter - Downloaded https://repo.maven.apache.org/maven2/org/springframework/spring-expression/6.2.3/spring-expression-6.2.3.jar
2025-02-21 09:21:40,206 [BasicRepositoryConnector-repo.maven.apache.org-0-3] INFO  o.e.m.c.i.e.AbstractTransferListenerAdapter - Downloading https://repo.maven.apache.org/maven2/com/h2database/h2/2.3.232/h2-2.3.232.jar
2025-02-21 09:21:40,444 [BasicRepositoryConnector-repo.maven.apache.org-0-2] INFO  o.e.m.c.i.e.AbstractTransferListenerAdapter - Downloaded https://repo.maven.apache.org/maven2/org/springframework/spring-webmvc/6.2.3/spring-webmvc-6.2.3.jar
2025-02-21 09:21:40,492 [BasicRepositoryConnector-repo.maven.apache.org-0-2] INFO  o.e.m.c.i.e.AbstractTransferListenerAdapter - Downloading https://repo.maven.apache.org/maven2/org/postgresql/postgresql/42.7.5/postgresql-42.7.5.jar
2025-02-21 09:21:42,061 [BasicRepositoryConnector-repo.maven.apache.org-0-4] INFO  o.e.m.c.i.e.AbstractTransferListenerAdapter - Downloaded https://repo.maven.apache.org/maven2/org/springframework/spring-web/6.2.3/spring-web-6.2.3.jar
2025-02-21 09:21:42,120 [BasicRepositoryConnector-repo.maven.apache.org-0-4] INFO  o.e.m.c.i.e.AbstractTransferListenerAdapter - Downloading https://repo.maven.apache.org/maven2/org/checkerframework/checker-qual/3.48.3/checker-qual-3.48.3.jar
2025-02-21 09:21:43,379 [BasicRepositoryConnector-repo.maven.apache.org-0-4] INFO  o.e.m.c.i.e.AbstractTransferListenerAdapter - Downloaded https://repo.maven.apache.org/maven2/org/checkerframework/checker-qual/3.48.3/checker-qual-3.48.3.jar
2025-02-21 09:21:43,436 [BasicRepositoryConnector-repo.maven.apache.org-0-4] INFO  o.e.m.c.i.e.AbstractTransferListenerAdapter - Downloading https://repo.maven.apache.org/maven2/org/springframework/boot/spring-boot-starter-test/3.4.3/spring-boot-starter-test-3.4.3.jar
2025-02-21 09:21:43,486 [BasicRepositoryConnector-repo.maven.apache.org-0-4] INFO  o.e.m.c.i.e.AbstractTransferListenerAdapter - Downloaded https://repo.maven.apache.org/maven2/org/springframework/boot/spring-boot-starter-test/3.4.3/spring-boot-starter-test-3.4.3.jar
2025-02-21 09:21:43,529 [BasicRepositoryConnector-repo.maven.apache.org-0-2] INFO  o.e.m.c.i.e.AbstractTransferListenerAdapter - Downloaded https://repo.maven.apache.org/maven2/org/postgresql/postgresql/42.7.5/postgresql-42.7.5.jar
2025-02-21 09:21:43,547 [BasicRepositoryConnector-repo.maven.apache.org-0-4] INFO  o.e.m.c.i.e.AbstractTransferListenerAdapter - Downloading https://repo.maven.apache.org/maven2/org/springframework/boot/spring-boot-test/3.4.3/spring-boot-test-3.4.3.jar
2025-02-21 09:21:43,579 [BasicRepositoryConnector-repo.maven.apache.org-0-2] INFO  o.e.m.c.i.e.AbstractTransferListenerAdapter - Downloading https://repo.maven.apache.org/maven2/org/springframework/boot/spring-boot-test-autoconfigure/3.4.3/spring-boot-test-autoconfigure-3.4.3.jar
2025-02-21 09:21:44,097 [BasicRepositoryConnector-repo.maven.apache.org-0-2] INFO  o.e.m.c.i.e.AbstractTransferListenerAdapter - Downloaded https://repo.maven.apache.org/maven2/org/springframework/boot/spring-boot-test-autoconfigure/3.4.3/spring-boot-test-autoconfigure-3.4.3.jar
2025-02-21 09:21:44,151 [BasicRepositoryConnector-repo.maven.apache.org-0-2] INFO  o.e.m.c.i.e.AbstractTransferListenerAdapter - Downloading https://repo.maven.apache.org/maven2/net/minidev/json-smart/2.5.2/json-smart-2.5.2.jar
2025-02-21 09:21:44,460 [BasicRepositoryConnector-repo.maven.apache.org-0-2] INFO  o.e.m.c.i.e.AbstractTransferListenerAdapter - Downloaded https://repo.maven.apache.org/maven2/net/minidev/json-smart/2.5.2/json-smart-2.5.2.jar
2025-02-21 09:21:44,513 [BasicRepositoryConnector-repo.maven.apache.org-0-2] INFO  o.e.m.c.i.e.AbstractTransferListenerAdapter - Downloading https://repo.maven.apache.org/maven2/net/minidev/accessors-smart/2.5.2/accessors-smart-2.5.2.jar
2025-02-21 09:21:44,572 [BasicRepositoryConnector-repo.maven.apache.org-0-4] INFO  o.e.m.c.i.e.AbstractTransferListenerAdapter - Downloaded https://repo.maven.apache.org/maven2/org/springframework/boot/spring-boot-test/3.4.3/spring-boot-test-3.4.3.jar
2025-02-21 09:21:44,621 [BasicRepositoryConnector-repo.maven.apache.org-0-4] INFO  o.e.m.c.i.e.AbstractTransferListenerAdapter - Downloading https://repo.maven.apache.org/maven2/org/ow2/asm/asm/9.7.1/asm-9.7.1.jar
2025-02-21 09:21:44,886 [BasicRepositoryConnector-repo.maven.apache.org-0-4] INFO  o.e.m.c.i.e.AbstractTransferListenerAdapter - Downloaded https://repo.maven.apache.org/maven2/org/ow2/asm/asm/9.7.1/asm-9.7.1.jar
2025-02-21 09:21:44,933 [BasicRepositoryConnector-repo.maven.apache.org-0-4] INFO  o.e.m.c.i.e.AbstractTransferListenerAdapter - Downloading https://repo.maven.apache.org/maven2/org/springframework/spring-core/6.2.3/spring-core-6.2.3.jar
2025-02-21 09:21:44,983 [BasicRepositoryConnector-repo.maven.apache.org-0-2] INFO  o.e.m.c.i.e.AbstractTransferListenerAdapter - Downloaded https://repo.maven.apache.org/maven2/net/minidev/accessors-smart/2.5.2/accessors-smart-2.5.2.jar
2025-02-21 09:21:45,039 [BasicRepositoryConnector-repo.maven.apache.org-0-2] INFO  o.e.m.c.i.e.AbstractTransferListenerAdapter - Downloading https://repo.maven.apache.org/maven2/org/springframework/spring-jcl/6.2.3/spring-jcl-6.2.3.jar
2025-02-21 09:21:45,489 [BasicRepositoryConnector-repo.maven.apache.org-0-2] INFO  o.e.m.c.i.e.AbstractTransferListenerAdapter - Downloaded https://repo.maven.apache.org/maven2/org/springframework/spring-jcl/6.2.3/spring-jcl-6.2.3.jar
2025-02-21 09:21:45,551 [BasicRepositoryConnector-repo.maven.apache.org-0-2] INFO  o.e.m.c.i.e.AbstractTransferListenerAdapter - Downloading https://repo.maven.apache.org/maven2/org/springframework/spring-test/6.2.3/spring-test-6.2.3.jar
2025-02-21 09:21:47,385 [BasicRepositoryConnector-repo.maven.apache.org-0-1] INFO  o.e.m.c.i.e.AbstractTransferListenerAdapter - Downloaded https://repo.maven.apache.org/maven2/org/apache/tomcat/embed/tomcat-embed-core/10.1.36/tomcat-embed-core-10.1.36.jar
2025-02-21 09:21:49,842 [BasicRepositoryConnector-repo.maven.apache.org-0-3] INFO  o.e.m.c.i.e.AbstractTransferListenerAdapter - Downloaded https://repo.maven.apache.org/maven2/com/h2database/h2/2.3.232/h2-2.3.232.jar
2025-02-21 09:21:50,545 [BasicRepositoryConnector-repo.maven.apache.org-0-2] INFO  o.e.m.c.i.e.AbstractTransferListenerAdapter - Downloaded https://repo.maven.apache.org/maven2/org/springframework/spring-test/6.2.3/spring-test-6.2.3.jar
2025-02-21 09:21:50,841 [BasicRepositoryConnector-repo.maven.apache.org-0-4] INFO  o.e.m.c.i.e.AbstractTransferListenerAdapter - Downloaded https://repo.maven.apache.org/maven2/org/springframework/spring-core/6.2.3/spring-core-6.2.3.jar
2025-02-21 09:22:21,878 [BasicRepositoryConnector-repo.maven.apache.org-0-0] INFO  o.e.m.c.i.e.AbstractTransferListenerAdapter - Downloaded https://repo.maven.apache.org/maven2/org/hibernate/orm/hibernate-core/6.6.8.Final/hibernate-core-6.6.8.Final.jar
2025-02-21 09:22:22,434 [Worker-32: Update Maven projects configuration] INFO  o.e.m.c.i.l.LifecycleMappingFactory - Using org.eclipse.m2e.jdt.JarLifecycleMapping lifecycle mapping for MavenProject: com.example:demo:0.0.1-SNAPSHOT @ E:\PJ\Eclipse\demo\pom.xml.
2025-02-21 09:22:23,407 [Worker-32: Update Maven projects configuration] INFO  o.e.m.c.i.l.LifecycleMappingFactory - Using org.eclipse.m2e.jdt.JarLifecycleMapping lifecycle mapping for MavenProject: com.example:demo:0.0.1-SNAPSHOT @ E:\PJ\Eclipse\demo-BuildingAnApplication\demo-BuildingAnApplication\pom.xml.
2025-02-21 09:22:23,807 [Worker-32: Update Maven projects configuration] INFO  o.e.m.c.i.l.LifecycleMappingFactory - Using org.eclipse.m2e.jdt.JarLifecycleMapping lifecycle mapping for MavenProject: com.example:demo:0.0.1-SNAPSHOT @ E:\PJ\Eclipse\demo-BuildingARESTfulWebService\demo-BuildingARESTfulWebService\pom.xml.
2025-02-21 09:22:23,964 [Worker-32: Update Maven projects configuration] INFO  o.e.m.c.i.l.LifecycleMappingFactory - Using org.eclipse.m2e.jdt.JarLifecycleMapping lifecycle mapping for MavenProject: com.example:SpringBoot_FullExample:0.0.1-SNAPSHOT @ E:\PJ\Eclipse\SpringBoot_FullExample\pom.xml.
2025-02-21 09:22:28,341 [Worker-5: Download sources and javadoc] INFO  o.e.m.c.i.e.AbstractTransferListenerAdapter - Downloading https://repo.maven.apache.org/maven2/org/springframework/boot/spring-boot-starter-data-jpa/3.4.3/spring-boot-starter-data-jpa-3.4.3-sources.jar
2025-02-21 09:22:28,351 [Worker-5: Download sources and javadoc] INFO  o.e.m.c.i.e.AbstractTransferListenerAdapter - Downloaded https://repo.maven.apache.org/maven2/org/springframework/boot/spring-boot-starter-data-jpa/3.4.3/spring-boot-starter-data-jpa-3.4.3-sources.jar
2025-02-21 09:22:28,354 [Worker-5: Download sources and javadoc] INFO  o.e.m.j.internal.DownloadSourcesJob - Downloaded sources for org.springframework.boot:spring-boot-starter-data-jpa:3.4.3
2025-02-21 09:22:28,509 [Worker-5: Download sources and javadoc] INFO  o.e.m.c.i.e.AbstractTransferListenerAdapter - Downloading https://repo.maven.apache.org/maven2/org/springframework/boot/spring-boot-starter/3.4.3/spring-boot-starter-3.4.3-sources.jar
2025-02-21 09:22:28,536 [Worker-5: Download sources and javadoc] INFO  o.e.m.c.i.e.AbstractTransferListenerAdapter - Downloaded https://repo.maven.apache.org/maven2/org/springframework/boot/spring-boot-starter/3.4.3/spring-boot-starter-3.4.3-sources.jar
2025-02-21 09:22:28,537 [Worker-5: Download sources and javadoc] INFO  o.e.m.j.internal.DownloadSourcesJob - Downloaded sources for org.springframework.boot:spring-boot-starter:3.4.3
2025-02-21 09:22:28,703 [Worker-5: Download sources and javadoc] INFO  o.e.m.c.i.e.AbstractTransferListenerAdapter - Downloading https://repo.maven.apache.org/maven2/org/springframework/boot/spring-boot/3.4.3/spring-boot-3.4.3-sources.jar
2025-02-21 09:22:29,577 [Worker-5: Download sources and javadoc] INFO  o.e.m.c.i.e.AbstractTransferListenerAdapter - Downloaded https://repo.maven.apache.org/maven2/org/springframework/boot/spring-boot/3.4.3/spring-boot-3.4.3-sources.jar
2025-02-21 09:22:29,578 [Worker-5: Download sources and javadoc] INFO  o.e.m.j.internal.DownloadSourcesJob - Downloaded sources for org.springframework.boot:spring-boot:3.4.3
2025-02-21 09:22:29,760 [Worker-5: Download sources and javadoc] INFO  o.e.m.c.i.e.AbstractTransferListenerAdapter - Downloading https://repo.maven.apache.org/maven2/org/springframework/boot/spring-boot-autoconfigure/3.4.3/spring-boot-autoconfigure-3.4.3-sources.jar
2025-02-21 09:22:30,540 [Worker-5: Download sources and javadoc] INFO  o.e.m.c.i.e.AbstractTransferListenerAdapter - Downloaded https://repo.maven.apache.org/maven2/org/springframework/boot/spring-boot-autoconfigure/3.4.3/spring-boot-autoconfigure-3.4.3-sources.jar
2025-02-21 09:22:30,542 [Worker-5: Download sources and javadoc] INFO  o.e.m.j.internal.DownloadSourcesJob - Downloaded sources for org.springframework.boot:spring-boot-autoconfigure:3.4.3
2025-02-21 09:22:30,839 [Worker-5: Download sources and javadoc] INFO  o.e.m.c.i.e.AbstractTransferListenerAdapter - Downloading https://repo.maven.apache.org/maven2/org/springframework/boot/spring-boot-starter-logging/3.4.3/spring-boot-starter-logging-3.4.3-sources.jar
2025-02-21 09:22:30,877 [Worker-5: Download sources and javadoc] INFO  o.e.m.c.i.e.AbstractTransferListenerAdapter - Downloaded https://repo.maven.apache.org/maven2/org/springframework/boot/spring-boot-starter-logging/3.4.3/spring-boot-starter-logging-3.4.3-sources.jar
2025-02-21 09:22:30,879 [Worker-5: Download sources and javadoc] INFO  o.e.m.j.internal.DownloadSourcesJob - Downloaded sources for org.springframework.boot:spring-boot-starter-logging:3.4.3
2025-02-21 09:22:31,048 [Worker-5: Download sources and javadoc] INFO  o.e.m.c.i.e.AbstractTransferListenerAdapter - Downloading https://repo.maven.apache.org/maven2/org/springframework/boot/spring-boot-starter-jdbc/3.4.3/spring-boot-starter-jdbc-3.4.3-sources.jar
2025-02-21 09:22:31,079 [Worker-5: Download sources and javadoc] INFO  o.e.m.c.i.e.AbstractTransferListenerAdapter - Downloaded https://repo.maven.apache.org/maven2/org/springframework/boot/spring-boot-starter-jdbc/3.4.3/spring-boot-starter-jdbc-3.4.3-sources.jar
2025-02-21 09:22:31,081 [Worker-5: Download sources and javadoc] INFO  o.e.m.j.internal.DownloadSourcesJob - Downloaded sources for org.springframework.boot:spring-boot-starter-jdbc:3.4.3
2025-02-21 09:22:31,327 [Worker-5: Download sources and javadoc] INFO  o.e.m.c.i.e.AbstractTransferListenerAdapter - Downloading https://repo.maven.apache.org/maven2/com/zaxxer/HikariCP/5.1.0/HikariCP-5.1.0-sources.jar
2025-02-21 09:22:31,593 [Worker-5: Download sources and javadoc] INFO  o.e.m.c.i.e.AbstractTransferListenerAdapter - Downloaded https://repo.maven.apache.org/maven2/com/zaxxer/HikariCP/5.1.0/HikariCP-5.1.0-sources.jar
2025-02-21 09:22:31,595 [Worker-5: Download sources and javadoc] INFO  o.e.m.j.internal.DownloadSourcesJob - Downloaded sources for com.zaxxer:HikariCP:5.1.0
2025-02-21 09:22:31,851 [Worker-5: Download sources and javadoc] INFO  o.e.m.c.i.e.AbstractTransferListenerAdapter - Downloading https://repo.maven.apache.org/maven2/org/springframework/spring-jdbc/6.2.3/spring-jdbc-6.2.3-sources.jar
2025-02-21 09:22:32,272 [Worker-5: Download sources and javadoc] INFO  o.e.m.c.i.e.AbstractTransferListenerAdapter - Downloaded https://repo.maven.apache.org/maven2/org/springframework/spring-jdbc/6.2.3/spring-jdbc-6.2.3-sources.jar
2025-02-21 09:22:32,277 [Worker-5: Download sources and javadoc] INFO  o.e.m.j.internal.DownloadSourcesJob - Downloaded sources for org.springframework:spring-jdbc:6.2.3
2025-02-21 09:22:32,560 [Worker-5: Download sources and javadoc] INFO  o.e.m.c.i.e.AbstractTransferListenerAdapter - Downloading https://repo.maven.apache.org/maven2/org/hibernate/orm/hibernate-core/6.6.8.Final/hibernate-core-6.6.8.Final-sources.jar
2025-02-21 09:22:34,044 [Worker-33: Building] INFO  o.a.m.s.f.DefaultMavenResourcesFiltering - Copying 1 resource from src\main\resources to target\classes
2025-02-21 09:22:34,067 [Worker-33: Building] INFO  o.a.m.s.f.DefaultMavenResourcesFiltering - Copying 0 resource from src\main\resources to target\classes
2025-02-21 09:22:34,071 [Worker-33: Building] INFO  o.a.m.s.f.DefaultMavenResourcesFiltering - skip non existing resourceDirectory E:\PJ\Eclipse\SpringBoot_FullExample\src\test\resources
2025-02-21 09:22:34,391 [Worker-32: Update Maven projects configuration] INFO  o.e.m.j.i.AbstractJavaProjectConfigurator - Adding source folder /SpringBoot_FullExample/src/main/java
2025-02-21 09:22:34,394 [Worker-32: Update Maven projects configuration] INFO  o.e.m.j.i.AbstractJavaProjectConfigurator - Adding resource folder /SpringBoot_FullExample/src/main/resources
2025-02-21 09:22:34,412 [Worker-32: Update Maven projects configuration] INFO  o.e.m.j.i.AbstractJavaProjectConfigurator - Adding resource folder /SpringBoot_FullExample/src/main/resources
2025-02-21 09:22:34,426 [Worker-32: Update Maven projects configuration] INFO  o.e.m.j.i.AbstractJavaProjectConfigurator - Adding source folder /SpringBoot_FullExample/src/test/java
2025-02-21 09:22:34,427 [Worker-32: Update Maven projects configuration] INFO  o.e.m.j.i.AbstractJavaProjectConfigurator - Adding resource folder /SpringBoot_FullExample/src/test/resources
2025-02-21 09:22:38,535 [Worker-32: Update Maven projects configuration] INFO  o.e.m.c.i.p.ProjectConfigurationManager - Update completed for 1 poms: local refresh takes 0.00 sec, refresh facades takes 84.00 sec, update config takes 5.00 sec 
2025-02-21 09:22:38,735 [Worker-36: Building] INFO  o.a.m.s.f.DefaultMavenResourcesFiltering - Copying 1 resource from src\main\resources to target\classes
2025-02-21 09:22:38,737 [Worker-36: Building] INFO  o.a.m.s.f.DefaultMavenResourcesFiltering - Copying 0 resource from src\main\resources to target\classes
2025-02-21 09:22:38,741 [Worker-36: Building] INFO  o.a.m.s.f.DefaultMavenResourcesFiltering - skip non existing resourceDirectory E:\PJ\Eclipse\SpringBoot_FullExample\src\test\resources
2025-02-21 09:22:41,069 [Worker-5: Download sources and javadoc] INFO  o.e.m.c.i.e.AbstractTransferListenerAdapter - Downloaded https://repo.maven.apache.org/maven2/org/hibernate/orm/hibernate-core/6.6.8.Final/hibernate-core-6.6.8.Final-sources.jar
2025-02-21 09:22:41,072 [Worker-5: Download sources and javadoc] INFO  o.e.m.j.internal.DownloadSourcesJob - Downloaded sources for org.hibernate.orm:hibernate-core:6.6.8.Final
2025-02-21 09:22:41,326 [Worker-5: Download sources and javadoc] INFO  o.e.m.c.i.e.AbstractTransferListenerAdapter - Downloading https://repo.maven.apache.org/maven2/jakarta/persistence/jakarta.persistence-api/3.1.0/jakarta.persistence-api-3.1.0-sources.jar
2025-02-21 09:22:41,625 [Worker-5: Download sources and javadoc] INFO  o.e.m.c.i.e.AbstractTransferListenerAdapter - Downloaded https://repo.maven.apache.org/maven2/jakarta/persistence/jakarta.persistence-api/3.1.0/jakarta.persistence-api-3.1.0-sources.jar
2025-02-21 09:22:41,627 [Worker-5: Download sources and javadoc] INFO  o.e.m.j.internal.DownloadSourcesJob - Downloaded sources for jakarta.persistence:jakarta.persistence-api:3.1.0
2025-02-21 09:22:41,792 [Worker-5: Download sources and javadoc] INFO  o.e.m.c.i.e.AbstractTransferListenerAdapter - Downloading https://repo.maven.apache.org/maven2/jakarta/transaction/jakarta.transaction-api/2.0.1/jakarta.transaction-api-2.0.1-sources.jar
2025-02-21 09:22:42,286 [Worker-5: Download sources and javadoc] INFO  o.e.m.c.i.e.AbstractTransferListenerAdapter - Downloaded https://repo.maven.apache.org/maven2/jakarta/transaction/jakarta.transaction-api/2.0.1/jakarta.transaction-api-2.0.1-sources.jar
2025-02-21 09:22:42,288 [Worker-5: Download sources and javadoc] INFO  o.e.m.j.internal.DownloadSourcesJob - Downloaded sources for jakarta.transaction:jakarta.transaction-api:2.0.1
2025-02-21 09:22:42,430 [Worker-5: Download sources and javadoc] INFO  o.e.m.c.i.e.AbstractTransferListenerAdapter - Downloading https://repo.maven.apache.org/maven2/org/jboss/logging/jboss-logging/3.6.1.Final/jboss-logging-3.6.1.Final-sources.jar
2025-02-21 09:22:43,161 [Worker-5: Download sources and javadoc] INFO  o.e.m.c.i.e.AbstractTransferListenerAdapter - Downloaded https://repo.maven.apache.org/maven2/org/jboss/logging/jboss-logging/3.6.1.Final/jboss-logging-3.6.1.Final-sources.jar
2025-02-21 09:22:43,162 [Worker-5: Download sources and javadoc] INFO  o.e.m.j.internal.DownloadSourcesJob - Downloaded sources for org.jboss.logging:jboss-logging:3.6.1.Final
2025-02-21 09:22:43,411 [Worker-5: Download sources and javadoc] INFO  o.e.m.c.i.e.AbstractTransferListenerAdapter - Downloading https://repo.maven.apache.org/maven2/org/hibernate/common/hibernate-commons-annotations/7.0.3.Final/hibernate-commons-annotations-7.0.3.Final-sources.jar
2025-02-21 09:22:44,284 [Worker-5: Download sources and javadoc] INFO  o.e.m.c.i.e.AbstractTransferListenerAdapter - Downloaded https://repo.maven.apache.org/maven2/org/hibernate/common/hibernate-commons-annotations/7.0.3.Final/hibernate-commons-annotations-7.0.3.Final-sources.jar
2025-02-21 09:22:44,287 [Worker-5: Download sources and javadoc] INFO  o.e.m.j.internal.DownloadSourcesJob - Downloaded sources for org.hibernate.common:hibernate-commons-annotations:7.0.3.Final
2025-02-21 09:22:44,459 [Worker-5: Download sources and javadoc] INFO  o.e.m.c.i.e.AbstractTransferListenerAdapter - Downloading https://repo.maven.apache.org/maven2/io/smallrye/jandex/3.2.0/jandex-3.2.0-sources.jar
2025-02-21 09:22:44,924 [Worker-5: Download sources and javadoc] INFO  o.e.m.c.i.e.AbstractTransferListenerAdapter - Downloaded https://repo.maven.apache.org/maven2/io/smallrye/jandex/3.2.0/jandex-3.2.0-sources.jar
2025-02-21 09:22:44,925 [Worker-5: Download sources and javadoc] INFO  o.e.m.j.internal.DownloadSourcesJob - Downloaded sources for io.smallrye:jandex:3.2.0
2025-02-21 09:22:45,203 [Worker-5: Download sources and javadoc] INFO  o.e.m.c.i.e.AbstractTransferListenerAdapter - Downloading https://repo.maven.apache.org/maven2/com/fasterxml/classmate/1.7.0/classmate-1.7.0-sources.jar
2025-02-21 09:22:45,335 [Worker-5: Download sources and javadoc] INFO  o.e.m.c.i.e.AbstractTransferListenerAdapter - Downloaded https://repo.maven.apache.org/maven2/com/fasterxml/classmate/1.7.0/classmate-1.7.0-sources.jar
2025-02-21 09:22:45,345 [Worker-5: Download sources and javadoc] INFO  o.e.m.j.internal.DownloadSourcesJob - Downloaded sources for com.fasterxml:classmate:1.7.0
2025-02-21 09:22:45,517 [Worker-5: Download sources and javadoc] INFO  o.e.m.c.i.e.AbstractTransferListenerAdapter - Downloading https://repo.maven.apache.org/maven2/org/glassfish/jaxb/jaxb-runtime/4.0.5/jaxb-runtime-4.0.5-sources.jar
2025-02-21 09:22:46,007 [Worker-5: Download sources and javadoc] INFO  o.e.m.c.i.e.AbstractTransferListenerAdapter - Downloaded https://repo.maven.apache.org/maven2/org/glassfish/jaxb/jaxb-runtime/4.0.5/jaxb-runtime-4.0.5-sources.jar
2025-02-21 09:22:46,009 [Worker-5: Download sources and javadoc] INFO  o.e.m.j.internal.DownloadSourcesJob - Downloaded sources for org.glassfish.jaxb:jaxb-runtime:4.0.5
2025-02-21 09:22:46,169 [Worker-5: Download sources and javadoc] INFO  o.e.m.c.i.e.AbstractTransferListenerAdapter - Downloading https://repo.maven.apache.org/maven2/org/glassfish/jaxb/jaxb-core/4.0.5/jaxb-core-4.0.5-sources.jar
2025-02-21 09:22:46,313 [Worker-5: Download sources and javadoc] INFO  o.e.m.c.i.e.AbstractTransferListenerAdapter - Downloaded https://repo.maven.apache.org/maven2/org/glassfish/jaxb/jaxb-core/4.0.5/jaxb-core-4.0.5-sources.jar
2025-02-21 09:22:46,315 [Worker-5: Download sources and javadoc] INFO  o.e.m.j.internal.DownloadSourcesJob - Downloaded sources for org.glassfish.jaxb:jaxb-core:4.0.5
2025-02-21 09:22:46,610 [Worker-5: Download sources and javadoc] INFO  o.e.m.c.i.e.AbstractTransferListenerAdapter - Downloading https://repo.maven.apache.org/maven2/org/eclipse/angus/angus-activation/2.0.2/angus-activation-2.0.2-sources.jar
2025-02-21 09:22:46,969 [Worker-5: Download sources and javadoc] INFO  o.e.m.c.i.e.AbstractTransferListenerAdapter - Downloaded https://repo.maven.apache.org/maven2/org/eclipse/angus/angus-activation/2.0.2/angus-activation-2.0.2-sources.jar
2025-02-21 09:22:46,971 [Worker-5: Download sources and javadoc] INFO  o.e.m.j.internal.DownloadSourcesJob - Downloaded sources for org.eclipse.angus:angus-activation:2.0.2
2025-02-21 09:22:47,151 [Worker-5: Download sources and javadoc] INFO  o.e.m.c.i.e.AbstractTransferListenerAdapter - Downloading https://repo.maven.apache.org/maven2/org/glassfish/jaxb/txw2/4.0.5/txw2-4.0.5-sources.jar
2025-02-21 09:22:47,261 [Worker-5: Download sources and javadoc] INFO  o.e.m.c.i.e.AbstractTransferListenerAdapter - Downloaded https://repo.maven.apache.org/maven2/org/glassfish/jaxb/txw2/4.0.5/txw2-4.0.5-sources.jar
2025-02-21 09:22:47,263 [Worker-5: Download sources and javadoc] INFO  o.e.m.j.internal.DownloadSourcesJob - Downloaded sources for org.glassfish.jaxb:txw2:4.0.5
2025-02-21 09:22:47,430 [Worker-5: Download sources and javadoc] INFO  o.e.m.c.i.e.AbstractTransferListenerAdapter - Downloading https://repo.maven.apache.org/maven2/com/sun/istack/istack-commons-runtime/4.1.2/istack-commons-runtime-4.1.2-sources.jar
2025-02-21 09:22:47,951 [Worker-5: Download sources and javadoc] INFO  o.e.m.c.i.e.AbstractTransferListenerAdapter - Downloaded https://repo.maven.apache.org/maven2/com/sun/istack/istack-commons-runtime/4.1.2/istack-commons-runtime-4.1.2-sources.jar
2025-02-21 09:22:47,953 [Worker-5: Download sources and javadoc] INFO  o.e.m.j.internal.DownloadSourcesJob - Downloaded sources for com.sun.istack:istack-commons-runtime:4.1.2
2025-02-21 09:22:48,212 [Worker-5: Download sources and javadoc] INFO  o.e.m.c.i.e.AbstractTransferListenerAdapter - Downloading https://repo.maven.apache.org/maven2/jakarta/inject/jakarta.inject-api/2.0.1/jakarta.inject-api-2.0.1-sources.jar
2025-02-21 09:22:48,455 [Worker-5: Download sources and javadoc] INFO  o.e.m.c.i.e.AbstractTransferListenerAdapter - Downloaded https://repo.maven.apache.org/maven2/jakarta/inject/jakarta.inject-api/2.0.1/jakarta.inject-api-2.0.1-sources.jar
2025-02-21 09:22:48,457 [Worker-5: Download sources and javadoc] INFO  o.e.m.j.internal.DownloadSourcesJob - Downloaded sources for jakarta.inject:jakarta.inject-api:2.0.1
2025-02-21 09:22:48,609 [Worker-5: Download sources and javadoc] INFO  o.e.m.c.i.e.AbstractTransferListenerAdapter - Downloading https://repo.maven.apache.org/maven2/org/antlr/antlr4-runtime/4.13.0/antlr4-runtime-4.13.0-sources.jar
2025-02-21 09:22:48,848 [Worker-5: Download sources and javadoc] INFO  o.e.m.c.i.e.AbstractTransferListenerAdapter - Downloaded https://repo.maven.apache.org/maven2/org/antlr/antlr4-runtime/4.13.0/antlr4-runtime-4.13.0-sources.jar
2025-02-21 09:22:48,850 [Worker-5: Download sources and javadoc] INFO  o.e.m.j.internal.DownloadSourcesJob - Downloaded sources for org.antlr:antlr4-runtime:4.13.0
2025-02-21 09:22:49,017 [Worker-5: Download sources and javadoc] INFO  o.e.m.c.i.e.AbstractTransferListenerAdapter - Downloading https://repo.maven.apache.org/maven2/org/springframework/data/spring-data-jpa/3.4.3/spring-data-jpa-3.4.3-sources.jar
2025-02-21 09:22:49,466 [Worker-5: Download sources and javadoc] INFO  o.e.m.c.i.e.AbstractTransferListenerAdapter - Downloaded https://repo.maven.apache.org/maven2/org/springframework/data/spring-data-jpa/3.4.3/spring-data-jpa-3.4.3-sources.jar
2025-02-21 09:22:49,468 [Worker-5: Download sources and javadoc] INFO  o.e.m.j.internal.DownloadSourcesJob - Downloaded sources for org.springframework.data:spring-data-jpa:3.4.3
2025-02-21 09:22:49,739 [Worker-5: Download sources and javadoc] INFO  o.e.m.c.i.e.AbstractTransferListenerAdapter - Downloading https://repo.maven.apache.org/maven2/org/springframework/data/spring-data-commons/3.4.3/spring-data-commons-3.4.3-sources.jar
2025-02-21 09:22:50,463 [Worker-5: Download sources and javadoc] INFO  o.e.m.c.i.e.AbstractTransferListenerAdapter - Downloaded https://repo.maven.apache.org/maven2/org/springframework/data/spring-data-commons/3.4.3/spring-data-commons-3.4.3-sources.jar
2025-02-21 09:22:50,466 [Worker-5: Download sources and javadoc] INFO  o.e.m.j.internal.DownloadSourcesJob - Downloaded sources for org.springframework.data:spring-data-commons:3.4.3
2025-02-21 09:22:50,630 [Worker-5: Download sources and javadoc] INFO  o.e.m.c.i.e.AbstractTransferListenerAdapter - Downloading https://repo.maven.apache.org/maven2/org/springframework/spring-orm/6.2.3/spring-orm-6.2.3-sources.jar
2025-02-21 09:22:50,812 [Worker-5: Download sources and javadoc] INFO  o.e.m.c.i.e.AbstractTransferListenerAdapter - Downloaded https://repo.maven.apache.org/maven2/org/springframework/spring-orm/6.2.3/spring-orm-6.2.3-sources.jar
2025-02-21 09:22:50,813 [Worker-5: Download sources and javadoc] INFO  o.e.m.j.internal.DownloadSourcesJob - Downloaded sources for org.springframework:spring-orm:6.2.3
2025-02-21 09:22:51,075 [Worker-5: Download sources and javadoc] INFO  o.e.m.c.i.e.AbstractTransferListenerAdapter - Downloading https://repo.maven.apache.org/maven2/org/springframework/spring-context/6.2.3/spring-context-6.2.3-sources.jar
2025-02-21 09:22:52,007 [Worker-5: Download sources and javadoc] INFO  o.e.m.c.i.e.AbstractTransferListenerAdapter - Downloaded https://repo.maven.apache.org/maven2/org/springframework/spring-context/6.2.3/spring-context-6.2.3-sources.jar
2025-02-21 09:22:52,010 [Worker-5: Download sources and javadoc] INFO  o.e.m.j.internal.DownloadSourcesJob - Downloaded sources for org.springframework:spring-context:6.2.3
2025-02-21 09:22:52,279 [Worker-5: Download sources and javadoc] INFO  o.e.m.c.i.e.AbstractTransferListenerAdapter - Downloading https://repo.maven.apache.org/maven2/org/springframework/spring-aop/6.2.3/spring-aop-6.2.3-sources.jar
2025-02-21 09:22:52,647 [Worker-5: Download sources and javadoc] INFO  o.e.m.c.i.e.AbstractTransferListenerAdapter - Downloaded https://repo.maven.apache.org/maven2/org/springframework/spring-aop/6.2.3/spring-aop-6.2.3-sources.jar
2025-02-21 09:22:52,649 [Worker-5: Download sources and javadoc] INFO  o.e.m.j.internal.DownloadSourcesJob - Downloaded sources for org.springframework:spring-aop:6.2.3
2025-02-21 09:22:52,830 [Worker-5: Download sources and javadoc] INFO  o.e.m.c.i.e.AbstractTransferListenerAdapter - Downloading https://repo.maven.apache.org/maven2/org/springframework/spring-tx/6.2.3/spring-tx-6.2.3-sources.jar
2025-02-21 09:22:53,073 [Worker-5: Download sources and javadoc] INFO  o.e.m.c.i.e.AbstractTransferListenerAdapter - Downloaded https://repo.maven.apache.org/maven2/org/springframework/spring-tx/6.2.3/spring-tx-6.2.3-sources.jar
2025-02-21 09:22:53,075 [Worker-5: Download sources and javadoc] INFO  o.e.m.j.internal.DownloadSourcesJob - Downloaded sources for org.springframework:spring-tx:6.2.3
2025-02-21 09:22:53,268 [Worker-5: Download sources and javadoc] INFO  o.e.m.c.i.e.AbstractTransferListenerAdapter - Downloading https://repo.maven.apache.org/maven2/org/springframework/spring-beans/6.2.3/spring-beans-6.2.3-sources.jar
2025-02-21 09:22:53,813 [Worker-5: Download sources and javadoc] INFO  o.e.m.c.i.e.AbstractTransferListenerAdapter - Downloaded https://repo.maven.apache.org/maven2/org/springframework/spring-beans/6.2.3/spring-beans-6.2.3-sources.jar
2025-02-21 09:22:53,815 [Worker-5: Download sources and javadoc] INFO  o.e.m.j.internal.DownloadSourcesJob - Downloaded sources for org.springframework:spring-beans:6.2.3
2025-02-21 09:22:53,983 [Worker-5: Download sources and javadoc] INFO  o.e.m.c.i.e.AbstractTransferListenerAdapter - Downloading https://repo.maven.apache.org/maven2/org/springframework/spring-aspects/6.2.3/spring-aspects-6.2.3-sources.jar
2025-02-21 09:22:54,532 [Worker-5: Download sources and javadoc] INFO  o.e.m.c.i.e.AbstractTransferListenerAdapter - Downloaded https://repo.maven.apache.org/maven2/org/springframework/spring-aspects/6.2.3/spring-aspects-6.2.3-sources.jar
2025-02-21 09:22:54,535 [Worker-5: Download sources and javadoc] INFO  o.e.m.j.internal.DownloadSourcesJob - Downloaded sources for org.springframework:spring-aspects:6.2.3
2025-02-21 09:22:54,816 [Worker-5: Download sources and javadoc] INFO  o.e.m.c.i.e.AbstractTransferListenerAdapter - Downloading https://repo.maven.apache.org/maven2/org/aspectj/aspectjweaver/1.9.22.1/aspectjweaver-1.9.22.1-sources.jar
2025-02-21 09:22:56,188 [Worker-5: Download sources and javadoc] INFO  o.e.m.c.i.e.AbstractTransferListenerAdapter - Downloaded https://repo.maven.apache.org/maven2/org/aspectj/aspectjweaver/1.9.22.1/aspectjweaver-1.9.22.1-sources.jar
2025-02-21 09:22:56,190 [Worker-5: Download sources and javadoc] INFO  o.e.m.j.internal.DownloadSourcesJob - Downloaded sources for org.aspectj:aspectjweaver:1.9.22.1
2025-02-21 09:22:56,393 [Worker-5: Download sources and javadoc] INFO  o.e.m.c.i.e.AbstractTransferListenerAdapter - Downloading https://repo.maven.apache.org/maven2/org/springframework/boot/spring-boot-starter-web/3.4.3/spring-boot-starter-web-3.4.3-sources.jar
2025-02-21 09:22:56,427 [Worker-5: Download sources and javadoc] INFO  o.e.m.c.i.e.AbstractTransferListenerAdapter - Downloaded https://repo.maven.apache.org/maven2/org/springframework/boot/spring-boot-starter-web/3.4.3/spring-boot-starter-web-3.4.3-sources.jar
2025-02-21 09:22:56,429 [Worker-5: Download sources and javadoc] INFO  o.e.m.j.internal.DownloadSourcesJob - Downloaded sources for org.springframework.boot:spring-boot-starter-web:3.4.3
2025-02-21 09:22:56,647 [Worker-5: Download sources and javadoc] INFO  o.e.m.c.i.e.AbstractTransferListenerAdapter - Downloading https://repo.maven.apache.org/maven2/org/springframework/boot/spring-boot-starter-json/3.4.3/spring-boot-starter-json-3.4.3-sources.jar
2025-02-21 09:22:56,688 [Worker-5: Download sources and javadoc] INFO  o.e.m.c.i.e.AbstractTransferListenerAdapter - Downloaded https://repo.maven.apache.org/maven2/org/springframework/boot/spring-boot-starter-json/3.4.3/spring-boot-starter-json-3.4.3-sources.jar
2025-02-21 09:22:56,691 [Worker-5: Download sources and javadoc] INFO  o.e.m.j.internal.DownloadSourcesJob - Downloaded sources for org.springframework.boot:spring-boot-starter-json:3.4.3
2025-02-21 09:22:57,007 [Worker-5: Download sources and javadoc] INFO  o.e.m.c.i.e.AbstractTransferListenerAdapter - Downloading https://repo.maven.apache.org/maven2/org/springframework/boot/spring-boot-starter-tomcat/3.4.3/spring-boot-starter-tomcat-3.4.3-sources.jar
2025-02-21 09:22:57,036 [Worker-5: Download sources and javadoc] INFO  o.e.m.c.i.e.AbstractTransferListenerAdapter - Downloaded https://repo.maven.apache.org/maven2/org/springframework/boot/spring-boot-starter-tomcat/3.4.3/spring-boot-starter-tomcat-3.4.3-sources.jar
2025-02-21 09:22:57,039 [Worker-5: Download sources and javadoc] INFO  o.e.m.j.internal.DownloadSourcesJob - Downloaded sources for org.springframework.boot:spring-boot-starter-tomcat:3.4.3
2025-02-21 09:22:57,235 [Worker-5: Download sources and javadoc] INFO  o.e.m.c.i.e.AbstractTransferListenerAdapter - Downloading https://repo.maven.apache.org/maven2/org/apache/tomcat/embed/tomcat-embed-core/10.1.36/tomcat-embed-core-10.1.36-sources.jar
2025-02-21 09:23:00,425 [Worker-5: Download sources and javadoc] INFO  o.e.m.c.i.e.AbstractTransferListenerAdapter - Downloaded https://repo.maven.apache.org/maven2/org/apache/tomcat/embed/tomcat-embed-core/10.1.36/tomcat-embed-core-10.1.36-sources.jar
2025-02-21 09:23:00,427 [Worker-5: Download sources and javadoc] INFO  o.e.m.j.internal.DownloadSourcesJob - Downloaded sources for org.apache.tomcat.embed:tomcat-embed-core:10.1.36
2025-02-21 09:23:00,737 [Worker-5: Download sources and javadoc] INFO  o.e.m.c.i.e.AbstractTransferListenerAdapter - Downloading https://repo.maven.apache.org/maven2/org/apache/tomcat/embed/tomcat-embed-el/10.1.36/tomcat-embed-el-10.1.36-sources.jar
2025-02-21 09:23:01,030 [Worker-5: Download sources and javadoc] INFO  o.e.m.c.i.e.AbstractTransferListenerAdapter - Downloaded https://repo.maven.apache.org/maven2/org/apache/tomcat/embed/tomcat-embed-el/10.1.36/tomcat-embed-el-10.1.36-sources.jar
2025-02-21 09:23:01,032 [Worker-5: Download sources and javadoc] INFO  o.e.m.j.internal.DownloadSourcesJob - Downloaded sources for org.apache.tomcat.embed:tomcat-embed-el:10.1.36
2025-02-21 09:23:01,213 [Worker-5: Download sources and javadoc] INFO  o.e.m.c.i.e.AbstractTransferListenerAdapter - Downloading https://repo.maven.apache.org/maven2/org/apache/tomcat/embed/tomcat-embed-websocket/10.1.36/tomcat-embed-websocket-10.1.36-sources.jar
2025-02-21 09:23:01,443 [Worker-5: Download sources and javadoc] INFO  o.e.m.c.i.e.AbstractTransferListenerAdapter - Downloaded https://repo.maven.apache.org/maven2/org/apache/tomcat/embed/tomcat-embed-websocket/10.1.36/tomcat-embed-websocket-10.1.36-sources.jar
2025-02-21 09:23:01,445 [Worker-5: Download sources and javadoc] INFO  o.e.m.j.internal.DownloadSourcesJob - Downloaded sources for org.apache.tomcat.embed:tomcat-embed-websocket:10.1.36
2025-02-21 09:23:01,749 [Worker-5: Download sources and javadoc] INFO  o.e.m.c.i.e.AbstractTransferListenerAdapter - Downloading https://repo.maven.apache.org/maven2/org/springframework/spring-web/6.2.3/spring-web-6.2.3-sources.jar
2025-02-21 09:23:02,735 [Worker-5: Download sources and javadoc] INFO  o.e.m.c.i.e.AbstractTransferListenerAdapter - Downloaded https://repo.maven.apache.org/maven2/org/springframework/spring-web/6.2.3/spring-web-6.2.3-sources.jar
2025-02-21 09:23:02,737 [Worker-5: Download sources and javadoc] INFO  o.e.m.j.internal.DownloadSourcesJob - Downloaded sources for org.springframework:spring-web:6.2.3
2025-02-21 09:23:02,911 [Worker-5: Download sources and javadoc] INFO  o.e.m.c.i.e.AbstractTransferListenerAdapter - Downloading https://repo.maven.apache.org/maven2/io/micrometer/micrometer-observation/1.14.4/micrometer-observation-1.14.4-sources.jar
2025-02-21 09:23:03,004 [Worker-5: Download sources and javadoc] INFO  o.e.m.c.i.e.AbstractTransferListenerAdapter - Downloaded https://repo.maven.apache.org/maven2/io/micrometer/micrometer-observation/1.14.4/micrometer-observation-1.14.4-sources.jar
2025-02-21 09:23:03,006 [Worker-5: Download sources and javadoc] INFO  o.e.m.j.internal.DownloadSourcesJob - Downloaded sources for io.micrometer:micrometer-observation:1.14.4
2025-02-21 09:23:03,170 [Worker-5: Download sources and javadoc] INFO  o.e.m.c.i.e.AbstractTransferListenerAdapter - Downloading https://repo.maven.apache.org/maven2/io/micrometer/micrometer-commons/1.14.4/micrometer-commons-1.14.4-sources.jar
2025-02-21 09:23:03,967 [Worker-5: Download sources and javadoc] INFO  o.e.m.c.i.e.AbstractTransferListenerAdapter - Downloaded https://repo.maven.apache.org/maven2/io/micrometer/micrometer-commons/1.14.4/micrometer-commons-1.14.4-sources.jar
2025-02-21 09:23:03,968 [Worker-5: Download sources and javadoc] INFO  o.e.m.j.internal.DownloadSourcesJob - Downloaded sources for io.micrometer:micrometer-commons:1.14.4
2025-02-21 09:23:04,132 [Worker-5: Download sources and javadoc] INFO  o.e.m.c.i.e.AbstractTransferListenerAdapter - Downloading https://repo.maven.apache.org/maven2/org/springframework/spring-webmvc/6.2.3/spring-webmvc-6.2.3-sources.jar
2025-02-21 09:23:04,707 [Worker-5: Download sources and javadoc] INFO  o.e.m.c.i.e.AbstractTransferListenerAdapter - Downloaded https://repo.maven.apache.org/maven2/org/springframework/spring-webmvc/6.2.3/spring-webmvc-6.2.3-sources.jar
2025-02-21 09:23:04,709 [Worker-5: Download sources and javadoc] INFO  o.e.m.j.internal.DownloadSourcesJob - Downloaded sources for org.springframework:spring-webmvc:6.2.3
2025-02-21 09:23:04,868 [Worker-5: Download sources and javadoc] INFO  o.e.m.c.i.e.AbstractTransferListenerAdapter - Downloading https://repo.maven.apache.org/maven2/org/springframework/spring-expression/6.2.3/spring-expression-6.2.3-sources.jar
2025-02-21 09:23:05,092 [Worker-5: Download sources and javadoc] INFO  o.e.m.c.i.e.AbstractTransferListenerAdapter - Downloaded https://repo.maven.apache.org/maven2/org/springframework/spring-expression/6.2.3/spring-expression-6.2.3-sources.jar
2025-02-21 09:23:05,094 [Worker-5: Download sources and javadoc] INFO  o.e.m.j.internal.DownloadSourcesJob - Downloaded sources for org.springframework:spring-expression:6.2.3
2025-02-21 09:23:05,245 [Worker-5: Download sources and javadoc] INFO  o.e.m.c.i.e.AbstractTransferListenerAdapter - Downloading https://repo.maven.apache.org/maven2/com/h2database/h2/2.3.232/h2-2.3.232-sources.jar
2025-02-21 09:23:09,742 [Worker-5: Download sources and javadoc] INFO  o.e.m.c.i.e.AbstractTransferListenerAdapter - Downloaded https://repo.maven.apache.org/maven2/com/h2database/h2/2.3.232/h2-2.3.232-sources.jar
2025-02-21 09:23:09,744 [Worker-5: Download sources and javadoc] INFO  o.e.m.j.internal.DownloadSourcesJob - Downloaded sources for com.h2database:h2:2.3.232
2025-02-21 09:23:09,979 [Worker-5: Download sources and javadoc] INFO  o.e.m.c.i.e.AbstractTransferListenerAdapter - Downloading https://repo.maven.apache.org/maven2/org/postgresql/postgresql/42.7.5/postgresql-42.7.5-sources.jar
2025-02-21 09:23:10,796 [Worker-5: Download sources and javadoc] INFO  o.e.m.c.i.e.AbstractTransferListenerAdapter - Downloaded https://repo.maven.apache.org/maven2/org/postgresql/postgresql/42.7.5/postgresql-42.7.5-sources.jar
2025-02-21 09:23:10,798 [Worker-5: Download sources and javadoc] INFO  o.e.m.j.internal.DownloadSourcesJob - Downloaded sources for org.postgresql:postgresql:42.7.5
2025-02-21 09:23:10,947 [Worker-5: Download sources and javadoc] INFO  o.e.m.c.i.e.AbstractTransferListenerAdapter - Downloading https://repo.maven.apache.org/maven2/org/checkerframework/checker-qual/3.48.3/checker-qual-3.48.3-sources.jar
2025-02-21 09:23:11,167 [Worker-5: Download sources and javadoc] INFO  o.e.m.c.i.e.AbstractTransferListenerAdapter - Downloaded https://repo.maven.apache.org/maven2/org/checkerframework/checker-qual/3.48.3/checker-qual-3.48.3-sources.jar
2025-02-21 09:23:11,169 [Worker-5: Download sources and javadoc] INFO  o.e.m.j.internal.DownloadSourcesJob - Downloaded sources for org.checkerframework:checker-qual:3.48.3
2025-02-21 09:23:11,325 [Worker-5: Download sources and javadoc] INFO  o.e.m.c.i.e.AbstractTransferListenerAdapter - Downloading https://repo.maven.apache.org/maven2/org/springframework/boot/spring-boot-starter-test/3.4.3/spring-boot-starter-test-3.4.3-sources.jar
2025-02-21 09:23:11,364 [Worker-5: Download sources and javadoc] INFO  o.e.m.c.i.e.AbstractTransferListenerAdapter - Downloaded https://repo.maven.apache.org/maven2/org/springframework/boot/spring-boot-starter-test/3.4.3/spring-boot-starter-test-3.4.3-sources.jar
2025-02-21 09:23:11,366 [Worker-5: Download sources and javadoc] INFO  o.e.m.j.internal.DownloadSourcesJob - Downloaded sources for org.springframework.boot:spring-boot-starter-test:3.4.3
2025-02-21 09:23:11,620 [Worker-5: Download sources and javadoc] INFO  o.e.m.c.i.e.AbstractTransferListenerAdapter - Downloading https://repo.maven.apache.org/maven2/org/springframework/boot/spring-boot-test/3.4.3/spring-boot-test-3.4.3-sources.jar
2025-02-21 09:23:11,863 [Worker-5: Download sources and javadoc] INFO  o.e.m.c.i.e.AbstractTransferListenerAdapter - Downloaded https://repo.maven.apache.org/maven2/org/springframework/boot/spring-boot-test/3.4.3/spring-boot-test-3.4.3-sources.jar
2025-02-21 09:23:11,864 [Worker-5: Download sources and javadoc] INFO  o.e.m.j.internal.DownloadSourcesJob - Downloaded sources for org.springframework.boot:spring-boot-test:3.4.3
2025-02-21 09:23:12,142 [Worker-5: Download sources and javadoc] INFO  o.e.m.c.i.e.AbstractTransferListenerAdapter - Downloading https://repo.maven.apache.org/maven2/org/springframework/boot/spring-boot-test-autoconfigure/3.4.3/spring-boot-test-autoconfigure-3.4.3-sources.jar
2025-02-21 09:23:12,480 [Worker-5: Download sources and javadoc] INFO  o.e.m.c.i.e.AbstractTransferListenerAdapter - Downloaded https://repo.maven.apache.org/maven2/org/springframework/boot/spring-boot-test-autoconfigure/3.4.3/spring-boot-test-autoconfigure-3.4.3-sources.jar
2025-02-21 09:23:12,484 [Worker-5: Download sources and javadoc] INFO  o.e.m.j.internal.DownloadSourcesJob - Downloaded sources for org.springframework.boot:spring-boot-test-autoconfigure:3.4.3
2025-02-21 09:23:12,654 [Worker-5: Download sources and javadoc] INFO  o.e.m.c.i.e.AbstractTransferListenerAdapter - Downloading https://repo.maven.apache.org/maven2/net/minidev/json-smart/2.5.2/json-smart-2.5.2-sources.jar
2025-02-21 09:23:12,742 [Worker-5: Download sources and javadoc] INFO  o.e.m.c.i.e.AbstractTransferListenerAdapter - Downloaded https://repo.maven.apache.org/maven2/net/minidev/json-smart/2.5.2/json-smart-2.5.2-sources.jar
2025-02-21 09:23:12,752 [Worker-5: Download sources and javadoc] INFO  o.e.m.j.internal.DownloadSourcesJob - Downloaded sources for net.minidev:json-smart:2.5.2
2025-02-21 09:23:12,912 [Worker-5: Download sources and javadoc] INFO  o.e.m.c.i.e.AbstractTransferListenerAdapter - Downloading https://repo.maven.apache.org/maven2/net/minidev/accessors-smart/2.5.2/accessors-smart-2.5.2-sources.jar
2025-02-21 09:23:13,264 [Worker-5: Download sources and javadoc] INFO  o.e.m.c.i.e.AbstractTransferListenerAdapter - Downloaded https://repo.maven.apache.org/maven2/net/minidev/accessors-smart/2.5.2/accessors-smart-2.5.2-sources.jar
2025-02-21 09:23:13,266 [Worker-5: Download sources and javadoc] INFO  o.e.m.j.internal.DownloadSourcesJob - Downloaded sources for net.minidev:accessors-smart:2.5.2
2025-02-21 09:23:13,440 [Worker-5: Download sources and javadoc] INFO  o.e.m.c.i.e.AbstractTransferListenerAdapter - Downloading https://repo.maven.apache.org/maven2/org/ow2/asm/asm/9.7.1/asm-9.7.1-sources.jar
2025-02-21 09:23:13,610 [Worker-5: Download sources and javadoc] INFO  o.e.m.c.i.e.AbstractTransferListenerAdapter - Downloaded https://repo.maven.apache.org/maven2/org/ow2/asm/asm/9.7.1/asm-9.7.1-sources.jar
2025-02-21 09:23:13,613 [Worker-5: Download sources and javadoc] INFO  o.e.m.j.internal.DownloadSourcesJob - Downloaded sources for org.ow2.asm:asm:9.7.1
2025-02-21 09:23:13,797 [Worker-5: Download sources and javadoc] INFO  o.e.m.c.i.e.AbstractTransferListenerAdapter - Downloading https://repo.maven.apache.org/maven2/org/springframework/spring-core/6.2.3/spring-core-6.2.3-sources.jar
2025-02-21 09:23:15,177 [Worker-5: Download sources and javadoc] INFO  o.e.m.c.i.e.AbstractTransferListenerAdapter - Downloaded https://repo.maven.apache.org/maven2/org/springframework/spring-core/6.2.3/spring-core-6.2.3-sources.jar
2025-02-21 09:23:15,178 [Worker-5: Download sources and javadoc] INFO  o.e.m.j.internal.DownloadSourcesJob - Downloaded sources for org.springframework:spring-core:6.2.3
2025-02-21 09:23:15,315 [Worker-5: Download sources and javadoc] INFO  o.e.m.c.i.e.AbstractTransferListenerAdapter - Downloading https://repo.maven.apache.org/maven2/org/springframework/spring-jcl/6.2.3/spring-jcl-6.2.3-sources.jar
2025-02-21 09:23:15,559 [Worker-5: Download sources and javadoc] INFO  o.e.m.c.i.e.AbstractTransferListenerAdapter - Downloaded https://repo.maven.apache.org/maven2/org/springframework/spring-jcl/6.2.3/spring-jcl-6.2.3-sources.jar
2025-02-21 09:23:15,562 [Worker-5: Download sources and javadoc] INFO  o.e.m.j.internal.DownloadSourcesJob - Downloaded sources for org.springframework:spring-jcl:6.2.3
2025-02-21 09:23:15,808 [Worker-5: Download sources and javadoc] INFO  o.e.m.c.i.e.AbstractTransferListenerAdapter - Downloading https://repo.maven.apache.org/maven2/org/springframework/spring-test/6.2.3/spring-test-6.2.3-sources.jar
2025-02-21 09:23:17,641 [Worker-5: Download sources and javadoc] INFO  o.e.m.c.i.e.AbstractTransferListenerAdapter - Downloaded https://repo.maven.apache.org/maven2/org/springframework/spring-test/6.2.3/spring-test-6.2.3-sources.jar
2025-02-21 09:23:17,643 [Worker-5: Download sources and javadoc] INFO  o.e.m.j.internal.DownloadSourcesJob - Downloaded sources for org.springframework:spring-test:6.2.3
2025-02-21 09:27:43,849 [Worker-39: Building] INFO  o.e.m.c.i.l.LifecycleMappingFactory - Using org.eclipse.m2e.jdt.JarLifecycleMapping lifecycle mapping for MavenProject: com.example:SpringBoot_FullExample:0.0.1-SNAPSHOT @ E:\PJ\Eclipse\SpringBoot_FullExample\pom.xml.
2025-02-21 09:27:44,154 [Worker-39: Building] INFO  o.a.m.s.f.DefaultMavenResourcesFiltering - Copying 0 resource from src\main\resources to target\classes
2025-02-21 09:27:44,155 [Worker-39: Building] INFO  o.a.m.s.f.DefaultMavenResourcesFiltering - Copying 0 resource from src\main\resources to target\classes
2025-02-21 09:27:44,158 [Worker-39: Building] INFO  o.a.m.s.f.DefaultMavenResourcesFiltering - skip non existing resourceDirectory E:\PJ\Eclipse\SpringBoot_FullExample\src\test\resources
2025-02-21 09:27:45,076 [Worker-41: Launching SpringBootFullExampleApplication] INFO  o.a.m.s.f.DefaultMavenResourcesFiltering - Copying 1 resource from src\main\resources to target\classes
2025-02-21 09:27:45,088 [Worker-41: Launching SpringBootFullExampleApplication] INFO  o.a.m.s.f.DefaultMavenResourcesFiltering - Copying 0 resource from src\main\resources to target\classes
2025-02-21 09:27:45,090 [Worker-41: Launching SpringBootFullExampleApplication] INFO  o.a.m.s.f.DefaultMavenResourcesFiltering - skip non existing resourceDirectory E:\PJ\Eclipse\SpringBoot_FullExample\src\test\resources
2025-02-21 09:28:44,662 [Worker-40: Building] INFO  o.e.m.c.i.l.LifecycleMappingFactory - Using org.eclipse.m2e.jdt.JarLifecycleMapping lifecycle mapping for MavenProject: com.example:SpringBoot_FullExample:0.0.1-SNAPSHOT @ E:\PJ\Eclipse\SpringBoot_FullExample\pom.xml.
2025-02-21 09:28:44,870 [Worker-40: Building] INFO  o.a.m.s.f.DefaultMavenResourcesFiltering - Copying 0 resource from src\main\resources to target\classes
2025-02-21 09:28:44,870 [Worker-40: Building] INFO  o.a.m.s.f.DefaultMavenResourcesFiltering - Copying 0 resource from src\main\resources to target\classes
2025-02-21 09:28:44,872 [Worker-40: Building] INFO  o.a.m.s.f.DefaultMavenResourcesFiltering - skip non existing resourceDirectory E:\PJ\Eclipse\SpringBoot_FullExample\src\test\resources
2025-02-21 09:28:45,957 [Worker-35: Building] INFO  o.a.m.s.f.DefaultMavenResourcesFiltering - Copying 1 resource from src\main\resources to target\classes
2025-02-21 09:28:45,969 [Worker-35: Building] INFO  o.a.m.s.f.DefaultMavenResourcesFiltering - Copying 0 resource from src\main\resources to target\classes
2025-02-21 09:28:45,971 [Worker-35: Building] INFO  o.a.m.s.f.DefaultMavenResourcesFiltering - skip non existing resourceDirectory E:\PJ\Eclipse\SpringBoot_FullExample\src\test\resources
2025-02-21 09:30:56,512 [Worker-41: Building] INFO  o.a.m.s.f.DefaultMavenResourcesFiltering - Copying 1 resource from src\main\resources to target\classes
2025-02-21 09:30:56,521 [Worker-41: Building] INFO  o.a.m.s.f.DefaultMavenResourcesFiltering - Copying 0 resource from src\main\resources to target\classes
2025-02-21 09:30:56,522 [Worker-41: Building] INFO  o.a.m.s.f.DefaultMavenResourcesFiltering - skip non existing resourceDirectory E:\PJ\Eclipse\SpringBoot_FullExample\src\test\resources
2025-02-21 09:31:45,680 [Worker-16: Building] INFO  o.a.m.s.f.DefaultMavenResourcesFiltering - Copying 1 resource from src\main\resources to target\classes
2025-02-21 09:31:45,685 [Worker-16: Building] INFO  o.a.m.s.f.DefaultMavenResourcesFiltering - Copying 0 resource from src\main\resources to target\classes
2025-02-21 09:31:45,687 [Worker-16: Building] INFO  o.a.m.s.f.DefaultMavenResourcesFiltering - skip non existing resourceDirectory E:\PJ\Eclipse\SpringBoot_FullExample\src\test\resources
2025-02-21 09:32:04,132 [Worker-42: Building] INFO  o.a.m.s.f.DefaultMavenResourcesFiltering - Copying 1 resource from src\main\resources to target\classes
2025-02-21 09:32:04,136 [Worker-42: Building] INFO  o.a.m.s.f.DefaultMavenResourcesFiltering - Copying 0 resource from src\main\resources to target\classes
2025-02-21 09:32:04,137 [Worker-42: Building] INFO  o.a.m.s.f.DefaultMavenResourcesFiltering - skip non existing resourceDirectory E:\PJ\Eclipse\SpringBoot_FullExample\src\test\resources
2025-02-21 09:35:48,833 [Worker-40: Building] INFO  o.a.m.s.f.DefaultMavenResourcesFiltering - Copying 1 resource from src\main\resources to target\classes
2025-02-21 09:35:48,841 [Worker-40: Building] INFO  o.a.m.s.f.DefaultMavenResourcesFiltering - Copying 0 resource from src\main\resources to target\classes
2025-02-21 09:35:48,843 [Worker-40: Building] INFO  o.a.m.s.f.DefaultMavenResourcesFiltering - skip non existing resourceDirectory E:\PJ\Eclipse\SpringBoot_FullExample\src\test\resources
2025-02-21 09:36:13,281 [Worker-35: Building] INFO  o.a.m.s.f.DefaultMavenResourcesFiltering - Copying 1 resource from src\main\resources to target\classes
2025-02-21 09:36:13,287 [Worker-35: Building] INFO  o.a.m.s.f.DefaultMavenResourcesFiltering - Copying 0 resource from src\main\resources to target\classes
2025-02-21 09:36:13,289 [Worker-35: Building] INFO  o.a.m.s.f.DefaultMavenResourcesFiltering - skip non existing resourceDirectory E:\PJ\Eclipse\SpringBoot_FullExample\src\test\resources
2025-02-21 09:39:30,796 [Worker-16: Building] INFO  o.a.m.s.f.DefaultMavenResourcesFiltering - Copying 1 resource from src\main\resources to target\classes
2025-02-21 09:39:30,801 [Worker-16: Building] INFO  o.a.m.s.f.DefaultMavenResourcesFiltering - Copying 0 resource from src\main\resources to target\classes
2025-02-21 09:39:30,802 [Worker-16: Building] INFO  o.a.m.s.f.DefaultMavenResourcesFiltering - skip non existing resourceDirectory E:\PJ\Eclipse\SpringBoot_FullExample\src\test\resources
2025-02-21 09:40:10,777 [Worker-42: Building] INFO  o.a.m.s.f.DefaultMavenResourcesFiltering - Copying 1 resource from src\main\resources to target\classes
2025-02-21 09:40:10,782 [Worker-42: Building] INFO  o.a.m.s.f.DefaultMavenResourcesFiltering - Copying 0 resource from src\main\resources to target\classes
2025-02-21 09:40:10,785 [Worker-42: Building] INFO  o.a.m.s.f.DefaultMavenResourcesFiltering - skip non existing resourceDirectory E:\PJ\Eclipse\SpringBoot_FullExample\src\test\resources
2025-02-21 09:40:14,018 [Worker-16: Building] INFO  o.a.m.s.f.DefaultMavenResourcesFiltering - Copying 1 resource from src\main\resources to target\classes
2025-02-21 09:40:14,034 [Worker-16: Building] INFO  o.a.m.s.f.DefaultMavenResourcesFiltering - Copying 0 resource from src\main\resources to target\classes
2025-02-21 09:40:14,037 [Worker-16: Building] INFO  o.a.m.s.f.DefaultMavenResourcesFiltering - skip non existing resourceDirectory E:\PJ\Eclipse\SpringBoot_FullExample\src\test\resources
2025-02-21 09:43:58,997 [Worker-5: Building] INFO  o.a.m.s.f.DefaultMavenResourcesFiltering - Copying 1 resource from src\main\resources to target\classes
2025-02-21 09:43:59,003 [Worker-5: Building] INFO  o.a.m.s.f.DefaultMavenResourcesFiltering - Copying 0 resource from src\main\resources to target\classes
2025-02-21 09:43:59,005 [Worker-5: Building] INFO  o.a.m.s.f.DefaultMavenResourcesFiltering - skip non existing resourceDirectory E:\PJ\Eclipse\SpringBoot_FullExample\src\test\resources
2025-02-21 09:44:49,329 [Worker-35: Building] INFO  o.a.m.s.f.DefaultMavenResourcesFiltering - Copying 1 resource from src\main\resources to target\classes
2025-02-21 09:44:49,332 [Worker-35: Building] INFO  o.a.m.s.f.DefaultMavenResourcesFiltering - Copying 0 resource from src\main\resources to target\classes
2025-02-21 09:44:49,334 [Worker-35: Building] INFO  o.a.m.s.f.DefaultMavenResourcesFiltering - skip non existing resourceDirectory E:\PJ\Eclipse\SpringBoot_FullExample\src\test\resources
2025-02-21 09:45:18,079 [Worker-35: Building] INFO  o.a.m.s.f.DefaultMavenResourcesFiltering - Copying 1 resource from src\main\resources to target\classes
2025-02-21 09:45:18,083 [Worker-35: Building] INFO  o.a.m.s.f.DefaultMavenResourcesFiltering - Copying 0 resource from src\main\resources to target\classes
2025-02-21 09:45:18,085 [Worker-35: Building] INFO  o.a.m.s.f.DefaultMavenResourcesFiltering - skip non existing resourceDirectory E:\PJ\Eclipse\SpringBoot_FullExample\src\test\resources
2025-02-21 09:46:00,813 [Worker-5: Building] INFO  o.a.m.s.f.DefaultMavenResourcesFiltering - Copying 1 resource from src\main\resources to target\classes
2025-02-21 09:46:00,818 [Worker-5: Building] INFO  o.a.m.s.f.DefaultMavenResourcesFiltering - Copying 0 resource from src\main\resources to target\classes
2025-02-21 09:46:00,820 [Worker-5: Building] INFO  o.a.m.s.f.DefaultMavenResourcesFiltering - skip non existing resourceDirectory E:\PJ\Eclipse\SpringBoot_FullExample\src\test\resources
2025-02-21 09:51:49,126 [Worker-39: Building] INFO  o.a.m.s.f.DefaultMavenResourcesFiltering - Copying 1 resource from src\main\resources to target\classes
2025-02-21 09:51:49,131 [Worker-39: Building] INFO  o.a.m.s.f.DefaultMavenResourcesFiltering - Copying 0 resource from src\main\resources to target\classes
2025-02-21 09:51:49,133 [Worker-39: Building] INFO  o.a.m.s.f.DefaultMavenResourcesFiltering - skip non existing resourceDirectory E:\PJ\Eclipse\SpringBoot_FullExample\src\test\resources
2025-02-21 09:52:39,637 [Worker-16: Building] INFO  o.a.m.s.f.DefaultMavenResourcesFiltering - Copying 1 resource from src\main\resources to target\classes
2025-02-21 09:52:39,642 [Worker-16: Building] INFO  o.a.m.s.f.DefaultMavenResourcesFiltering - Copying 0 resource from src\main\resources to target\classes
2025-02-21 09:52:39,643 [Worker-16: Building] INFO  o.a.m.s.f.DefaultMavenResourcesFiltering - skip non existing resourceDirectory E:\PJ\Eclipse\SpringBoot_FullExample\src\test\resources
2025-02-21 09:54:29,310 [Worker-9: Loading available Gradle versions] INFO  o.e.b.c.i.u.g.PublishedGradleVersions - Gradle version information cache is out-of-date. Trying to update.
2025-02-24 08:45:50,011 [Worker-2: Loading available Gradle versions] INFO  o.e.b.c.i.u.g.PublishedGradleVersions - Gradle version information cache is out-of-date. Trying to update.
2025-02-24 08:50:23,156 [Worker-16: Building] WARN  o.a.m.s.f.DefaultMavenResourcesFiltering - Using platform encoding (UTF-8 actually) to copy filtered resources, i.e. build is platform dependent!
2025-02-24 08:50:23,161 [Worker-16: Building] INFO  o.a.m.s.f.DefaultMavenResourcesFiltering - Copying 0 resource from src\main\resources to target\classes
2025-02-24 08:50:23,164 [Worker-16: Building] WARN  o.a.m.s.f.DefaultMavenResourcesFiltering - Using platform encoding (UTF-8 actually) to copy filtered resources, i.e. build is platform dependent!
2025-02-24 08:50:23,165 [Worker-16: Building] INFO  o.a.m.s.f.DefaultMavenResourcesFiltering - Copying 0 resource from src\test\resources to target\test-classes
2025-02-24 08:50:24,620 [Worker-16: Building] INFO  o.a.m.s.f.DefaultMavenResourcesFiltering - Copying 1 resource from src\main\resources to target\classes
2025-02-24 08:50:24,637 [Worker-16: Building] INFO  o.a.m.s.f.DefaultMavenResourcesFiltering - Copying 0 resource from src\main\resources to target\classes
2025-02-24 08:50:24,640 [Worker-16: Building] INFO  o.a.m.s.f.DefaultMavenResourcesFiltering - skip non existing resourceDirectory E:\PJ\Eclipse\SpringBoot_FullExample\src\test\resources
2025-02-24 08:50:27,163 [Worker-16: Building] INFO  o.a.m.s.f.DefaultMavenResourcesFiltering - Copying 1 resource from src\main\resources to target\classes
2025-02-24 08:50:27,183 [Worker-16: Building] INFO  o.a.m.s.f.DefaultMavenResourcesFiltering - Copying 0 resource from src\main\resources to target\classes
2025-02-24 08:50:27,188 [Worker-16: Building] INFO  o.a.m.s.f.DefaultMavenResourcesFiltering - skip non existing resourceDirectory E:\PJ\Eclipse\demo\src\test\resources
2025-02-24 08:50:27,793 [Worker-16: Building] INFO  o.a.m.s.f.DefaultMavenResourcesFiltering - Copying 1 resource from src\main\resources to target\classes
2025-02-24 08:50:27,806 [Worker-16: Building] INFO  o.a.m.s.f.DefaultMavenResourcesFiltering - Copying 0 resource from src\main\resources to target\classes
2025-02-24 08:50:27,809 [Worker-16: Building] INFO  o.a.m.s.f.DefaultMavenResourcesFiltering - skip non existing resourceDirectory E:\PJ\Eclipse\demo-BuildingARESTfulWebService\demo-BuildingARESTfulWebService\src\test\resources
2025-02-24 08:50:28,904 [Worker-16: Building] INFO  o.a.m.s.f.DefaultMavenResourcesFiltering - Copying 1 resource from src\main\resources to target\classes
2025-02-24 08:50:28,914 [Worker-16: Building] INFO  o.a.m.s.f.DefaultMavenResourcesFiltering - Copying 0 resource from src\main\resources to target\classes
2025-02-24 08:50:28,917 [Worker-16: Building] INFO  o.a.m.s.f.DefaultMavenResourcesFiltering - skip non existing resourceDirectory E:\PJ\Eclipse\demo-BuildingAnApplication\demo-BuildingAnApplication\src\test\resources
2025-02-24 08:50:48,247 [Worker-14: Building] INFO  o.a.m.s.f.DefaultMavenResourcesFiltering - Copying 1 resource from src\main\resources to target\classes
2025-02-24 08:50:48,252 [Worker-14: Building] INFO  o.a.m.s.f.DefaultMavenResourcesFiltering - Copying 0 resource from src\main\resources to target\classes
2025-02-24 08:50:48,255 [Worker-14: Building] INFO  o.a.m.s.f.DefaultMavenResourcesFiltering - skip non existing resourceDirectory E:\PJ\Eclipse\SpringBoot_FullExample\src\test\resources
2025-02-24 08:51:33,032 [Worker-8: Building] INFO  o.a.m.s.f.DefaultMavenResourcesFiltering - Copying 1 resource from src\main\resources to target\classes
2025-02-24 08:51:33,039 [Worker-8: Building] INFO  o.a.m.s.f.DefaultMavenResourcesFiltering - Copying 0 resource from src\main\resources to target\classes
2025-02-24 08:51:33,043 [Worker-8: Building] INFO  o.a.m.s.f.DefaultMavenResourcesFiltering - skip non existing resourceDirectory E:\PJ\Eclipse\SpringBoot_FullExample\src\test\resources
2025-02-24 08:51:39,109 [Worker-17: Building] INFO  o.a.m.s.f.DefaultMavenResourcesFiltering - Copying 1 resource from src\main\resources to target\classes
2025-02-24 08:51:39,113 [Worker-17: Building] INFO  o.a.m.s.f.DefaultMavenResourcesFiltering - Copying 0 resource from src\main\resources to target\classes
2025-02-24 08:51:39,117 [Worker-17: Building] INFO  o.a.m.s.f.DefaultMavenResourcesFiltering - skip non existing resourceDirectory E:\PJ\Eclipse\SpringBoot_FullExample\src\test\resources
2025-02-24 08:52:21,073 [Worker-9: Building] INFO  o.a.m.s.f.DefaultMavenResourcesFiltering - Copying 1 resource from src\main\resources to target\classes
2025-02-24 08:52:21,077 [Worker-9: Building] INFO  o.a.m.s.f.DefaultMavenResourcesFiltering - Copying 0 resource from src\main\resources to target\classes
2025-02-24 08:52:21,079 [Worker-9: Building] INFO  o.a.m.s.f.DefaultMavenResourcesFiltering - skip non existing resourceDirectory E:\PJ\Eclipse\SpringBoot_FullExample\src\test\resources
2025-02-24 08:52:37,465 [Worker-29: Building] INFO  o.a.m.s.f.DefaultMavenResourcesFiltering - Copying 1 resource from src\main\resources to target\classes
2025-02-24 08:52:37,469 [Worker-29: Building] INFO  o.a.m.s.f.DefaultMavenResourcesFiltering - Copying 0 resource from src\main\resources to target\classes
2025-02-24 08:52:37,471 [Worker-29: Building] INFO  o.a.m.s.f.DefaultMavenResourcesFiltering - skip non existing resourceDirectory E:\PJ\Eclipse\SpringBoot_FullExample\src\test\resources
2025-02-24 08:54:10,177 [Worker-23: Building] INFO  o.a.m.s.f.DefaultMavenResourcesFiltering - Copying 1 resource from src\main\resources to target\classes
2025-02-24 08:54:10,182 [Worker-23: Building] INFO  o.a.m.s.f.DefaultMavenResourcesFiltering - Copying 0 resource from src\main\resources to target\classes
2025-02-24 08:54:10,184 [Worker-23: Building] INFO  o.a.m.s.f.DefaultMavenResourcesFiltering - skip non existing resourceDirectory E:\PJ\Eclipse\SpringBoot_FullExample\src\test\resources
2025-02-24 08:56:11,559 [Worker-23: Building] INFO  o.a.m.s.f.DefaultMavenResourcesFiltering - Copying 1 resource from src\main\resources to target\classes
2025-02-24 08:56:11,565 [Worker-23: Building] INFO  o.a.m.s.f.DefaultMavenResourcesFiltering - Copying 0 resource from src\main\resources to target\classes
2025-02-24 08:56:11,567 [Worker-23: Building] INFO  o.a.m.s.f.DefaultMavenResourcesFiltering - skip non existing resourceDirectory E:\PJ\Eclipse\SpringBoot_FullExample\src\test\resources
2025-02-24 08:56:47,995 [Worker-14: Building] INFO  o.a.m.s.f.DefaultMavenResourcesFiltering - Copying 1 resource from src\main\resources to target\classes
2025-02-24 08:56:48,003 [Worker-14: Building] INFO  o.a.m.s.f.DefaultMavenResourcesFiltering - Copying 0 resource from src\main\resources to target\classes
2025-02-24 08:56:48,005 [Worker-14: Building] INFO  o.a.m.s.f.DefaultMavenResourcesFiltering - skip non existing resourceDirectory E:\PJ\Eclipse\SpringBoot_FullExample\src\test\resources
2025-02-24 08:56:50,527 [Worker-16: Building] INFO  o.a.m.s.f.DefaultMavenResourcesFiltering - Copying 1 resource from src\main\resources to target\classes
2025-02-24 08:56:50,531 [Worker-16: Building] INFO  o.a.m.s.f.DefaultMavenResourcesFiltering - Copying 0 resource from src\main\resources to target\classes
2025-02-24 08:56:50,532 [Worker-16: Building] INFO  o.a.m.s.f.DefaultMavenResourcesFiltering - skip non existing resourceDirectory E:\PJ\Eclipse\SpringBoot_FullExample\src\test\resources
2025-02-24 08:57:01,544 [Worker-17: Building] INFO  o.a.m.s.f.DefaultMavenResourcesFiltering - Copying 1 resource from src\main\resources to target\classes
2025-02-24 08:57:01,547 [Worker-17: Building] INFO  o.a.m.s.f.DefaultMavenResourcesFiltering - Copying 0 resource from src\main\resources to target\classes
2025-02-24 08:57:01,549 [Worker-17: Building] INFO  o.a.m.s.f.DefaultMavenResourcesFiltering - skip non existing resourceDirectory E:\PJ\Eclipse\SpringBoot_FullExample\src\test\resources
2025-02-24 08:57:02,857 [Worker-9: Building] INFO  o.a.m.s.f.DefaultMavenResourcesFiltering - Copying 1 resource from src\main\resources to target\classes
2025-02-24 08:57:02,862 [Worker-9: Building] INFO  o.a.m.s.f.DefaultMavenResourcesFiltering - Copying 0 resource from src\main\resources to target\classes
2025-02-24 08:57:02,864 [Worker-9: Building] INFO  o.a.m.s.f.DefaultMavenResourcesFiltering - skip non existing resourceDirectory E:\PJ\Eclipse\SpringBoot_FullExample\src\test\resources
2025-02-24 08:59:55,347 [Worker-8: Building] INFO  o.a.m.s.f.DefaultMavenResourcesFiltering - Copying 1 resource from src\main\resources to target\classes
2025-02-24 08:59:55,351 [Worker-8: Building] INFO  o.a.m.s.f.DefaultMavenResourcesFiltering - Copying 0 resource from src\main\resources to target\classes
2025-02-24 08:59:55,354 [Worker-8: Building] INFO  o.a.m.s.f.DefaultMavenResourcesFiltering - skip non existing resourceDirectory E:\PJ\Eclipse\SpringBoot_FullExample\src\test\resources
2025-02-24 09:00:31,357 [Worker-16: Building] INFO  o.a.m.s.f.DefaultMavenResourcesFiltering - Copying 1 resource from src\main\resources to target\classes
2025-02-24 09:00:31,362 [Worker-16: Building] INFO  o.a.m.s.f.DefaultMavenResourcesFiltering - Copying 0 resource from src\main\resources to target\classes
2025-02-24 09:00:31,364 [Worker-16: Building] INFO  o.a.m.s.f.DefaultMavenResourcesFiltering - skip non existing resourceDirectory E:\PJ\Eclipse\SpringBoot_FullExample\src\test\resources
2025-02-24 09:01:10,150 [Worker-16: Building] INFO  o.a.m.s.f.DefaultMavenResourcesFiltering - Copying 1 resource from src\main\resources to target\classes
2025-02-24 09:01:10,156 [Worker-16: Building] INFO  o.a.m.s.f.DefaultMavenResourcesFiltering - Copying 0 resource from src\main\resources to target\classes
2025-02-24 09:01:10,157 [Worker-16: Building] INFO  o.a.m.s.f.DefaultMavenResourcesFiltering - skip non existing resourceDirectory E:\PJ\Eclipse\SpringBoot_FullExample\src\test\resources
2025-02-24 09:09:44,018 [Worker-32: Building] INFO  o.e.m.c.i.l.LifecycleMappingFactory - Using org.eclipse.m2e.jdt.JarLifecycleMapping lifecycle mapping for MavenProject: com.example:SpringBoot_FullExample:0.0.1-SNAPSHOT @ E:\PJ\Eclipse\SpringBoot_FullExample\pom.xml.
2025-02-24 09:14:46,486 [Worker-31: Updating Maven Project] INFO  o.e.m.c.i.p.ProjectConfigurationManager - Update started
2025-02-24 09:14:46,654 [Worker-31: Updating Maven Project] INFO  o.e.m.c.i.l.LifecycleMappingFactory - Using org.eclipse.m2e.jdt.JarLifecycleMapping lifecycle mapping for MavenProject: com.example:SpringBoot_FullExample:0.0.1-SNAPSHOT @ E:\PJ\Eclipse\SpringBoot_FullExample\pom.xml.
2025-02-24 09:14:46,786 [Worker-31: Updating Maven Project] ERROR o.e.m.c.i.p.ProjectConfigurationManager - Could not read maven project
org.eclipse.core.runtime.CoreException: Could not read maven project
	at org.eclipse.m2e.core.internal.embedder.MavenImpl.lambda$4(MavenImpl.java:371)
	at org.eclipse.m2e.core.internal.embedder.MavenExecutionContext.executeBare(MavenExecutionContext.java:458)
	at org.eclipse.m2e.core.internal.embedder.MavenExecutionContext.execute(MavenExecutionContext.java:292)
	at org.eclipse.m2e.core.internal.embedder.MavenExecutionContext.execute(MavenExecutionContext.java:278)
	at org.eclipse.m2e.core.internal.embedder.MavenImpl.readProject(MavenImpl.java:361)
	at org.eclipse.m2e.mavenarchiver.internal.AbstractMavenArchiverConfigurator.lambda$4(AbstractMavenArchiverConfigurator.java:576)
	at org.eclipse.m2e.core.internal.embedder.MavenExecutionContext.executeBare(MavenExecutionContext.java:458)
	at org.eclipse.m2e.core.internal.embedder.MavenExecutionContext.execute(MavenExecutionContext.java:339)
	at org.eclipse.m2e.mavenarchiver.internal.AbstractMavenArchiverConfigurator.loadParentHierarchy(AbstractMavenArchiverConfigurator.java:568)
	at org.eclipse.m2e.mavenarchiver.internal.AbstractMavenArchiverConfigurator.generateManifest(AbstractMavenArchiverConfigurator.java:365)
	at org.eclipse.m2e.mavenarchiver.internal.AbstractMavenArchiverConfigurator.mavenProjectChanged(AbstractMavenArchiverConfigurator.java:228)
	at org.eclipse.m2e.mavenarchiver.internal.AbstractMavenArchiverConfigurator.mavenProjectChanged(AbstractMavenArchiverConfigurator.java:220)
	at org.eclipse.m2e.core.internal.project.ProjectConfigurationManager.mavenProjectChanged(ProjectConfigurationManager.java:885)
	at org.eclipse.m2e.core.internal.project.registry.ProjectRegistryManager.notifyProjectChangeListeners(ProjectRegistryManager.java:892)
	at org.eclipse.m2e.core.internal.project.registry.ProjectRegistryManager.applyMutableProjectRegistry(ProjectRegistryManager.java:1042)
	at org.eclipse.m2e.core.internal.project.registry.ProjectRegistryManager.refresh(ProjectRegistryManager.java:324)
	at org.eclipse.m2e.core.internal.project.ProjectConfigurationManager.updateProjectConfiguration0(ProjectConfigurationManager.java:388)
	at org.eclipse.m2e.core.internal.project.ProjectConfigurationManager.lambda$3(ProjectConfigurationManager.java:340)
	at org.eclipse.m2e.core.internal.embedder.MavenExecutionContext.executeBare(MavenExecutionContext.java:458)
	at org.eclipse.m2e.core.internal.embedder.MavenExecutionContext.execute(MavenExecutionContext.java:339)
	at org.eclipse.m2e.core.internal.embedder.MavenExecutionContext.execute(MavenExecutionContext.java:278)
	at org.eclipse.m2e.core.internal.embedder.MavenImpl.execute(MavenImpl.java:1053)
	at org.eclipse.m2e.core.internal.project.ProjectConfigurationManager.updateProjectConfiguration(ProjectConfigurationManager.java:339)
	at org.eclipse.m2e.core.ui.internal.UpdateMavenProjectJob.runInWorkspace(UpdateMavenProjectJob.java:80)
	at org.eclipse.core.internal.resources.InternalWorkspaceJob.run(InternalWorkspaceJob.java:43)
	at org.eclipse.core.internal.jobs.Worker.run(Worker.java:63)
Caused by: org.apache.maven.project.ProjectBuildingException: 1 problem was encountered while building the effective model
[FATAL] Non-readable POM E:\PJ\Eclipse\SpringBoot_FullExample: E:\PJ\Eclipse\SpringBoot_FullExample (Access is denied) @ 
 for project  at E:\PJ\Eclipse\SpringBoot_FullExample
	at org.apache.maven.project.DefaultProjectBuilder.build(DefaultProjectBuilder.java:180)
	at org.apache.maven.project.DefaultProjectBuilder.build(DefaultProjectBuilder.java:123)
	at org.eclipse.m2e.core.internal.embedder.MavenImpl.lambda$4(MavenImpl.java:369)
	... 25 common frames omitted
Caused by: org.apache.maven.model.building.ModelBuildingException: 1 problem was encountered while building the effective model
[FATAL] Non-readable POM E:\PJ\Eclipse\SpringBoot_FullExample: E:\PJ\Eclipse\SpringBoot_FullExample (Access is denied) @ 

	at org.apache.maven.model.building.DefaultModelProblemCollector.newModelBuildingException(DefaultModelProblemCollector.java:176)
	at org.apache.maven.model.building.DefaultModelBuilder.readModel(DefaultModelBuilder.java:642)
	at org.apache.maven.model.building.DefaultModelBuilder.build(DefaultModelBuilder.java:262)
	at org.apache.maven.model.building.DefaultModelBuilder.build(DefaultModelBuilder.java:248)
	at org.apache.maven.project.DefaultProjectBuilder.build(DefaultProjectBuilder.java:176)
	... 27 common frames omitted
2025-02-24 09:14:46,969 [Worker-31: Updating Maven Project] INFO  o.e.m.j.i.AbstractJavaProjectConfigurator - Adding resource folder /SpringBoot_FullExample/src/main/resources
2025-02-24 09:14:46,970 [Worker-31: Updating Maven Project] INFO  o.e.m.j.i.AbstractJavaProjectConfigurator - Adding resource folder /SpringBoot_FullExample/src/main/resources
2025-02-24 09:14:46,972 [Worker-31: Updating Maven Project] INFO  o.e.m.j.i.AbstractJavaProjectConfigurator - Adding resource folder /SpringBoot_FullExample/src/test/resources
2025-02-24 09:14:47,092 [Worker-31: Updating Maven Project] INFO  o.e.m.c.i.p.ProjectConfigurationManager - Update completed for 1 poms: local refresh takes 0.00 sec, refresh facades takes 0.00 sec, update config takes 0.00 sec 
2025-02-24 09:18:09,002 [Worker-33: Updating Maven Project] INFO  o.e.m.c.i.p.ProjectConfigurationManager - Update started
2025-02-24 09:18:09,142 [Worker-33: Updating Maven Project] INFO  o.e.m.c.i.l.LifecycleMappingFactory - Using org.eclipse.m2e.jdt.JarLifecycleMapping lifecycle mapping for MavenProject: com.example:SpringBoot_FullExample:0.0.1-SNAPSHOT @ E:\PJ\Eclipse\SpringBoot_FullExample\pom.xml.
2025-02-24 09:18:09,258 [Worker-33: Updating Maven Project] ERROR o.e.m.c.i.p.ProjectConfigurationManager - Could not read maven project
org.eclipse.core.runtime.CoreException: Could not read maven project
	at org.eclipse.m2e.core.internal.embedder.MavenImpl.lambda$4(MavenImpl.java:371)
	at org.eclipse.m2e.core.internal.embedder.MavenExecutionContext.executeBare(MavenExecutionContext.java:458)
	at org.eclipse.m2e.core.internal.embedder.MavenExecutionContext.execute(MavenExecutionContext.java:292)
	at org.eclipse.m2e.core.internal.embedder.MavenExecutionContext.execute(MavenExecutionContext.java:278)
	at org.eclipse.m2e.core.internal.embedder.MavenImpl.readProject(MavenImpl.java:361)
	at org.eclipse.m2e.mavenarchiver.internal.AbstractMavenArchiverConfigurator.lambda$4(AbstractMavenArchiverConfigurator.java:576)
	at org.eclipse.m2e.core.internal.embedder.MavenExecutionContext.executeBare(MavenExecutionContext.java:458)
	at org.eclipse.m2e.core.internal.embedder.MavenExecutionContext.execute(MavenExecutionContext.java:339)
	at org.eclipse.m2e.mavenarchiver.internal.AbstractMavenArchiverConfigurator.loadParentHierarchy(AbstractMavenArchiverConfigurator.java:568)
	at org.eclipse.m2e.mavenarchiver.internal.AbstractMavenArchiverConfigurator.generateManifest(AbstractMavenArchiverConfigurator.java:365)
	at org.eclipse.m2e.mavenarchiver.internal.AbstractMavenArchiverConfigurator.mavenProjectChanged(AbstractMavenArchiverConfigurator.java:228)
	at org.eclipse.m2e.mavenarchiver.internal.AbstractMavenArchiverConfigurator.mavenProjectChanged(AbstractMavenArchiverConfigurator.java:220)
	at org.eclipse.m2e.core.internal.project.ProjectConfigurationManager.mavenProjectChanged(ProjectConfigurationManager.java:885)
	at org.eclipse.m2e.core.internal.project.registry.ProjectRegistryManager.notifyProjectChangeListeners(ProjectRegistryManager.java:892)
	at org.eclipse.m2e.core.internal.project.registry.ProjectRegistryManager.applyMutableProjectRegistry(ProjectRegistryManager.java:1042)
	at org.eclipse.m2e.core.internal.project.registry.ProjectRegistryManager.refresh(ProjectRegistryManager.java:324)
	at org.eclipse.m2e.core.internal.project.ProjectConfigurationManager.updateProjectConfiguration0(ProjectConfigurationManager.java:388)
	at org.eclipse.m2e.core.internal.project.ProjectConfigurationManager.lambda$3(ProjectConfigurationManager.java:340)
	at org.eclipse.m2e.core.internal.embedder.MavenExecutionContext.executeBare(MavenExecutionContext.java:458)
	at org.eclipse.m2e.core.internal.embedder.MavenExecutionContext.execute(MavenExecutionContext.java:339)
	at org.eclipse.m2e.core.internal.embedder.MavenExecutionContext.execute(MavenExecutionContext.java:278)
	at org.eclipse.m2e.core.internal.embedder.MavenImpl.execute(MavenImpl.java:1053)
	at org.eclipse.m2e.core.internal.project.ProjectConfigurationManager.updateProjectConfiguration(ProjectConfigurationManager.java:339)
	at org.eclipse.m2e.core.ui.internal.UpdateMavenProjectJob.runInWorkspace(UpdateMavenProjectJob.java:80)
	at org.eclipse.core.internal.resources.InternalWorkspaceJob.run(InternalWorkspaceJob.java:43)
	at org.eclipse.core.internal.jobs.Worker.run(Worker.java:63)
Caused by: org.apache.maven.project.ProjectBuildingException: 1 problem was encountered while building the effective model
[FATAL] Non-readable POM E:\PJ\Eclipse\SpringBoot_FullExample: E:\PJ\Eclipse\SpringBoot_FullExample (Access is denied) @ 
 for project  at E:\PJ\Eclipse\SpringBoot_FullExample
	at org.apache.maven.project.DefaultProjectBuilder.build(DefaultProjectBuilder.java:180)
	at org.apache.maven.project.DefaultProjectBuilder.build(DefaultProjectBuilder.java:123)
	at org.eclipse.m2e.core.internal.embedder.MavenImpl.lambda$4(MavenImpl.java:369)
	... 25 common frames omitted
Caused by: org.apache.maven.model.building.ModelBuildingException: 1 problem was encountered while building the effective model
[FATAL] Non-readable POM E:\PJ\Eclipse\SpringBoot_FullExample: E:\PJ\Eclipse\SpringBoot_FullExample (Access is denied) @ 

	at org.apache.maven.model.building.DefaultModelProblemCollector.newModelBuildingException(DefaultModelProblemCollector.java:176)
	at org.apache.maven.model.building.DefaultModelBuilder.readModel(DefaultModelBuilder.java:642)
	at org.apache.maven.model.building.DefaultModelBuilder.build(DefaultModelBuilder.java:262)
	at org.apache.maven.model.building.DefaultModelBuilder.build(DefaultModelBuilder.java:248)
	at org.apache.maven.project.DefaultProjectBuilder.build(DefaultProjectBuilder.java:176)
	... 27 common frames omitted
2025-02-24 09:18:09,331 [Worker-33: Updating Maven Project] INFO  o.e.m.j.i.AbstractJavaProjectConfigurator - Adding resource folder /SpringBoot_FullExample/src/main/resources
2025-02-24 09:18:09,332 [Worker-33: Updating Maven Project] INFO  o.e.m.j.i.AbstractJavaProjectConfigurator - Adding resource folder /SpringBoot_FullExample/src/main/resources
2025-02-24 09:18:09,332 [Worker-33: Updating Maven Project] INFO  o.e.m.j.i.AbstractJavaProjectConfigurator - Adding resource folder /SpringBoot_FullExample/src/test/resources
2025-02-24 09:18:09,400 [Worker-33: Updating Maven Project] INFO  o.e.m.c.i.p.ProjectConfigurationManager - Update completed for 1 poms: local refresh takes 0.00 sec, refresh facades takes 0.00 sec, update config takes 0.00 sec 
2025-02-24 09:18:41,172 [Worker-32: Building] INFO  o.e.m.c.i.l.LifecycleMappingFactory - Using org.eclipse.m2e.jdt.JarLifecycleMapping lifecycle mapping for MavenProject: com.example:SpringBoot_FullExample:0.0.1-SNAPSHOT @ E:\PJ\Eclipse\SpringBoot_FullExample\pom.xml.
2025-02-24 09:18:41,343 [Worker-32: Building] ERROR o.e.m.c.i.p.ProjectConfigurationManager - Could not read maven project
org.eclipse.core.runtime.CoreException: Could not read maven project
	at org.eclipse.m2e.core.internal.embedder.MavenImpl.lambda$4(MavenImpl.java:371)
	at org.eclipse.m2e.core.internal.embedder.MavenExecutionContext.executeBare(MavenExecutionContext.java:458)
	at org.eclipse.m2e.core.internal.embedder.MavenExecutionContext.execute(MavenExecutionContext.java:292)
	at org.eclipse.m2e.core.internal.embedder.MavenExecutionContext.execute(MavenExecutionContext.java:278)
	at org.eclipse.m2e.core.internal.embedder.MavenImpl.readProject(MavenImpl.java:361)
	at org.eclipse.m2e.mavenarchiver.internal.AbstractMavenArchiverConfigurator.lambda$4(AbstractMavenArchiverConfigurator.java:576)
	at org.eclipse.m2e.core.internal.embedder.MavenExecutionContext.executeBare(MavenExecutionContext.java:458)
	at org.eclipse.m2e.core.internal.embedder.MavenExecutionContext.execute(MavenExecutionContext.java:339)
	at org.eclipse.m2e.mavenarchiver.internal.AbstractMavenArchiverConfigurator.loadParentHierarchy(AbstractMavenArchiverConfigurator.java:568)
	at org.eclipse.m2e.mavenarchiver.internal.AbstractMavenArchiverConfigurator.generateManifest(AbstractMavenArchiverConfigurator.java:365)
	at org.eclipse.m2e.mavenarchiver.internal.AbstractMavenArchiverConfigurator.mavenProjectChanged(AbstractMavenArchiverConfigurator.java:228)
	at org.eclipse.m2e.mavenarchiver.internal.AbstractMavenArchiverConfigurator.mavenProjectChanged(AbstractMavenArchiverConfigurator.java:220)
	at org.eclipse.m2e.core.internal.project.ProjectConfigurationManager.mavenProjectChanged(ProjectConfigurationManager.java:885)
	at org.eclipse.m2e.core.internal.project.registry.ProjectRegistryManager.notifyProjectChangeListeners(ProjectRegistryManager.java:892)
	at org.eclipse.m2e.core.internal.project.registry.ProjectRegistryManager.applyMutableProjectRegistry(ProjectRegistryManager.java:1042)
	at org.eclipse.m2e.core.internal.project.registry.ProjectRegistryManager.refresh(ProjectRegistryManager.java:324)
	at org.eclipse.m2e.core.internal.builder.MavenBuilder$BuildMethod.getProjectFacade(MavenBuilder.java:146)
	at org.eclipse.m2e.core.internal.builder.MavenBuilder$BuildMethod.lambda$0(MavenBuilder.java:84)
	at org.eclipse.m2e.core.internal.embedder.MavenExecutionContext.executeBare(MavenExecutionContext.java:458)
	at org.eclipse.m2e.core.internal.embedder.MavenExecutionContext.execute(MavenExecutionContext.java:339)
	at org.eclipse.m2e.core.internal.embedder.MavenExecutionContext.execute(MavenExecutionContext.java:278)
	at org.eclipse.m2e.core.internal.builder.MavenBuilder$BuildMethod.execute(MavenBuilder.java:83)
	at org.eclipse.m2e.core.internal.builder.MavenBuilder.build(MavenBuilder.java:192)
	at org.eclipse.core.internal.events.BuildManager$2.run(BuildManager.java:1077)
	at org.eclipse.core.runtime.SafeRunner.run(SafeRunner.java:47)
	at org.eclipse.core.internal.events.BuildManager.basicBuild(BuildManager.java:296)
	at org.eclipse.core.internal.events.BuildManager.basicBuild(BuildManager.java:352)
	at org.eclipse.core.internal.events.BuildManager$1.run(BuildManager.java:441)
	at org.eclipse.core.runtime.SafeRunner.run(SafeRunner.java:47)
	at org.eclipse.core.internal.events.BuildManager.basicBuild(BuildManager.java:444)
	at org.eclipse.core.internal.events.BuildManager.basicBuildLoop(BuildManager.java:555)
	at org.eclipse.core.internal.events.BuildManager.basicBuildLoop(BuildManager.java:503)
	at org.eclipse.core.internal.events.BuildManager.build(BuildManager.java:585)
	at org.eclipse.core.internal.events.AutoBuildJob.doBuild(AutoBuildJob.java:207)
	at org.eclipse.core.internal.events.AutoBuildJob.run(AutoBuildJob.java:300)
	at org.eclipse.core.internal.jobs.Worker.run(Worker.java:63)
Caused by: org.apache.maven.project.ProjectBuildingException: 1 problem was encountered while building the effective model
[FATAL] Non-readable POM E:\PJ\Eclipse\SpringBoot_FullExample: E:\PJ\Eclipse\SpringBoot_FullExample (Access is denied) @ 
 for project  at E:\PJ\Eclipse\SpringBoot_FullExample
	at org.apache.maven.project.DefaultProjectBuilder.build(DefaultProjectBuilder.java:180)
	at org.apache.maven.project.DefaultProjectBuilder.build(DefaultProjectBuilder.java:123)
	at org.eclipse.m2e.core.internal.embedder.MavenImpl.lambda$4(MavenImpl.java:369)
	... 35 common frames omitted
Caused by: org.apache.maven.model.building.ModelBuildingException: 1 problem was encountered while building the effective model
[FATAL] Non-readable POM E:\PJ\Eclipse\SpringBoot_FullExample: E:\PJ\Eclipse\SpringBoot_FullExample (Access is denied) @ 

	at org.apache.maven.model.building.DefaultModelProblemCollector.newModelBuildingException(DefaultModelProblemCollector.java:176)
	at org.apache.maven.model.building.DefaultModelBuilder.readModel(DefaultModelBuilder.java:642)
	at org.apache.maven.model.building.DefaultModelBuilder.build(DefaultModelBuilder.java:262)
	at org.apache.maven.model.building.DefaultModelBuilder.build(DefaultModelBuilder.java:248)
	at org.apache.maven.project.DefaultProjectBuilder.build(DefaultProjectBuilder.java:176)
	... 37 common frames omitted
2025-02-24 09:18:46,210 [Worker-36: Updating Maven Project] INFO  o.e.m.c.i.p.ProjectConfigurationManager - Update started
2025-02-24 09:18:46,355 [Worker-36: Updating Maven Project] INFO  o.e.m.c.i.l.LifecycleMappingFactory - Using org.eclipse.m2e.jdt.JarLifecycleMapping lifecycle mapping for MavenProject: com.example:SpringBoot_FullExample:0.0.1-SNAPSHOT @ E:\PJ\Eclipse\SpringBoot_FullExample\pom.xml.
2025-02-24 09:18:46,523 [Worker-36: Updating Maven Project] ERROR o.e.m.c.i.p.ProjectConfigurationManager - Could not read maven project
org.eclipse.core.runtime.CoreException: Could not read maven project
	at org.eclipse.m2e.core.internal.embedder.MavenImpl.lambda$4(MavenImpl.java:371)
	at org.eclipse.m2e.core.internal.embedder.MavenExecutionContext.executeBare(MavenExecutionContext.java:458)
	at org.eclipse.m2e.core.internal.embedder.MavenExecutionContext.execute(MavenExecutionContext.java:292)
	at org.eclipse.m2e.core.internal.embedder.MavenExecutionContext.execute(MavenExecutionContext.java:278)
	at org.eclipse.m2e.core.internal.embedder.MavenImpl.readProject(MavenImpl.java:361)
	at org.eclipse.m2e.mavenarchiver.internal.AbstractMavenArchiverConfigurator.lambda$4(AbstractMavenArchiverConfigurator.java:576)
	at org.eclipse.m2e.core.internal.embedder.MavenExecutionContext.executeBare(MavenExecutionContext.java:458)
	at org.eclipse.m2e.core.internal.embedder.MavenExecutionContext.execute(MavenExecutionContext.java:339)
	at org.eclipse.m2e.mavenarchiver.internal.AbstractMavenArchiverConfigurator.loadParentHierarchy(AbstractMavenArchiverConfigurator.java:568)
	at org.eclipse.m2e.mavenarchiver.internal.AbstractMavenArchiverConfigurator.generateManifest(AbstractMavenArchiverConfigurator.java:365)
	at org.eclipse.m2e.mavenarchiver.internal.AbstractMavenArchiverConfigurator.mavenProjectChanged(AbstractMavenArchiverConfigurator.java:228)
	at org.eclipse.m2e.mavenarchiver.internal.AbstractMavenArchiverConfigurator.mavenProjectChanged(AbstractMavenArchiverConfigurator.java:220)
	at org.eclipse.m2e.core.internal.project.ProjectConfigurationManager.mavenProjectChanged(ProjectConfigurationManager.java:885)
	at org.eclipse.m2e.core.internal.project.registry.ProjectRegistryManager.notifyProjectChangeListeners(ProjectRegistryManager.java:892)
	at org.eclipse.m2e.core.internal.project.registry.ProjectRegistryManager.applyMutableProjectRegistry(ProjectRegistryManager.java:1042)
	at org.eclipse.m2e.core.internal.project.registry.ProjectRegistryManager.refresh(ProjectRegistryManager.java:324)
	at org.eclipse.m2e.core.internal.project.ProjectConfigurationManager.updateProjectConfiguration0(ProjectConfigurationManager.java:388)
	at org.eclipse.m2e.core.internal.project.ProjectConfigurationManager.lambda$3(ProjectConfigurationManager.java:340)
	at org.eclipse.m2e.core.internal.embedder.MavenExecutionContext.executeBare(MavenExecutionContext.java:458)
	at org.eclipse.m2e.core.internal.embedder.MavenExecutionContext.execute(MavenExecutionContext.java:339)
	at org.eclipse.m2e.core.internal.embedder.MavenExecutionContext.execute(MavenExecutionContext.java:278)
	at org.eclipse.m2e.core.internal.embedder.MavenImpl.execute(MavenImpl.java:1053)
	at org.eclipse.m2e.core.internal.project.ProjectConfigurationManager.updateProjectConfiguration(ProjectConfigurationManager.java:339)
	at org.eclipse.m2e.core.ui.internal.UpdateMavenProjectJob.runInWorkspace(UpdateMavenProjectJob.java:80)
	at org.eclipse.core.internal.resources.InternalWorkspaceJob.run(InternalWorkspaceJob.java:43)
	at org.eclipse.core.internal.jobs.Worker.run(Worker.java:63)
Caused by: org.apache.maven.project.ProjectBuildingException: 1 problem was encountered while building the effective model
[FATAL] Non-readable POM E:\PJ\Eclipse\SpringBoot_FullExample: E:\PJ\Eclipse\SpringBoot_FullExample (Access is denied) @ 
 for project  at E:\PJ\Eclipse\SpringBoot_FullExample
	at org.apache.maven.project.DefaultProjectBuilder.build(DefaultProjectBuilder.java:180)
	at org.apache.maven.project.DefaultProjectBuilder.build(DefaultProjectBuilder.java:123)
	at org.eclipse.m2e.core.internal.embedder.MavenImpl.lambda$4(MavenImpl.java:369)
	... 25 common frames omitted
Caused by: org.apache.maven.model.building.ModelBuildingException: 1 problem was encountered while building the effective model
[FATAL] Non-readable POM E:\PJ\Eclipse\SpringBoot_FullExample: E:\PJ\Eclipse\SpringBoot_FullExample (Access is denied) @ 

	at org.apache.maven.model.building.DefaultModelProblemCollector.newModelBuildingException(DefaultModelProblemCollector.java:176)
	at org.apache.maven.model.building.DefaultModelBuilder.readModel(DefaultModelBuilder.java:642)
	at org.apache.maven.model.building.DefaultModelBuilder.build(DefaultModelBuilder.java:262)
	at org.apache.maven.model.building.DefaultModelBuilder.build(DefaultModelBuilder.java:248)
	at org.apache.maven.project.DefaultProjectBuilder.build(DefaultProjectBuilder.java:176)
	... 27 common frames omitted
2025-02-24 09:18:46,607 [Worker-36: Updating Maven Project] INFO  o.e.m.j.i.AbstractJavaProjectConfigurator - Adding resource folder /SpringBoot_FullExample/src/main/resources
2025-02-24 09:18:46,607 [Worker-36: Updating Maven Project] INFO  o.e.m.j.i.AbstractJavaProjectConfigurator - Adding resource folder /SpringBoot_FullExample/src/main/resources
2025-02-24 09:18:46,607 [Worker-36: Updating Maven Project] INFO  o.e.m.j.i.AbstractJavaProjectConfigurator - Adding resource folder /SpringBoot_FullExample/src/test/resources
2025-02-24 09:18:46,686 [Worker-36: Updating Maven Project] INFO  o.e.m.c.i.p.ProjectConfigurationManager - Update completed for 1 poms: local refresh takes 0.00 sec, refresh facades takes 0.00 sec, update config takes 0.00 sec 
2025-02-24 09:24:56,457 [Worker-40: Building] INFO  o.e.m.c.i.l.LifecycleMappingFactory - Using org.eclipse.m2e.jdt.JarLifecycleMapping lifecycle mapping for MavenProject: com.example:SpringBoot_FullExample:0.0.1-SNAPSHOT @ E:\PJ\Eclipse\SpringBoot_FullExample\pom.xml.
2025-02-24 09:24:56,879 [Worker-40: Building] INFO  o.e.m.c.i.e.AbstractTransferListenerAdapter - Downloading https://repo.maven.apache.org/maven2/com/microsoft/sqlserver/mssql-jdbc/12.8.1.jre11/mssql-jdbc-12.8.1.jre11.pom
2025-02-24 09:24:56,927 [Worker-40: Building] INFO  o.e.m.c.i.e.AbstractTransferListenerAdapter - Downloaded https://repo.maven.apache.org/maven2/com/microsoft/sqlserver/mssql-jdbc/12.8.1.jre11/mssql-jdbc-12.8.1.jre11.pom
2025-02-24 09:24:57,061 [Worker-40: Building] INFO  o.e.m.c.i.e.AbstractTransferListenerAdapter - Downloading https://repo.maven.apache.org/maven2/com/microsoft/sqlserver/mssql-jdbc/12.8.1.jre11/mssql-jdbc-12.8.1.jre11.jar
2025-02-24 09:24:57,902 [Worker-40: Building] INFO  o.e.m.c.i.e.AbstractTransferListenerAdapter - Downloaded https://repo.maven.apache.org/maven2/com/microsoft/sqlserver/mssql-jdbc/12.8.1.jre11/mssql-jdbc-12.8.1.jre11.jar
2025-02-24 09:24:58,110 [Worker-40: Building] INFO  o.a.m.s.f.DefaultMavenResourcesFiltering - Copying 0 resource from src\main\resources to target\classes
2025-02-24 09:24:58,111 [Worker-40: Building] INFO  o.a.m.s.f.DefaultMavenResourcesFiltering - Copying 0 resource from src\main\resources to target\classes
2025-02-24 09:24:58,115 [Worker-40: Building] INFO  o.a.m.s.f.DefaultMavenResourcesFiltering - skip non existing resourceDirectory E:\PJ\Eclipse\SpringBoot_FullExample\src\test\resources
2025-02-24 09:24:58,279 [Worker-39: Building] INFO  o.a.m.s.f.DefaultMavenResourcesFiltering - Copying 1 resource from src\main\resources to target\classes
2025-02-24 09:24:58,297 [Worker-39: Building] INFO  o.a.m.s.f.DefaultMavenResourcesFiltering - Copying 0 resource from src\main\resources to target\classes
2025-02-24 09:24:58,301 [Worker-39: Building] INFO  o.a.m.s.f.DefaultMavenResourcesFiltering - skip non existing resourceDirectory E:\PJ\Eclipse\SpringBoot_FullExample\src\test\resources
2025-02-24 09:24:59,163 [Worker-35: Download sources and javadoc] INFO  o.e.m.c.i.e.AbstractTransferListenerAdapter - Downloading https://repo.maven.apache.org/maven2/com/microsoft/sqlserver/mssql-jdbc/12.8.1.jre11/mssql-jdbc-12.8.1.jre11-sources.jar
2025-02-24 09:24:59,753 [Worker-35: Download sources and javadoc] INFO  o.e.m.c.i.e.AbstractTransferListenerAdapter - Downloaded https://repo.maven.apache.org/maven2/com/microsoft/sqlserver/mssql-jdbc/12.8.1.jre11/mssql-jdbc-12.8.1.jre11-sources.jar
2025-02-24 09:24:59,767 [Worker-35: Download sources and javadoc] INFO  o.e.m.j.internal.DownloadSourcesJob - Downloaded sources for com.microsoft.sqlserver:mssql-jdbc:12.8.1.jre11
2025-02-24 09:26:32,852 [Worker-40: Building] INFO  o.a.m.s.f.DefaultMavenResourcesFiltering - Copying 1 resource from src\main\resources to target\classes
2025-02-24 09:26:32,859 [Worker-40: Building] INFO  o.a.m.s.f.DefaultMavenResourcesFiltering - Copying 0 resource from src\main\resources to target\classes
2025-02-24 09:26:32,861 [Worker-40: Building] INFO  o.a.m.s.f.DefaultMavenResourcesFiltering - skip non existing resourceDirectory E:\PJ\Eclipse\SpringBoot_FullExample\src\test\resources
2025-02-24 09:27:41,748 [Worker-37: Building] INFO  o.a.m.s.f.DefaultMavenResourcesFiltering - Copying 1 resource from src\main\resources to target\classes
2025-02-24 09:27:41,752 [Worker-37: Building] INFO  o.a.m.s.f.DefaultMavenResourcesFiltering - Copying 0 resource from src\main\resources to target\classes
2025-02-24 09:27:41,754 [Worker-37: Building] INFO  o.a.m.s.f.DefaultMavenResourcesFiltering - skip non existing resourceDirectory E:\PJ\Eclipse\SpringBoot_FullExample\src\test\resources
2025-02-24 09:35:35,344 [Worker-41: Building] INFO  o.a.m.s.f.DefaultMavenResourcesFiltering - Copying 1 resource from src\main\resources to target\classes
2025-02-24 09:35:35,359 [Worker-41: Building] INFO  o.a.m.s.f.DefaultMavenResourcesFiltering - Copying 0 resource from src\main\resources to target\classes
2025-02-24 09:35:35,362 [Worker-41: Building] INFO  o.a.m.s.f.DefaultMavenResourcesFiltering - skip non existing resourceDirectory E:\PJ\Eclipse\SpringBoot_FullExample\src\test\resources
2025-02-24 09:37:25,283 [Worker-41: Building] INFO  o.a.m.s.f.DefaultMavenResourcesFiltering - Copying 0 resource from src\main\resources to target\classes
2025-02-24 09:37:25,283 [Worker-41: Building] INFO  o.a.m.s.f.DefaultMavenResourcesFiltering - Copying 0 resource from src\main\resources to target\classes
2025-02-24 09:37:25,285 [Worker-41: Building] INFO  o.a.m.s.f.DefaultMavenResourcesFiltering - skip non existing resourceDirectory E:\PJ\Eclipse\SpringBoot_FullExample\src\test\resources
2025-02-24 09:37:44,748 [Worker-38: Building] INFO  o.a.m.s.f.DefaultMavenResourcesFiltering - Copying 0 resource from src\main\resources to target\classes
2025-02-24 09:37:44,748 [Worker-38: Building] INFO  o.a.m.s.f.DefaultMavenResourcesFiltering - Copying 0 resource from src\main\resources to target\classes
2025-02-24 09:37:44,750 [Worker-38: Building] INFO  o.a.m.s.f.DefaultMavenResourcesFiltering - skip non existing resourceDirectory E:\PJ\Eclipse\SpringBoot_FullExample\src\test\resources
2025-02-24 09:38:44,109 [Worker-42: Building] INFO  o.a.m.s.f.DefaultMavenResourcesFiltering - Copying 0 resource from src\main\resources to target\classes
2025-02-24 09:38:44,110 [Worker-42: Building] INFO  o.a.m.s.f.DefaultMavenResourcesFiltering - Copying 1 resource from src\main\resources to target\classes
2025-02-24 09:38:44,117 [Worker-42: Building] INFO  o.a.m.s.f.DefaultMavenResourcesFiltering - skip non existing resourceDirectory E:\PJ\Eclipse\SpringBoot_FullExample\src\test\resources
2025-02-24 09:39:44,788 [Worker-41: Building] INFO  o.a.m.s.f.DefaultMavenResourcesFiltering - Copying 0 resource from src\main\resources to target\classes
2025-02-24 09:39:44,789 [Worker-41: Building] INFO  o.a.m.s.f.DefaultMavenResourcesFiltering - Copying 1 resource from src\main\resources to target\classes
2025-02-24 09:39:44,791 [Worker-41: Building] INFO  o.a.m.s.f.DefaultMavenResourcesFiltering - skip non existing resourceDirectory E:\PJ\Eclipse\SpringBoot_FullExample\src\test\resources
2025-02-24 09:39:48,403 [Worker-42: Building] INFO  o.a.m.s.f.DefaultMavenResourcesFiltering - Copying 0 resource from src\main\resources to target\classes
2025-02-24 09:39:48,403 [Worker-42: Building] INFO  o.a.m.s.f.DefaultMavenResourcesFiltering - Copying 1 resource from src\main\resources to target\classes
2025-02-24 09:39:48,405 [Worker-42: Building] INFO  o.a.m.s.f.DefaultMavenResourcesFiltering - skip non existing resourceDirectory E:\PJ\Eclipse\SpringBoot_FullExample\src\test\resources
2025-02-24 09:40:58,746 [Worker-43: Building] INFO  o.a.m.s.f.DefaultMavenResourcesFiltering - Copying 0 resource from src\main\resources to target\classes
2025-02-24 09:40:58,747 [Worker-43: Building] INFO  o.a.m.s.f.DefaultMavenResourcesFiltering - Copying 0 resource from src\main\resources to target\classes
2025-02-24 09:40:58,748 [Worker-43: Building] INFO  o.a.m.s.f.DefaultMavenResourcesFiltering - skip non existing resourceDirectory E:\PJ\Eclipse\SpringBoot_FullExample\src\test\resources
2025-02-24 09:41:15,732 [Worker-41: Building] INFO  o.a.m.s.f.DefaultMavenResourcesFiltering - Copying 0 resource from src\main\resources to target\classes
2025-02-24 09:41:15,733 [Worker-41: Building] INFO  o.a.m.s.f.DefaultMavenResourcesFiltering - Copying 0 resource from src\main\resources to target\classes
2025-02-24 09:41:15,734 [Worker-41: Building] INFO  o.a.m.s.f.DefaultMavenResourcesFiltering - skip non existing resourceDirectory E:\PJ\Eclipse\SpringBoot_FullExample\src\test\resources
2025-02-24 09:41:40,522 [Worker-42: Building] INFO  o.a.m.s.f.DefaultMavenResourcesFiltering - Copying 0 resource from src\main\resources to target\classes
2025-02-24 09:41:40,523 [Worker-42: Building] INFO  o.a.m.s.f.DefaultMavenResourcesFiltering - Copying 0 resource from src\main\resources to target\classes
2025-02-24 09:41:40,524 [Worker-42: Building] INFO  o.a.m.s.f.DefaultMavenResourcesFiltering - skip non existing resourceDirectory E:\PJ\Eclipse\SpringBoot_FullExample\src\test\resources
2025-02-24 09:42:07,839 [Worker-44: Building] INFO  o.a.m.s.f.DefaultMavenResourcesFiltering - Copying 0 resource from src\main\resources to target\classes
2025-02-24 09:42:07,839 [Worker-44: Building] INFO  o.a.m.s.f.DefaultMavenResourcesFiltering - Copying 0 resource from src\main\resources to target\classes
2025-02-24 09:42:07,841 [Worker-44: Building] INFO  o.a.m.s.f.DefaultMavenResourcesFiltering - skip non existing resourceDirectory E:\PJ\Eclipse\SpringBoot_FullExample\src\test\resources
2025-02-24 09:43:15,113 [Worker-42: Building] INFO  o.a.m.s.f.DefaultMavenResourcesFiltering - Copying 0 resource from src\main\resources to target\classes
2025-02-24 09:43:15,115 [Worker-42: Building] INFO  o.a.m.s.f.DefaultMavenResourcesFiltering - Copying 0 resource from src\main\resources to target\classes
2025-02-24 09:43:15,116 [Worker-42: Building] INFO  o.a.m.s.f.DefaultMavenResourcesFiltering - skip non existing resourceDirectory E:\PJ\Eclipse\SpringBoot_FullExample\src\test\resources
2025-02-24 09:44:01,478 [Worker-38: Building] INFO  o.a.m.s.f.DefaultMavenResourcesFiltering - Copying 0 resource from src\main\resources to target\classes
2025-02-24 09:44:01,478 [Worker-38: Building] INFO  o.a.m.s.f.DefaultMavenResourcesFiltering - Copying 0 resource from src\main\resources to target\classes
2025-02-24 09:44:01,480 [Worker-38: Building] INFO  o.a.m.s.f.DefaultMavenResourcesFiltering - skip non existing resourceDirectory E:\PJ\Eclipse\SpringBoot_FullExample\src\test\resources
2025-02-24 09:44:17,743 [Worker-42: Building] INFO  o.a.m.s.f.DefaultMavenResourcesFiltering - Copying 0 resource from src\main\resources to target\classes
2025-02-24 09:44:17,743 [Worker-42: Building] INFO  o.a.m.s.f.DefaultMavenResourcesFiltering - Copying 0 resource from src\main\resources to target\classes
2025-02-24 09:44:17,744 [Worker-42: Building] INFO  o.a.m.s.f.DefaultMavenResourcesFiltering - skip non existing resourceDirectory E:\PJ\Eclipse\SpringBoot_FullExample\src\test\resources
2025-02-24 09:46:50,089 [Worker-38: Building] INFO  o.a.m.s.f.DefaultMavenResourcesFiltering - Copying 1 resource from src\main\resources to target\classes
2025-02-24 09:46:50,096 [Worker-38: Building] INFO  o.a.m.s.f.DefaultMavenResourcesFiltering - Copying 0 resource from src\main\resources to target\classes
2025-02-24 09:46:50,098 [Worker-38: Building] INFO  o.a.m.s.f.DefaultMavenResourcesFiltering - skip non existing resourceDirectory E:\PJ\Eclipse\SpringBoot_FullExample\src\test\resources
2025-02-24 09:49:58,038 [Worker-44: Building] INFO  o.a.m.s.f.DefaultMavenResourcesFiltering - Copying 0 resource from src\main\resources to target\classes
2025-02-24 09:49:58,038 [Worker-44: Building] INFO  o.a.m.s.f.DefaultMavenResourcesFiltering - Copying 0 resource from src\main\resources to target\classes
2025-02-24 09:49:58,039 [Worker-44: Building] INFO  o.a.m.s.f.DefaultMavenResourcesFiltering - skip non existing resourceDirectory E:\PJ\Eclipse\SpringBoot_FullExample\src\test\resources
2025-02-24 09:50:09,411 [Worker-42: Building] INFO  o.a.m.s.f.DefaultMavenResourcesFiltering - Copying 0 resource from src\main\resources to target\classes
2025-02-24 09:50:09,411 [Worker-42: Building] INFO  o.a.m.s.f.DefaultMavenResourcesFiltering - Copying 0 resource from src\main\resources to target\classes
2025-02-24 09:50:09,412 [Worker-42: Building] INFO  o.a.m.s.f.DefaultMavenResourcesFiltering - skip non existing resourceDirectory E:\PJ\Eclipse\SpringBoot_FullExample\src\test\resources
2025-02-24 09:50:14,820 [Worker-42: Building] INFO  o.a.m.s.f.DefaultMavenResourcesFiltering - Copying 0 resource from src\main\resources to target\classes
2025-02-24 09:50:14,820 [Worker-42: Building] INFO  o.a.m.s.f.DefaultMavenResourcesFiltering - Copying 0 resource from src\main\resources to target\classes
2025-02-24 09:50:14,821 [Worker-42: Building] INFO  o.a.m.s.f.DefaultMavenResourcesFiltering - skip non existing resourceDirectory E:\PJ\Eclipse\SpringBoot_FullExample\src\test\resources
2025-02-24 09:51:46,261 [Worker-42: Building] INFO  o.e.m.c.i.l.LifecycleMappingFactory - Using org.eclipse.m2e.jdt.JarLifecycleMapping lifecycle mapping for MavenProject: com.example:SpringBoot_FullExample:0.0.1-SNAPSHOT @ E:\PJ\Eclipse\SpringBoot_FullExample\pom.xml.
2025-02-24 09:51:46,624 [Worker-42: Building] INFO  o.a.m.s.f.DefaultMavenResourcesFiltering - Copying 0 resource from src\main\resources to target\classes
2025-02-24 09:51:46,625 [Worker-42: Building] INFO  o.a.m.s.f.DefaultMavenResourcesFiltering - Copying 0 resource from src\main\resources to target\classes
2025-02-24 09:51:46,628 [Worker-42: Building] INFO  o.a.m.s.f.DefaultMavenResourcesFiltering - skip non existing resourceDirectory E:\PJ\Eclipse\SpringBoot_FullExample\src\test\resources
2025-02-24 09:52:56,102 [Worker-44: Building] INFO  o.e.m.c.i.l.LifecycleMappingFactory - Using org.eclipse.m2e.jdt.JarLifecycleMapping lifecycle mapping for MavenProject: com.example:SpringBoot_FullExample:0.0.1-SNAPSHOT @ E:\PJ\Eclipse\SpringBoot_FullExample\pom.xml.
2025-02-24 09:52:56,253 [Worker-44: Building] ERROR o.e.m.c.i.p.ProjectConfigurationManager - Could not read maven project
org.eclipse.core.runtime.CoreException: Could not read maven project
	at org.eclipse.m2e.core.internal.embedder.MavenImpl.lambda$4(MavenImpl.java:371)
	at org.eclipse.m2e.core.internal.embedder.MavenExecutionContext.executeBare(MavenExecutionContext.java:458)
	at org.eclipse.m2e.core.internal.embedder.MavenExecutionContext.execute(MavenExecutionContext.java:292)
	at org.eclipse.m2e.core.internal.embedder.MavenExecutionContext.execute(MavenExecutionContext.java:278)
	at org.eclipse.m2e.core.internal.embedder.MavenImpl.readProject(MavenImpl.java:361)
	at org.eclipse.m2e.mavenarchiver.internal.AbstractMavenArchiverConfigurator.lambda$4(AbstractMavenArchiverConfigurator.java:576)
	at org.eclipse.m2e.core.internal.embedder.MavenExecutionContext.executeBare(MavenExecutionContext.java:458)
	at org.eclipse.m2e.core.internal.embedder.MavenExecutionContext.execute(MavenExecutionContext.java:339)
	at org.eclipse.m2e.mavenarchiver.internal.AbstractMavenArchiverConfigurator.loadParentHierarchy(AbstractMavenArchiverConfigurator.java:568)
	at org.eclipse.m2e.mavenarchiver.internal.AbstractMavenArchiverConfigurator.generateManifest(AbstractMavenArchiverConfigurator.java:365)
	at org.eclipse.m2e.mavenarchiver.internal.AbstractMavenArchiverConfigurator.mavenProjectChanged(AbstractMavenArchiverConfigurator.java:228)
	at org.eclipse.m2e.mavenarchiver.internal.AbstractMavenArchiverConfigurator.mavenProjectChanged(AbstractMavenArchiverConfigurator.java:220)
	at org.eclipse.m2e.core.internal.project.ProjectConfigurationManager.mavenProjectChanged(ProjectConfigurationManager.java:885)
	at org.eclipse.m2e.core.internal.project.registry.ProjectRegistryManager.notifyProjectChangeListeners(ProjectRegistryManager.java:892)
	at org.eclipse.m2e.core.internal.project.registry.ProjectRegistryManager.applyMutableProjectRegistry(ProjectRegistryManager.java:1042)
	at org.eclipse.m2e.core.internal.project.registry.ProjectRegistryManager.refresh(ProjectRegistryManager.java:324)
	at org.eclipse.m2e.core.internal.builder.MavenBuilder$BuildMethod.getProjectFacade(MavenBuilder.java:146)
	at org.eclipse.m2e.core.internal.builder.MavenBuilder$BuildMethod.lambda$0(MavenBuilder.java:84)
	at org.eclipse.m2e.core.internal.embedder.MavenExecutionContext.executeBare(MavenExecutionContext.java:458)
	at org.eclipse.m2e.core.internal.embedder.MavenExecutionContext.execute(MavenExecutionContext.java:339)
	at org.eclipse.m2e.core.internal.embedder.MavenExecutionContext.execute(MavenExecutionContext.java:278)
	at org.eclipse.m2e.core.internal.builder.MavenBuilder$BuildMethod.execute(MavenBuilder.java:83)
	at org.eclipse.m2e.core.internal.builder.MavenBuilder.build(MavenBuilder.java:192)
	at org.eclipse.core.internal.events.BuildManager$2.run(BuildManager.java:1077)
	at org.eclipse.core.runtime.SafeRunner.run(SafeRunner.java:47)
	at org.eclipse.core.internal.events.BuildManager.basicBuild(BuildManager.java:296)
	at org.eclipse.core.internal.events.BuildManager.basicBuild(BuildManager.java:352)
	at org.eclipse.core.internal.events.BuildManager$1.run(BuildManager.java:441)
	at org.eclipse.core.runtime.SafeRunner.run(SafeRunner.java:47)
	at org.eclipse.core.internal.events.BuildManager.basicBuild(BuildManager.java:444)
	at org.eclipse.core.internal.events.BuildManager.basicBuildLoop(BuildManager.java:555)
	at org.eclipse.core.internal.events.BuildManager.basicBuildLoop(BuildManager.java:503)
	at org.eclipse.core.internal.events.BuildManager.build(BuildManager.java:585)
	at org.eclipse.core.internal.events.AutoBuildJob.doBuild(AutoBuildJob.java:207)
	at org.eclipse.core.internal.events.AutoBuildJob.run(AutoBuildJob.java:300)
	at org.eclipse.core.internal.jobs.Worker.run(Worker.java:63)
Caused by: org.apache.maven.project.ProjectBuildingException: 1 problem was encountered while building the effective model
[FATAL] Non-readable POM E:\PJ\Eclipse\SpringBoot_FullExample: E:\PJ\Eclipse\SpringBoot_FullExample (Access is denied) @ 
 for project  at E:\PJ\Eclipse\SpringBoot_FullExample
	at org.apache.maven.project.DefaultProjectBuilder.build(DefaultProjectBuilder.java:180)
	at org.apache.maven.project.DefaultProjectBuilder.build(DefaultProjectBuilder.java:123)
	at org.eclipse.m2e.core.internal.embedder.MavenImpl.lambda$4(MavenImpl.java:369)
	... 35 common frames omitted
Caused by: org.apache.maven.model.building.ModelBuildingException: 1 problem was encountered while building the effective model
[FATAL] Non-readable POM E:\PJ\Eclipse\SpringBoot_FullExample: E:\PJ\Eclipse\SpringBoot_FullExample (Access is denied) @ 

	at org.apache.maven.model.building.DefaultModelProblemCollector.newModelBuildingException(DefaultModelProblemCollector.java:176)
	at org.apache.maven.model.building.DefaultModelBuilder.readModel(DefaultModelBuilder.java:642)
	at org.apache.maven.model.building.DefaultModelBuilder.build(DefaultModelBuilder.java:262)
	at org.apache.maven.model.building.DefaultModelBuilder.build(DefaultModelBuilder.java:248)
	at org.apache.maven.project.DefaultProjectBuilder.build(DefaultProjectBuilder.java:176)
	... 37 common frames omitted
2025-02-24 09:53:09,294 [Worker-46: Building] INFO  o.e.m.c.i.l.LifecycleMappingFactory - Using org.eclipse.m2e.jdt.JarLifecycleMapping lifecycle mapping for MavenProject: com.example:SpringBoot_FullExample:0.0.1-SNAPSHOT @ E:\PJ\Eclipse\SpringBoot_FullExample\pom.xml.
2025-02-24 09:53:09,675 [Worker-46: Building] INFO  o.a.m.s.f.DefaultMavenResourcesFiltering - Copying 0 resource from src\main\resources to target\classes
2025-02-24 09:53:09,676 [Worker-46: Building] INFO  o.a.m.s.f.DefaultMavenResourcesFiltering - Copying 0 resource from src\main\resources to target\classes
2025-02-24 09:53:09,679 [Worker-46: Building] INFO  o.a.m.s.f.DefaultMavenResourcesFiltering - skip non existing resourceDirectory E:\PJ\Eclipse\SpringBoot_FullExample\src\test\resources
2025-02-24 09:53:10,724 [Worker-46: Building] INFO  o.a.m.s.f.DefaultMavenResourcesFiltering - Copying 1 resource from src\main\resources to target\classes
2025-02-24 09:53:10,735 [Worker-46: Building] INFO  o.a.m.s.f.DefaultMavenResourcesFiltering - Copying 1 resource from src\main\resources to target\classes
2025-02-24 09:53:10,738 [Worker-46: Building] INFO  o.a.m.s.f.DefaultMavenResourcesFiltering - skip non existing resourceDirectory E:\PJ\Eclipse\SpringBoot_FullExample\src\test\resources
2025-02-24 09:54:16,011 [Worker-48: Building] INFO  o.a.m.s.f.DefaultMavenResourcesFiltering - Copying 0 resource from src\main\resources to target\classes
2025-02-24 09:54:16,012 [Worker-48: Building] INFO  o.a.m.s.f.DefaultMavenResourcesFiltering - Copying 0 resource from src\main\resources to target\classes
2025-02-24 09:54:16,013 [Worker-48: Building] INFO  o.a.m.s.f.DefaultMavenResourcesFiltering - skip non existing resourceDirectory E:\PJ\Eclipse\SpringBoot_FullExample\src\test\resources
2025-02-24 09:54:32,321 [Worker-42: Building] INFO  o.a.m.s.f.DefaultMavenResourcesFiltering - Copying 0 resource from src\main\resources to target\classes
2025-02-24 09:54:32,321 [Worker-42: Building] INFO  o.a.m.s.f.DefaultMavenResourcesFiltering - Copying 0 resource from src\main\resources to target\classes
2025-02-24 09:54:32,322 [Worker-42: Building] INFO  o.a.m.s.f.DefaultMavenResourcesFiltering - skip non existing resourceDirectory E:\PJ\Eclipse\SpringBoot_FullExample\src\test\resources
2025-02-24 09:54:47,314 [Worker-47: Building] INFO  o.a.m.s.f.DefaultMavenResourcesFiltering - Copying 0 resource from src\main\resources to target\classes
2025-02-24 09:54:47,314 [Worker-47: Building] INFO  o.a.m.s.f.DefaultMavenResourcesFiltering - Copying 0 resource from src\main\resources to target\classes
2025-02-24 09:54:47,316 [Worker-47: Building] INFO  o.a.m.s.f.DefaultMavenResourcesFiltering - skip non existing resourceDirectory E:\PJ\Eclipse\SpringBoot_FullExample\src\test\resources
2025-02-24 09:55:37,879 [Worker-49: Building] INFO  o.e.m.c.i.l.LifecycleMappingFactory - Using org.eclipse.m2e.jdt.JarLifecycleMapping lifecycle mapping for MavenProject: com.example:SpringBoot_FullExample:0.0.1-SNAPSHOT @ E:\PJ\Eclipse\SpringBoot_FullExample\pom.xml.
2025-02-24 09:55:38,200 [Worker-49: Building] INFO  o.a.m.s.f.DefaultMavenResourcesFiltering - Copying 0 resource from src\main\resources to target\classes
2025-02-24 09:55:38,200 [Worker-49: Building] INFO  o.a.m.s.f.DefaultMavenResourcesFiltering - Copying 0 resource from src\main\resources to target\classes
2025-02-24 09:55:38,203 [Worker-49: Building] INFO  o.a.m.s.f.DefaultMavenResourcesFiltering - skip non existing resourceDirectory E:\PJ\Eclipse\SpringBoot_FullExample\src\test\resources
2025-02-24 09:55:39,494 [Worker-44: Building] INFO  o.e.m.c.i.l.LifecycleMappingFactory - Using org.eclipse.m2e.jdt.JarLifecycleMapping lifecycle mapping for MavenProject: com.example:SpringBoot_FullExample:0.0.1-SNAPSHOT @ E:\PJ\Eclipse\SpringBoot_FullExample\pom.xml.
2025-02-24 09:55:39,766 [Worker-44: Building] INFO  o.a.m.s.f.DefaultMavenResourcesFiltering - Copying 0 resource from src\main\resources to target\classes
2025-02-24 09:55:39,766 [Worker-44: Building] INFO  o.a.m.s.f.DefaultMavenResourcesFiltering - Copying 0 resource from src\main\resources to target\classes
2025-02-24 09:55:39,769 [Worker-44: Building] INFO  o.a.m.s.f.DefaultMavenResourcesFiltering - skip non existing resourceDirectory E:\PJ\Eclipse\SpringBoot_FullExample\src\test\resources
2025-02-24 09:56:33,693 [Worker-49: Building] INFO  o.e.m.c.i.l.LifecycleMappingFactory - Using org.eclipse.m2e.jdt.JarLifecycleMapping lifecycle mapping for MavenProject: com.example:SpringBoot_FullExample:0.0.1-SNAPSHOT @ E:\PJ\Eclipse\SpringBoot_FullExample\pom.xml.
2025-02-24 09:56:34,051 [Worker-49: Building] INFO  o.a.m.s.f.DefaultMavenResourcesFiltering - Copying 0 resource from src\main\resources to target\classes
2025-02-24 09:56:34,051 [Worker-49: Building] INFO  o.a.m.s.f.DefaultMavenResourcesFiltering - Copying 0 resource from src\main\resources to target\classes
2025-02-24 09:56:34,054 [Worker-49: Building] INFO  o.a.m.s.f.DefaultMavenResourcesFiltering - skip non existing resourceDirectory E:\PJ\Eclipse\SpringBoot_FullExample\src\test\resources
2025-02-24 09:56:35,235 [Worker-47: Building] INFO  o.a.m.s.f.DefaultMavenResourcesFiltering - Copying 1 resource from src\main\resources to target\classes
2025-02-24 09:56:35,242 [Worker-47: Building] INFO  o.a.m.s.f.DefaultMavenResourcesFiltering - Copying 1 resource from src\main\resources to target\classes
2025-02-24 09:56:35,245 [Worker-47: Building] INFO  o.a.m.s.f.DefaultMavenResourcesFiltering - skip non existing resourceDirectory E:\PJ\Eclipse\SpringBoot_FullExample\src\test\resources
2025-02-24 09:57:13,206 [Worker-48: Building] INFO  o.a.m.s.f.DefaultMavenResourcesFiltering - Copying 0 resource from src\main\resources to target\classes
2025-02-24 09:57:13,206 [Worker-48: Building] INFO  o.a.m.s.f.DefaultMavenResourcesFiltering - Copying 1 resource from src\main\resources to target\classes
2025-02-24 09:57:13,208 [Worker-48: Building] INFO  o.a.m.s.f.DefaultMavenResourcesFiltering - skip non existing resourceDirectory E:\PJ\Eclipse\SpringBoot_FullExample\src\test\resources
2025-02-24 09:58:15,402 [Worker-47: Building] INFO  o.e.m.c.i.l.LifecycleMappingFactory - Using org.eclipse.m2e.jdt.JarLifecycleMapping lifecycle mapping for MavenProject: com.example:SpringBoot_FullExample:0.0.1-SNAPSHOT @ E:\PJ\Eclipse\SpringBoot_FullExample\pom.xml.
2025-02-24 09:58:15,737 [Worker-47: Building] INFO  o.a.m.s.f.DefaultMavenResourcesFiltering - Copying 1 resource from src\main\resources to target\classes
2025-02-24 09:58:15,749 [Worker-47: Building] INFO  o.a.m.s.f.DefaultMavenResourcesFiltering - Copying 1 resource from src\main\resources to target\classes
2025-02-24 09:58:15,753 [Worker-47: Building] INFO  o.a.m.s.f.DefaultMavenResourcesFiltering - skip non existing resourceDirectory E:\PJ\Eclipse\SpringBoot_FullExample\src\test\resources
2025-02-24 09:58:16,842 [Worker-42: Building] INFO  o.a.m.s.f.DefaultMavenResourcesFiltering - Copying 1 resource from src\main\resources to target\classes
2025-02-24 09:58:16,847 [Worker-42: Building] INFO  o.a.m.s.f.DefaultMavenResourcesFiltering - Copying 1 resource from src\main\resources to target\classes
2025-02-24 09:58:16,850 [Worker-42: Building] INFO  o.a.m.s.f.DefaultMavenResourcesFiltering - skip non existing resourceDirectory E:\PJ\Eclipse\SpringBoot_FullExample\src\test\resources
2025-02-24 09:59:21,575 [Worker-42: Building] INFO  o.a.m.s.f.DefaultMavenResourcesFiltering - Copying 0 resource from src\main\resources to target\classes
2025-02-24 09:59:21,576 [Worker-42: Building] INFO  o.a.m.s.f.DefaultMavenResourcesFiltering - Copying 0 resource from src\main\resources to target\classes
2025-02-24 09:59:21,578 [Worker-42: Building] INFO  o.a.m.s.f.DefaultMavenResourcesFiltering - skip non existing resourceDirectory E:\PJ\Eclipse\SpringBoot_FullExample\src\test\resources
2025-02-24 10:01:16,283 [Worker-5: Loading available Gradle versions] INFO  o.e.b.c.i.u.g.PublishedGradleVersions - Gradle version information cache is up-to-date. Trying to read.
2025-02-24 10:02:08,461 [Worker-11: Building] INFO  o.a.m.s.f.DefaultMavenResourcesFiltering - Copying 1 resource from src\main\resources to target\classes
2025-02-24 10:02:08,475 [Worker-11: Building] INFO  o.a.m.s.f.DefaultMavenResourcesFiltering - Copying 0 resource from src\main\resources to target\classes
2025-02-24 10:02:08,481 [Worker-11: Building] INFO  o.a.m.s.f.DefaultMavenResourcesFiltering - skip non existing resourceDirectory E:\PJ\Eclipse\SpringBoot_FullExample\src\test\resources
2025-02-24 10:02:57,171 [Worker-30: Building] INFO  o.a.m.s.f.DefaultMavenResourcesFiltering - Copying 0 resource from src\main\resources to target\classes
2025-02-24 10:02:57,171 [Worker-30: Building] INFO  o.a.m.s.f.DefaultMavenResourcesFiltering - Copying 0 resource from src\main\resources to target\classes
2025-02-24 10:02:57,174 [Worker-30: Building] INFO  o.a.m.s.f.DefaultMavenResourcesFiltering - skip non existing resourceDirectory E:\PJ\Eclipse\SpringBoot_FullExample\src\test\resources
2025-02-24 10:04:41,716 [Worker-12: Building] INFO  o.e.m.c.i.l.LifecycleMappingFactory - Using org.eclipse.m2e.jdt.JarLifecycleMapping lifecycle mapping for MavenProject: com.example:SpringBoot_FullExample:0.0.1-SNAPSHOT @ E:\PJ\Eclipse\SpringBoot_FullExample\pom.xml.
2025-02-24 10:04:42,033 [Worker-12: Building] INFO  o.a.m.s.f.DefaultMavenResourcesFiltering - Copying 0 resource from src\main\resources to target\classes
2025-02-24 10:04:42,033 [Worker-12: Building] INFO  o.a.m.s.f.DefaultMavenResourcesFiltering - Copying 0 resource from src\main\resources to target\classes
2025-02-24 10:04:42,037 [Worker-12: Building] INFO  o.a.m.s.f.DefaultMavenResourcesFiltering - skip non existing resourceDirectory E:\PJ\Eclipse\SpringBoot_FullExample\src\test\resources
2025-02-24 10:04:43,100 [Worker-15: Building] INFO  o.a.m.s.f.DefaultMavenResourcesFiltering - Copying 1 resource from src\main\resources to target\classes
2025-02-24 10:04:43,110 [Worker-15: Building] INFO  o.a.m.s.f.DefaultMavenResourcesFiltering - Copying 0 resource from src\main\resources to target\classes
2025-02-24 10:04:43,113 [Worker-15: Building] INFO  o.a.m.s.f.DefaultMavenResourcesFiltering - skip non existing resourceDirectory E:\PJ\Eclipse\SpringBoot_FullExample\src\test\resources
2025-02-24 10:05:53,925 [Worker-0: Building] INFO  o.e.m.c.i.l.LifecycleMappingFactory - Using org.eclipse.m2e.jdt.JarLifecycleMapping lifecycle mapping for MavenProject: com.example:SpringBoot_FullExample:0.0.1-SNAPSHOT @ E:\PJ\Eclipse\SpringBoot_FullExample\pom.xml.
2025-02-24 10:05:54,223 [Worker-0: Building] INFO  o.a.m.s.f.DefaultMavenResourcesFiltering - Copying 0 resource from src\main\resources to target\classes
2025-02-24 10:05:54,223 [Worker-0: Building] INFO  o.a.m.s.f.DefaultMavenResourcesFiltering - Copying 0 resource from src\main\resources to target\classes
2025-02-24 10:05:54,227 [Worker-0: Building] INFO  o.a.m.s.f.DefaultMavenResourcesFiltering - skip non existing resourceDirectory E:\PJ\Eclipse\SpringBoot_FullExample\src\test\resources
2025-02-24 10:05:55,279 [Worker-15: Building] INFO  o.a.m.s.f.DefaultMavenResourcesFiltering - Copying 1 resource from src\main\resources to target\classes
2025-02-24 10:05:55,287 [Worker-15: Building] INFO  o.a.m.s.f.DefaultMavenResourcesFiltering - Copying 0 resource from src\main\resources to target\classes
2025-02-24 10:05:55,289 [Worker-15: Building] INFO  o.a.m.s.f.DefaultMavenResourcesFiltering - skip non existing resourceDirectory E:\PJ\Eclipse\SpringBoot_FullExample\src\test\resources
2025-02-24 10:06:09,615 [Worker-9: Building] INFO  o.a.m.s.f.DefaultMavenResourcesFiltering - Copying 0 resource from src\main\resources to target\classes
2025-02-24 10:06:09,616 [Worker-9: Building] INFO  o.a.m.s.f.DefaultMavenResourcesFiltering - Copying 0 resource from src\main\resources to target\classes
2025-02-24 10:06:09,618 [Worker-9: Building] INFO  o.a.m.s.f.DefaultMavenResourcesFiltering - skip non existing resourceDirectory E:\PJ\Eclipse\SpringBoot_FullExample\src\test\resources
2025-02-24 10:08:07,439 [Worker-9: Building] INFO  o.e.m.c.i.l.LifecycleMappingFactory - Using org.eclipse.m2e.jdt.JarLifecycleMapping lifecycle mapping for MavenProject: com.example:SpringBoot_FullExample:0.0.1-SNAPSHOT @ E:\PJ\Eclipse\SpringBoot_FullExample\pom.xml.
2025-02-24 10:08:07,691 [Worker-9: Building] INFO  o.a.m.s.f.DefaultMavenResourcesFiltering - Copying 0 resource from src\main\resources to target\classes
2025-02-24 10:08:07,692 [Worker-9: Building] INFO  o.a.m.s.f.DefaultMavenResourcesFiltering - Copying 0 resource from src\main\resources to target\classes
2025-02-24 10:08:07,695 [Worker-9: Building] INFO  o.a.m.s.f.DefaultMavenResourcesFiltering - skip non existing resourceDirectory E:\PJ\Eclipse\SpringBoot_FullExample\src\test\resources
2025-02-24 10:08:53,543 [Worker-9: Building] INFO  o.e.m.c.i.l.LifecycleMappingFactory - Using org.eclipse.m2e.jdt.JarLifecycleMapping lifecycle mapping for MavenProject: com.example:SpringBoot_FullExample:0.0.1-SNAPSHOT @ E:\PJ\Eclipse\SpringBoot_FullExample\pom.xml.
2025-02-24 10:08:53,880 [Worker-9: Building] INFO  o.a.m.s.f.DefaultMavenResourcesFiltering - Copying 1 resource from src\main\resources to target\classes
2025-02-24 10:08:53,893 [Worker-9: Building] INFO  o.a.m.s.f.DefaultMavenResourcesFiltering - Copying 0 resource from src\main\resources to target\classes
2025-02-24 10:08:53,896 [Worker-9: Building] INFO  o.a.m.s.f.DefaultMavenResourcesFiltering - skip non existing resourceDirectory E:\PJ\Eclipse\SpringBoot_FullExample\src\test\resources
2025-02-24 10:08:55,091 [Worker-0: Building] INFO  o.a.m.s.f.DefaultMavenResourcesFiltering - Copying 1 resource from src\main\resources to target\classes
2025-02-24 10:08:55,096 [Worker-0: Building] INFO  o.a.m.s.f.DefaultMavenResourcesFiltering - Copying 0 resource from src\main\resources to target\classes
2025-02-24 10:08:55,098 [Worker-0: Building] INFO  o.a.m.s.f.DefaultMavenResourcesFiltering - skip non existing resourceDirectory E:\PJ\Eclipse\SpringBoot_FullExample\src\test\resources
2025-02-24 10:11:56,729 [Worker-1: Building] INFO  o.e.m.c.i.l.LifecycleMappingFactory - Using org.eclipse.m2e.jdt.JarLifecycleMapping lifecycle mapping for MavenProject: com.example:SpringBoot_FullExample:0.0.1-SNAPSHOT @ E:\PJ\Eclipse\SpringBoot_FullExample\pom.xml.
2025-02-24 10:11:57,053 [Worker-1: Building] INFO  o.a.m.s.f.DefaultMavenResourcesFiltering - Copying 0 resource from src\main\resources to target\classes
2025-02-24 10:11:57,053 [Worker-1: Building] INFO  o.a.m.s.f.DefaultMavenResourcesFiltering - Copying 0 resource from src\main\resources to target\classes
2025-02-24 10:11:57,056 [Worker-1: Building] INFO  o.a.m.s.f.DefaultMavenResourcesFiltering - skip non existing resourceDirectory E:\PJ\Eclipse\SpringBoot_FullExample\src\test\resources
2025-02-24 10:13:17,462 [Worker-0: Building] INFO  o.e.m.c.i.l.LifecycleMappingFactory - Using org.eclipse.m2e.jdt.JarLifecycleMapping lifecycle mapping for MavenProject: com.example:SpringBoot_FullExample:0.0.1-SNAPSHOT @ E:\PJ\Eclipse\SpringBoot_FullExample\pom.xml.
2025-02-24 10:13:17,756 [Worker-0: Building] INFO  o.a.m.s.f.DefaultMavenResourcesFiltering - Copying 1 resource from src\main\resources to target\classes
2025-02-24 10:13:17,766 [Worker-0: Building] INFO  o.a.m.s.f.DefaultMavenResourcesFiltering - Copying 0 resource from src\main\resources to target\classes
2025-02-24 10:13:17,769 [Worker-0: Building] INFO  o.a.m.s.f.DefaultMavenResourcesFiltering - skip non existing resourceDirectory E:\PJ\Eclipse\SpringBoot_FullExample\src\test\resources
2025-02-24 10:13:18,829 [Worker-0: Building] INFO  o.a.m.s.f.DefaultMavenResourcesFiltering - Copying 1 resource from src\main\resources to target\classes
2025-02-24 10:13:18,832 [Worker-0: Building] INFO  o.a.m.s.f.DefaultMavenResourcesFiltering - Copying 0 resource from src\main\resources to target\classes
2025-02-24 10:13:18,834 [Worker-0: Building] INFO  o.a.m.s.f.DefaultMavenResourcesFiltering - skip non existing resourceDirectory E:\PJ\Eclipse\SpringBoot_FullExample\src\test\resources
2025-02-24 10:15:28,074 [Worker-15: Building] INFO  o.e.m.c.i.l.LifecycleMappingFactory - Using org.eclipse.m2e.jdt.JarLifecycleMapping lifecycle mapping for MavenProject: com.example:SpringBoot_FullExample:0.0.1-SNAPSHOT @ E:\PJ\Eclipse\SpringBoot_FullExample\pom.xml.
2025-02-24 10:15:28,374 [Worker-15: Building] INFO  o.a.m.s.f.DefaultMavenResourcesFiltering - Copying 0 resource from src\main\resources to target\classes
2025-02-24 10:15:28,374 [Worker-15: Building] INFO  o.a.m.s.f.DefaultMavenResourcesFiltering - Copying 0 resource from src\main\resources to target\classes
2025-02-24 10:15:28,377 [Worker-15: Building] INFO  o.a.m.s.f.DefaultMavenResourcesFiltering - skip non existing resourceDirectory E:\PJ\Eclipse\SpringBoot_FullExample\src\test\resources
2025-02-24 10:15:29,481 [Worker-31: Building] INFO  o.a.m.s.f.DefaultMavenResourcesFiltering - Copying 1 resource from src\main\resources to target\classes
2025-02-24 10:15:29,493 [Worker-31: Building] INFO  o.a.m.s.f.DefaultMavenResourcesFiltering - Copying 0 resource from src\main\resources to target\classes
2025-02-24 10:15:29,495 [Worker-31: Building] INFO  o.a.m.s.f.DefaultMavenResourcesFiltering - skip non existing resourceDirectory E:\PJ\Eclipse\SpringBoot_FullExample\src\test\resources
2025-02-24 10:15:58,962 [Worker-1: Building] INFO  o.e.m.c.i.l.LifecycleMappingFactory - Using org.eclipse.m2e.jdt.JarLifecycleMapping lifecycle mapping for MavenProject: com.example:SpringBoot_FullExample:0.0.1-SNAPSHOT @ E:\PJ\Eclipse\SpringBoot_FullExample\pom.xml.
2025-02-24 10:15:59,247 [Worker-1: Building] INFO  o.a.m.s.f.DefaultMavenResourcesFiltering - Copying 0 resource from src\main\resources to target\classes
2025-02-24 10:15:59,247 [Worker-1: Building] INFO  o.a.m.s.f.DefaultMavenResourcesFiltering - Copying 0 resource from src\main\resources to target\classes
2025-02-24 10:15:59,250 [Worker-1: Building] INFO  o.a.m.s.f.DefaultMavenResourcesFiltering - skip non existing resourceDirectory E:\PJ\Eclipse\SpringBoot_FullExample\src\test\resources
2025-02-24 10:16:00,354 [Worker-31: Building] INFO  o.a.m.s.f.DefaultMavenResourcesFiltering - Copying 1 resource from src\main\resources to target\classes
2025-02-24 10:16:00,366 [Worker-31: Building] INFO  o.a.m.s.f.DefaultMavenResourcesFiltering - Copying 0 resource from src\main\resources to target\classes
2025-02-24 10:16:00,368 [Worker-31: Building] INFO  o.a.m.s.f.DefaultMavenResourcesFiltering - skip non existing resourceDirectory E:\PJ\Eclipse\SpringBoot_FullExample\src\test\resources
2025-02-24 10:18:59,046 [Worker-32: Building] INFO  o.a.m.s.f.DefaultMavenResourcesFiltering - Copying 0 resource from src\main\resources to target\classes
2025-02-24 10:18:59,048 [Worker-32: Building] INFO  o.a.m.s.f.DefaultMavenResourcesFiltering - Copying 1 resource from src\main\resources to target\classes
2025-02-24 10:18:59,051 [Worker-32: Building] INFO  o.a.m.s.f.DefaultMavenResourcesFiltering - skip non existing resourceDirectory E:\PJ\Eclipse\SpringBoot_FullExample\src\test\resources
2025-02-24 10:19:29,562 [Worker-15: Building] INFO  o.a.m.s.f.DefaultMavenResourcesFiltering - Copying 0 resource from src\main\resources to target\classes
2025-02-24 10:19:29,563 [Worker-15: Building] INFO  o.a.m.s.f.DefaultMavenResourcesFiltering - Copying 1 resource from src\main\resources to target\classes
2025-02-24 10:19:29,565 [Worker-15: Building] INFO  o.a.m.s.f.DefaultMavenResourcesFiltering - skip non existing resourceDirectory E:\PJ\Eclipse\SpringBoot_FullExample\src\test\resources
2025-02-24 10:19:42,865 [Worker-15: Building] INFO  o.a.m.s.f.DefaultMavenResourcesFiltering - Copying 0 resource from src\main\resources to target\classes
2025-02-24 10:19:42,865 [Worker-15: Building] INFO  o.a.m.s.f.DefaultMavenResourcesFiltering - Copying 1 resource from src\main\resources to target\classes
2025-02-24 10:19:42,868 [Worker-15: Building] INFO  o.a.m.s.f.DefaultMavenResourcesFiltering - skip non existing resourceDirectory E:\PJ\Eclipse\SpringBoot_FullExample\src\test\resources
2025-02-24 10:24:07,748 [Worker-35: Building] INFO  o.a.m.s.f.DefaultMavenResourcesFiltering - Copying 0 resource from src\main\resources to target\classes
2025-02-24 10:24:07,748 [Worker-35: Building] INFO  o.a.m.s.f.DefaultMavenResourcesFiltering - Copying 1 resource from src\main\resources to target\classes
2025-02-24 10:24:07,751 [Worker-35: Building] INFO  o.a.m.s.f.DefaultMavenResourcesFiltering - skip non existing resourceDirectory E:\PJ\Eclipse\SpringBoot_FullExample\src\test\resources
2025-02-24 10:32:27,476 [Worker-35: Building] INFO  o.a.m.s.f.DefaultMavenResourcesFiltering - Copying 0 resource from src\main\resources to target\classes
2025-02-24 10:32:27,477 [Worker-35: Building] INFO  o.a.m.s.f.DefaultMavenResourcesFiltering - Copying 0 resource from src\main\resources to target\classes
2025-02-24 10:32:27,478 [Worker-35: Building] INFO  o.a.m.s.f.DefaultMavenResourcesFiltering - skip non existing resourceDirectory E:\PJ\Eclipse\SpringBoot_FullExample\src\test\resources
2025-02-24 10:33:53,356 [Worker-34: Building] INFO  o.a.m.s.f.DefaultMavenResourcesFiltering - Copying 1 resource from src\main\resources to target\classes
2025-02-24 10:33:53,362 [Worker-34: Building] INFO  o.a.m.s.f.DefaultMavenResourcesFiltering - Copying 0 resource from src\main\resources to target\classes
2025-02-24 10:33:53,363 [Worker-34: Building] INFO  o.a.m.s.f.DefaultMavenResourcesFiltering - skip non existing resourceDirectory E:\PJ\Eclipse\SpringBoot_FullExample\src\test\resources
2025-02-24 10:34:51,902 [Worker-34: Building] INFO  o.e.m.c.i.l.LifecycleMappingFactory - Using org.eclipse.m2e.jdt.JarLifecycleMapping lifecycle mapping for MavenProject: com.example:SpringBoot_FullExample:0.0.1-SNAPSHOT @ E:\PJ\Eclipse\SpringBoot_FullExample\pom.xml.
2025-02-24 10:34:52,236 [Worker-34: Building] INFO  o.a.m.s.f.DefaultMavenResourcesFiltering - Copying 0 resource from src\main\resources to target\classes
2025-02-24 10:34:52,236 [Worker-34: Building] INFO  o.a.m.s.f.DefaultMavenResourcesFiltering - Copying 0 resource from src\main\resources to target\classes
2025-02-24 10:34:52,238 [Worker-34: Building] INFO  o.a.m.s.f.DefaultMavenResourcesFiltering - skip non existing resourceDirectory E:\PJ\Eclipse\SpringBoot_FullExample\src\test\resources
2025-02-24 10:34:53,340 [Worker-35: Building] INFO  o.a.m.s.f.DefaultMavenResourcesFiltering - Copying 1 resource from src\main\resources to target\classes
2025-02-24 10:34:53,349 [Worker-35: Building] INFO  o.a.m.s.f.DefaultMavenResourcesFiltering - Copying 0 resource from src\main\resources to target\classes
2025-02-24 10:34:53,351 [Worker-35: Building] INFO  o.a.m.s.f.DefaultMavenResourcesFiltering - skip non existing resourceDirectory E:\PJ\Eclipse\SpringBoot_FullExample\src\test\resources
2025-02-24 10:37:57,685 [Worker-5: Loading available Gradle versions] INFO  o.e.b.c.i.u.g.PublishedGradleVersions - Gradle version information cache is up-to-date. Trying to read.
2025-02-24 10:39:21,689 [Worker-10: Building] INFO  o.a.m.s.f.DefaultMavenResourcesFiltering - Copying 1 resource from src\main\resources to target\classes
2025-02-24 10:39:21,702 [Worker-10: Building] INFO  o.a.m.s.f.DefaultMavenResourcesFiltering - Copying 0 resource from src\main\resources to target\classes
2025-02-24 10:39:21,705 [Worker-10: Building] INFO  o.a.m.s.f.DefaultMavenResourcesFiltering - skip non existing resourceDirectory E:\PJ\Eclipse\SpringBoot_FullExample\src\test\resources
2025-02-24 10:40:33,996 [Worker-22: Building] INFO  o.a.m.s.f.DefaultMavenResourcesFiltering - Copying 0 resource from src\main\resources to target\classes
2025-02-24 10:40:33,996 [Worker-22: Building] INFO  o.a.m.s.f.DefaultMavenResourcesFiltering - Copying 0 resource from src\main\resources to target\classes
2025-02-24 10:40:33,999 [Worker-22: Building] INFO  o.a.m.s.f.DefaultMavenResourcesFiltering - skip non existing resourceDirectory E:\PJ\Eclipse\SpringBoot_FullExample\src\test\resources
2025-02-24 10:41:31,343 [Worker-30: Building] INFO  o.a.m.s.f.DefaultMavenResourcesFiltering - Copying 0 resource from src\main\resources to target\classes
2025-02-24 10:41:31,343 [Worker-30: Building] INFO  o.a.m.s.f.DefaultMavenResourcesFiltering - Copying 0 resource from src\main\resources to target\classes
2025-02-24 10:41:31,345 [Worker-30: Building] INFO  o.a.m.s.f.DefaultMavenResourcesFiltering - skip non existing resourceDirectory E:\PJ\Eclipse\SpringBoot_FullExample\src\test\resources
2025-02-24 10:43:57,316 [Worker-9: Updating Maven Project] INFO  o.e.m.c.i.p.ProjectConfigurationManager - Update started
2025-02-24 10:43:57,750 [Worker-9: Updating Maven Project] INFO  o.e.m.c.i.l.LifecycleMappingFactory - Using org.eclipse.m2e.jdt.JarLifecycleMapping lifecycle mapping for MavenProject: com.example:SpringBoot_FullExample:0.0.1-SNAPSHOT @ E:\PJ\Eclipse\SpringBoot_FullExample\pom.xml.
2025-02-24 10:43:58,358 [Worker-9: Updating Maven Project] INFO  o.e.m.j.i.AbstractJavaProjectConfigurator - Adding source folder /SpringBoot_FullExample/src/main/java
2025-02-24 10:43:58,360 [Worker-9: Updating Maven Project] INFO  o.e.m.j.i.AbstractJavaProjectConfigurator - Adding resource folder /SpringBoot_FullExample/src/main/resources
2025-02-24 10:43:58,361 [Worker-9: Updating Maven Project] INFO  o.e.m.j.i.AbstractJavaProjectConfigurator - Adding resource folder /SpringBoot_FullExample/src/main/resources
2025-02-24 10:43:58,362 [Worker-9: Updating Maven Project] INFO  o.e.m.j.i.AbstractJavaProjectConfigurator - Adding source folder /SpringBoot_FullExample/src/test/java
2025-02-24 10:43:58,362 [Worker-9: Updating Maven Project] INFO  o.e.m.j.i.AbstractJavaProjectConfigurator - Adding resource folder /SpringBoot_FullExample/src/test/resources
2025-02-24 10:43:58,515 [Worker-9: Updating Maven Project] INFO  o.e.m.c.i.p.ProjectConfigurationManager - Update completed for 1 poms: local refresh takes 0.00 sec, refresh facades takes 0.00 sec, update config takes 0.00 sec 
2025-02-24 10:43:58,899 [Worker-9: Building] INFO  o.a.m.s.f.DefaultMavenResourcesFiltering - Copying 1 resource from src\main\resources to target\classes
2025-02-24 10:43:58,925 [Worker-9: Building] INFO  o.a.m.s.f.DefaultMavenResourcesFiltering - Copying 0 resource from src\main\resources to target\classes
2025-02-24 10:43:58,930 [Worker-9: Building] INFO  o.a.m.s.f.DefaultMavenResourcesFiltering - skip non existing resourceDirectory E:\PJ\Eclipse\SpringBoot_FullExample\src\test\resources
2025-02-24 10:51:22,214 [Worker-5: Loading available Gradle versions] INFO  o.e.b.c.i.u.g.PublishedGradleVersions - Gradle version information cache is up-to-date. Trying to read.
2025-02-24 10:52:25,057 [Worker-4: Building] INFO  o.a.m.s.f.DefaultMavenResourcesFiltering - Copying 1 resource from src\main\resources to target\classes
2025-02-24 10:52:25,069 [Worker-4: Building] INFO  o.a.m.s.f.DefaultMavenResourcesFiltering - Copying 0 resource from src\main\resources to target\classes
2025-02-24 10:52:25,072 [Worker-4: Building] INFO  o.a.m.s.f.DefaultMavenResourcesFiltering - skip non existing resourceDirectory E:\PJ\Eclipse\SpringBoot_FullExample\src\test\resources
2025-02-25 08:26:17,576 [Worker-8: Loading available Gradle versions] INFO  o.e.b.c.i.u.g.PublishedGradleVersions - Gradle version information cache is up-to-date. Trying to read.
2025-02-25 08:29:34,031 [Worker-6: Loading available Gradle versions] INFO  o.e.b.c.i.u.g.PublishedGradleVersions - Gradle version information cache is up-to-date. Trying to read.
2025-02-25 08:33:26,122 [Worker-13: Update Maven projects configuration] INFO  o.e.m.c.i.p.ProjectConfigurationManager - Update started
2025-02-25 08:33:28,072 [Worker-13: Update Maven projects configuration] INFO  o.e.m.c.i.l.LifecycleMappingFactory - Using org.eclipse.m2e.jdt.JarLifecycleMapping lifecycle mapping for MavenProject: com.example:demo:0.0.1-SNAPSHOT @ E:\PJ\Eclipse\demo-SpringBoot_Full_Example\demo-SpringBoot_Full_Example\pom.xml.
2025-02-25 08:33:29,845 [Worker-13: Update Maven projects configuration] INFO  o.e.m.j.i.AbstractJavaProjectConfigurator - Adding source folder /demo-SpringBoot_Full_Example/src/main/java
2025-02-25 08:33:29,847 [Worker-13: Update Maven projects configuration] INFO  o.e.m.j.i.AbstractJavaProjectConfigurator - Adding resource folder /demo-SpringBoot_Full_Example/src/main/resources
2025-02-25 08:33:29,858 [Worker-13: Update Maven projects configuration] INFO  o.e.m.j.i.AbstractJavaProjectConfigurator - Adding resource folder /demo-SpringBoot_Full_Example/src/main/resources
2025-02-25 08:33:29,868 [Worker-13: Update Maven projects configuration] INFO  o.e.m.j.i.AbstractJavaProjectConfigurator - Adding source folder /demo-SpringBoot_Full_Example/src/test/java
2025-02-25 08:33:29,869 [Worker-13: Update Maven projects configuration] INFO  o.e.m.j.i.AbstractJavaProjectConfigurator - Adding resource folder /demo-SpringBoot_Full_Example/src/test/resources
2025-02-25 08:33:30,113 [Worker-13: Update Maven projects configuration] INFO  o.e.m.c.i.p.ProjectConfigurationManager - Update completed for 1 poms: local refresh takes 0.00 sec, refresh facades takes 3.00 sec, update config takes 0.00 sec 
2025-02-25 08:33:30,378 [Worker-34: Building] WARN  o.a.m.s.f.DefaultMavenResourcesFiltering - Using platform encoding (UTF-8 actually) to copy filtered resources, i.e. build is platform dependent!
2025-02-25 08:33:30,382 [Worker-34: Building] INFO  o.a.m.s.f.DefaultMavenResourcesFiltering - Copying 0 resource from src\main\resources to target\classes
2025-02-25 08:33:30,385 [Worker-34: Building] WARN  o.a.m.s.f.DefaultMavenResourcesFiltering - Using platform encoding (UTF-8 actually) to copy filtered resources, i.e. build is platform dependent!
2025-02-25 08:33:30,385 [Worker-34: Building] INFO  o.a.m.s.f.DefaultMavenResourcesFiltering - Copying 0 resource from src\test\resources to target\test-classes
2025-02-25 08:33:31,068 [Worker-34: Building] INFO  o.a.m.s.f.DefaultMavenResourcesFiltering - Copying 1 resource from src\main\resources to target\classes
2025-02-25 08:33:31,089 [Worker-34: Building] INFO  o.a.m.s.f.DefaultMavenResourcesFiltering - Copying 0 resource from src\main\resources to target\classes
2025-02-25 08:33:31,093 [Worker-34: Building] INFO  o.a.m.s.f.DefaultMavenResourcesFiltering - skip non existing resourceDirectory E:\PJ\Eclipse\SpringBoot_FullExample\src\test\resources
2025-02-25 08:33:33,311 [Worker-34: Building] INFO  o.a.m.s.f.DefaultMavenResourcesFiltering - Copying 1 resource from src\main\resources to target\classes
2025-02-25 08:33:33,324 [Worker-34: Building] INFO  o.a.m.s.f.DefaultMavenResourcesFiltering - Copying 0 resource from src\main\resources to target\classes
2025-02-25 08:33:33,328 [Worker-34: Building] INFO  o.a.m.s.f.DefaultMavenResourcesFiltering - skip non existing resourceDirectory E:\PJ\Eclipse\demo\src\test\resources
2025-02-25 08:33:33,923 [Worker-34: Building] INFO  o.a.m.s.f.DefaultMavenResourcesFiltering - Copying 1 resource from src\main\resources to target\classes
2025-02-25 08:33:33,939 [Worker-34: Building] INFO  o.a.m.s.f.DefaultMavenResourcesFiltering - Copying 0 resource from src\main\resources to target\classes
2025-02-25 08:33:33,942 [Worker-34: Building] INFO  o.a.m.s.f.DefaultMavenResourcesFiltering - skip non existing resourceDirectory E:\PJ\Eclipse\demo-BuildingARESTfulWebService\demo-BuildingARESTfulWebService\src\test\resources
2025-02-25 08:33:35,069 [Worker-34: Building] INFO  o.a.m.s.f.DefaultMavenResourcesFiltering - Copying 1 resource from src\main\resources to target\classes
2025-02-25 08:33:35,085 [Worker-34: Building] INFO  o.a.m.s.f.DefaultMavenResourcesFiltering - Copying 0 resource from src\main\resources to target\classes
2025-02-25 08:33:35,091 [Worker-34: Building] INFO  o.a.m.s.f.DefaultMavenResourcesFiltering - skip non existing resourceDirectory E:\PJ\Eclipse\demo-BuildingAnApplication\demo-BuildingAnApplication\src\test\resources
2025-02-25 08:33:35,242 [Worker-34: Building] INFO  o.a.m.s.f.DefaultMavenResourcesFiltering - Copying 1 resource from src\main\resources to target\classes
2025-02-25 08:33:35,257 [Worker-34: Building] INFO  o.a.m.s.f.DefaultMavenResourcesFiltering - Copying 0 resource from src\main\resources to target\classes
2025-02-25 08:33:35,260 [Worker-34: Building] INFO  o.a.m.s.f.DefaultMavenResourcesFiltering - skip non existing resourceDirectory E:\PJ\Eclipse\demo-SpringBoot_Full_Example\demo-SpringBoot_Full_Example\src\test\resources
2025-02-25 08:35:03,256 [Worker-13: Building] INFO  o.e.m.c.i.l.LifecycleMappingFactory - Using org.eclipse.m2e.jdt.JarLifecycleMapping lifecycle mapping for MavenProject: com.example:demo:0.0.1-SNAPSHOT @ E:\PJ\Eclipse\demo-SpringBoot_Full_Example\demo-SpringBoot_Full_Example\pom.xml.
2025-02-25 08:35:03,699 [Worker-13: Building] INFO  o.a.m.s.f.DefaultMavenResourcesFiltering - Copying 0 resource from src\main\resources to target\classes
2025-02-25 08:35:03,700 [Worker-13: Building] INFO  o.a.m.s.f.DefaultMavenResourcesFiltering - Copying 0 resource from src\main\resources to target\classes
2025-02-25 08:35:03,703 [Worker-13: Building] INFO  o.a.m.s.f.DefaultMavenResourcesFiltering - skip non existing resourceDirectory E:\PJ\Eclipse\demo-SpringBoot_Full_Example\demo-SpringBoot_Full_Example\src\test\resources
2025-02-25 08:35:20,926 [Worker-32: Building] INFO  o.e.m.c.i.l.LifecycleMappingFactory - Using org.eclipse.m2e.jdt.JarLifecycleMapping lifecycle mapping for MavenProject: com.example:demo:0.0.1-SNAPSHOT @ E:\PJ\Eclipse\demo-SpringBoot_Full_Example\demo-SpringBoot_Full_Example\pom.xml.
2025-02-25 08:35:21,213 [Worker-32: Building] INFO  o.a.m.s.f.DefaultMavenResourcesFiltering - Copying 0 resource from src\main\resources to target\classes
2025-02-25 08:35:21,213 [Worker-32: Building] INFO  o.a.m.s.f.DefaultMavenResourcesFiltering - Copying 0 resource from src\main\resources to target\classes
2025-02-25 08:35:21,216 [Worker-32: Building] INFO  o.a.m.s.f.DefaultMavenResourcesFiltering - skip non existing resourceDirectory E:\PJ\Eclipse\demo-SpringBoot_Full_Example\demo-SpringBoot_Full_Example\src\test\resources
2025-02-25 08:35:34,947 [Worker-33: Building] INFO  o.e.m.c.i.l.LifecycleMappingFactory - Using org.eclipse.m2e.jdt.JarLifecycleMapping lifecycle mapping for MavenProject: com.example:demo:0.0.1-SNAPSHOT @ E:\PJ\Eclipse\demo-SpringBoot_Full_Example\demo-SpringBoot_Full_Example\pom.xml.
2025-02-25 08:35:35,309 [Worker-33: Building] INFO  o.a.m.s.f.DefaultMavenResourcesFiltering - Copying 0 resource from src\main\resources to target\classes
2025-02-25 08:35:35,310 [Worker-33: Building] INFO  o.a.m.s.f.DefaultMavenResourcesFiltering - Copying 0 resource from src\main\resources to target\classes
2025-02-25 08:35:35,313 [Worker-33: Building] INFO  o.a.m.s.f.DefaultMavenResourcesFiltering - skip non existing resourceDirectory E:\PJ\Eclipse\demo-SpringBoot_Full_Example\demo-SpringBoot_Full_Example\src\test\resources
2025-02-25 08:35:44,988 [Worker-34: Building] INFO  o.e.m.c.i.l.LifecycleMappingFactory - Using org.eclipse.m2e.jdt.JarLifecycleMapping lifecycle mapping for MavenProject: com.example:demo:0.0.1-SNAPSHOT @ E:\PJ\Eclipse\demo-SpringBoot_Full_Example\demo-SpringBoot_Full_Example\pom.xml.
2025-02-25 08:35:45,286 [Worker-34: Building] INFO  o.a.m.s.f.DefaultMavenResourcesFiltering - Copying 0 resource from src\main\resources to target\classes
2025-02-25 08:35:45,286 [Worker-34: Building] INFO  o.a.m.s.f.DefaultMavenResourcesFiltering - Copying 0 resource from src\main\resources to target\classes
2025-02-25 08:35:45,289 [Worker-34: Building] INFO  o.a.m.s.f.DefaultMavenResourcesFiltering - skip non existing resourceDirectory E:\PJ\Eclipse\demo-SpringBoot_Full_Example\demo-SpringBoot_Full_Example\src\test\resources
2025-02-25 08:36:48,323 [Worker-34: Building] INFO  o.e.m.c.i.l.LifecycleMappingFactory - Using org.eclipse.m2e.jdt.JarLifecycleMapping lifecycle mapping for MavenProject: com.example:demo:0.0.1-SNAPSHOT @ E:\PJ\Eclipse\demo-SpringBoot_Full_Example\demo-SpringBoot_Full_Example\pom.xml.
2025-02-25 08:36:48,683 [Worker-34: Building] INFO  o.a.m.s.f.DefaultMavenResourcesFiltering - Copying 0 resource from src\main\resources to target\classes
2025-02-25 08:36:48,684 [Worker-34: Building] INFO  o.a.m.s.f.DefaultMavenResourcesFiltering - Copying 0 resource from src\main\resources to target\classes
2025-02-25 08:36:48,686 [Worker-34: Building] INFO  o.a.m.s.f.DefaultMavenResourcesFiltering - skip non existing resourceDirectory E:\PJ\Eclipse\demo-SpringBoot_Full_Example\demo-SpringBoot_Full_Example\src\test\resources
2025-02-25 08:37:09,088 [Worker-32: Building] INFO  o.e.m.c.i.l.LifecycleMappingFactory - Using org.eclipse.m2e.jdt.JarLifecycleMapping lifecycle mapping for MavenProject: com.example:demo:0.0.1-SNAPSHOT @ E:\PJ\Eclipse\demo-SpringBoot_Full_Example\demo-SpringBoot_Full_Example\pom.xml.
2025-02-25 08:37:09,453 [Worker-32: Building] INFO  o.a.m.s.f.DefaultMavenResourcesFiltering - Copying 0 resource from src\main\resources to target\classes
2025-02-25 08:37:09,454 [Worker-32: Building] INFO  o.a.m.s.f.DefaultMavenResourcesFiltering - Copying 0 resource from src\main\resources to target\classes
2025-02-25 08:37:09,457 [Worker-32: Building] INFO  o.a.m.s.f.DefaultMavenResourcesFiltering - skip non existing resourceDirectory E:\PJ\Eclipse\demo-SpringBoot_Full_Example\demo-SpringBoot_Full_Example\src\test\resources
2025-02-25 08:37:10,614 [Worker-34: Building] INFO  o.a.m.s.f.DefaultMavenResourcesFiltering - Copying 1 resource from src\main\resources to target\classes
2025-02-25 08:37:10,638 [Worker-34: Building] INFO  o.a.m.s.f.DefaultMavenResourcesFiltering - Copying 0 resource from src\main\resources to target\classes
2025-02-25 08:37:10,640 [Worker-34: Building] INFO  o.a.m.s.f.DefaultMavenResourcesFiltering - skip non existing resourceDirectory E:\PJ\Eclipse\demo-SpringBoot_Full_Example\demo-SpringBoot_Full_Example\src\test\resources
2025-02-25 08:37:28,161 [Worker-13: Building] INFO  o.e.m.c.i.l.LifecycleMappingFactory - Using org.eclipse.m2e.jdt.JarLifecycleMapping lifecycle mapping for MavenProject: com.example:demo:0.0.1-SNAPSHOT @ E:\PJ\Eclipse\demo-SpringBoot_Full_Example\demo-SpringBoot_Full_Example\pom.xml.
2025-02-25 08:37:28,350 [Worker-13: Building] INFO  o.a.m.s.f.DefaultMavenResourcesFiltering - Copying 0 resource from src\main\resources to target\classes
2025-02-25 08:37:28,351 [Worker-13: Building] INFO  o.a.m.s.f.DefaultMavenResourcesFiltering - Copying 0 resource from src\main\resources to target\classes
2025-02-25 08:37:28,353 [Worker-13: Building] INFO  o.a.m.s.f.DefaultMavenResourcesFiltering - skip non existing resourceDirectory E:\PJ\Eclipse\demo-SpringBoot_Full_Example\demo-SpringBoot_Full_Example\src\test\resources
2025-02-25 08:37:29,466 [Worker-18: Building] INFO  o.a.m.s.f.DefaultMavenResourcesFiltering - Copying 1 resource from src\main\resources to target\classes
2025-02-25 08:37:29,479 [Worker-18: Building] INFO  o.a.m.s.f.DefaultMavenResourcesFiltering - Copying 0 resource from src\main\resources to target\classes
2025-02-25 08:37:29,481 [Worker-18: Building] INFO  o.a.m.s.f.DefaultMavenResourcesFiltering - skip non existing resourceDirectory E:\PJ\Eclipse\demo-SpringBoot_Full_Example\demo-SpringBoot_Full_Example\src\test\resources
2025-02-25 08:41:55,302 [Worker-34: Building] INFO  o.a.m.s.f.DefaultMavenResourcesFiltering - Copying 1 resource from src\main\resources to target\classes
2025-02-25 08:41:55,310 [Worker-34: Building] INFO  o.a.m.s.f.DefaultMavenResourcesFiltering - Copying 0 resource from src\main\resources to target\classes
2025-02-25 08:41:55,313 [Worker-34: Building] INFO  o.a.m.s.f.DefaultMavenResourcesFiltering - skip non existing resourceDirectory E:\PJ\Eclipse\demo-SpringBoot_Full_Example\demo-SpringBoot_Full_Example\src\test\resources
2025-02-25 08:48:19,798 [Worker-13: Building] INFO  o.a.m.s.f.DefaultMavenResourcesFiltering - Copying 1 resource from src\main\resources to target\classes
2025-02-25 08:48:19,803 [Worker-13: Building] INFO  o.a.m.s.f.DefaultMavenResourcesFiltering - Copying 0 resource from src\main\resources to target\classes
2025-02-25 08:48:19,805 [Worker-13: Building] INFO  o.a.m.s.f.DefaultMavenResourcesFiltering - skip non existing resourceDirectory E:\PJ\Eclipse\SpringBoot_FullExample\src\test\resources
2025-02-25 09:07:08,662 [Worker-50: Building] INFO  o.a.m.s.f.DefaultMavenResourcesFiltering - Copying 1 resource from src\main\resources to target\classes
2025-02-25 09:07:08,668 [Worker-50: Building] INFO  o.a.m.s.f.DefaultMavenResourcesFiltering - Copying 0 resource from src\main\resources to target\classes
2025-02-25 09:07:08,670 [Worker-50: Building] INFO  o.a.m.s.f.DefaultMavenResourcesFiltering - skip non existing resourceDirectory E:\PJ\Eclipse\SpringBoot_FullExample\src\test\resources
2025-02-25 09:07:56,229 [Worker-49: Building] INFO  o.a.m.s.f.DefaultMavenResourcesFiltering - Copying 1 resource from src\main\resources to target\classes
2025-02-25 09:07:56,235 [Worker-49: Building] INFO  o.a.m.s.f.DefaultMavenResourcesFiltering - Copying 0 resource from src\main\resources to target\classes
2025-02-25 09:07:56,237 [Worker-49: Building] INFO  o.a.m.s.f.DefaultMavenResourcesFiltering - skip non existing resourceDirectory E:\PJ\Eclipse\SpringBoot_FullExample\src\test\resources
2025-02-25 09:14:31,075 [Worker-48: Building] INFO  o.a.m.s.f.DefaultMavenResourcesFiltering - Copying 1 resource from src\main\resources to target\classes
2025-02-25 09:14:31,081 [Worker-48: Building] INFO  o.a.m.s.f.DefaultMavenResourcesFiltering - Copying 0 resource from src\main\resources to target\classes
2025-02-25 09:14:31,084 [Worker-48: Building] INFO  o.a.m.s.f.DefaultMavenResourcesFiltering - skip non existing resourceDirectory E:\PJ\Eclipse\SpringBoot_FullExample\src\test\resources
2025-02-25 09:25:47,074 [Worker-52: Building] INFO  o.a.m.s.f.DefaultMavenResourcesFiltering - Copying 1 resource from src\main\resources to target\classes
2025-02-25 09:25:47,080 [Worker-52: Building] INFO  o.a.m.s.f.DefaultMavenResourcesFiltering - Copying 0 resource from src\main\resources to target\classes
2025-02-25 09:25:47,081 [Worker-52: Building] INFO  o.a.m.s.f.DefaultMavenResourcesFiltering - skip non existing resourceDirectory E:\PJ\Eclipse\SpringBoot_FullExample\src\test\resources
2025-02-25 09:25:53,987 [Worker-54: Building] INFO  o.a.m.s.f.DefaultMavenResourcesFiltering - Copying 1 resource from src\main\resources to target\classes
2025-02-25 09:25:53,992 [Worker-54: Building] INFO  o.a.m.s.f.DefaultMavenResourcesFiltering - Copying 0 resource from src\main\resources to target\classes
2025-02-25 09:25:53,993 [Worker-54: Building] INFO  o.a.m.s.f.DefaultMavenResourcesFiltering - skip non existing resourceDirectory E:\PJ\Eclipse\SpringBoot_FullExample\src\test\resources
2025-02-25 09:28:51,974 [Worker-55: Building] INFO  o.a.m.s.f.DefaultMavenResourcesFiltering - Copying 1 resource from src\main\resources to target\classes
2025-02-25 09:28:51,978 [Worker-55: Building] INFO  o.a.m.s.f.DefaultMavenResourcesFiltering - Copying 0 resource from src\main\resources to target\classes
2025-02-25 09:28:51,979 [Worker-55: Building] INFO  o.a.m.s.f.DefaultMavenResourcesFiltering - skip non existing resourceDirectory E:\PJ\Eclipse\SpringBoot_FullExample\src\test\resources
2025-02-25 09:29:27,593 [Worker-53: Building] INFO  o.a.m.s.f.DefaultMavenResourcesFiltering - Copying 1 resource from src\main\resources to target\classes
2025-02-25 09:29:27,598 [Worker-53: Building] INFO  o.a.m.s.f.DefaultMavenResourcesFiltering - Copying 0 resource from src\main\resources to target\classes
2025-02-25 09:29:27,599 [Worker-53: Building] INFO  o.a.m.s.f.DefaultMavenResourcesFiltering - skip non existing resourceDirectory E:\PJ\Eclipse\SpringBoot_FullExample\src\test\resources
2025-02-25 09:35:57,756 [Worker-53: Building] INFO  o.a.m.s.f.DefaultMavenResourcesFiltering - Copying 1 resource from src\main\resources to target\classes
2025-02-25 09:35:57,765 [Worker-53: Building] INFO  o.a.m.s.f.DefaultMavenResourcesFiltering - Copying 0 resource from src\main\resources to target\classes
2025-02-25 09:35:57,767 [Worker-53: Building] INFO  o.a.m.s.f.DefaultMavenResourcesFiltering - skip non existing resourceDirectory E:\PJ\Eclipse\SpringBoot_FullExample\src\test\resources
2025-02-25 09:39:27,150 [Worker-46: Building] INFO  o.a.m.s.f.DefaultMavenResourcesFiltering - Copying 1 resource from src\main\resources to target\classes
2025-02-25 09:39:27,155 [Worker-46: Building] INFO  o.a.m.s.f.DefaultMavenResourcesFiltering - Copying 0 resource from src\main\resources to target\classes
2025-02-25 09:39:27,158 [Worker-46: Building] INFO  o.a.m.s.f.DefaultMavenResourcesFiltering - skip non existing resourceDirectory E:\PJ\Eclipse\SpringBoot_FullExample\src\test\resources
2025-02-25 09:39:39,178 [Worker-53: Building] INFO  o.a.m.s.f.DefaultMavenResourcesFiltering - Copying 1 resource from src\main\resources to target\classes
2025-02-25 09:39:39,184 [Worker-53: Building] INFO  o.a.m.s.f.DefaultMavenResourcesFiltering - Copying 0 resource from src\main\resources to target\classes
2025-02-25 09:39:39,186 [Worker-53: Building] INFO  o.a.m.s.f.DefaultMavenResourcesFiltering - skip non existing resourceDirectory E:\PJ\Eclipse\SpringBoot_FullExample\src\test\resources
2025-02-25 09:40:11,327 [Worker-56: Building] INFO  o.a.m.s.f.DefaultMavenResourcesFiltering - Copying 1 resource from src\main\resources to target\classes
2025-02-25 09:40:11,331 [Worker-56: Building] INFO  o.a.m.s.f.DefaultMavenResourcesFiltering - Copying 0 resource from src\main\resources to target\classes
2025-02-25 09:40:11,333 [Worker-56: Building] INFO  o.a.m.s.f.DefaultMavenResourcesFiltering - skip non existing resourceDirectory E:\PJ\Eclipse\SpringBoot_FullExample\src\test\resources
2025-02-25 09:44:04,788 [Worker-55: Launching SpringBootFullExampleApplication] INFO  o.a.m.s.f.DefaultMavenResourcesFiltering - Copying 1 resource from src\main\resources to target\classes
2025-02-25 09:44:04,796 [Worker-55: Launching SpringBootFullExampleApplication] INFO  o.a.m.s.f.DefaultMavenResourcesFiltering - Copying 0 resource from src\main\resources to target\classes
2025-02-25 09:44:04,800 [Worker-55: Launching SpringBootFullExampleApplication] INFO  o.a.m.s.f.DefaultMavenResourcesFiltering - skip non existing resourceDirectory E:\PJ\Eclipse\SpringBoot_FullExample\src\test\resources
2025-02-25 09:45:09,411 [Worker-55: Building] INFO  o.a.m.s.f.DefaultMavenResourcesFiltering - Copying 1 resource from src\main\resources to target\classes
2025-02-25 09:45:09,417 [Worker-55: Building] INFO  o.a.m.s.f.DefaultMavenResourcesFiltering - Copying 0 resource from src\main\resources to target\classes
2025-02-25 09:45:09,419 [Worker-55: Building] INFO  o.a.m.s.f.DefaultMavenResourcesFiltering - skip non existing resourceDirectory E:\PJ\Eclipse\SpringBoot_FullExample\src\test\resources
2025-02-25 09:45:45,373 [Worker-46: Building] INFO  o.a.m.s.f.DefaultMavenResourcesFiltering - Copying 1 resource from src\main\resources to target\classes
2025-02-25 09:45:45,377 [Worker-46: Building] INFO  o.a.m.s.f.DefaultMavenResourcesFiltering - Copying 0 resource from src\main\resources to target\classes
2025-02-25 09:45:45,380 [Worker-46: Building] INFO  o.a.m.s.f.DefaultMavenResourcesFiltering - skip non existing resourceDirectory E:\PJ\Eclipse\SpringBoot_FullExample\src\test\resources
2025-02-25 09:45:53,291 [Worker-46: Building] INFO  o.a.m.s.f.DefaultMavenResourcesFiltering - Copying 1 resource from src\main\resources to target\classes
2025-02-25 09:45:53,295 [Worker-46: Building] INFO  o.a.m.s.f.DefaultMavenResourcesFiltering - Copying 0 resource from src\main\resources to target\classes
2025-02-25 09:45:53,296 [Worker-46: Building] INFO  o.a.m.s.f.DefaultMavenResourcesFiltering - skip non existing resourceDirectory E:\PJ\Eclipse\SpringBoot_FullExample\src\test\resources
2025-02-25 09:46:29,468 [Worker-55: Building] INFO  o.a.m.s.f.DefaultMavenResourcesFiltering - Copying 1 resource from src\main\resources to target\classes
2025-02-25 09:46:29,472 [Worker-55: Building] INFO  o.a.m.s.f.DefaultMavenResourcesFiltering - Copying 0 resource from src\main\resources to target\classes
2025-02-25 09:46:29,474 [Worker-55: Building] INFO  o.a.m.s.f.DefaultMavenResourcesFiltering - skip non existing resourceDirectory E:\PJ\Eclipse\SpringBoot_FullExample\src\test\resources
2025-02-25 09:46:56,904 [Worker-57: Building] INFO  o.a.m.s.f.DefaultMavenResourcesFiltering - Copying 1 resource from src\main\resources to target\classes
2025-02-25 09:46:56,909 [Worker-57: Building] INFO  o.a.m.s.f.DefaultMavenResourcesFiltering - Copying 0 resource from src\main\resources to target\classes
2025-02-25 09:46:56,911 [Worker-57: Building] INFO  o.a.m.s.f.DefaultMavenResourcesFiltering - skip non existing resourceDirectory E:\PJ\Eclipse\SpringBoot_FullExample\src\test\resources
2025-02-25 09:47:37,092 [Worker-53: Building] INFO  o.a.m.s.f.DefaultMavenResourcesFiltering - Copying 1 resource from src\main\resources to target\classes
2025-02-25 09:47:37,098 [Worker-53: Building] INFO  o.a.m.s.f.DefaultMavenResourcesFiltering - Copying 0 resource from src\main\resources to target\classes
2025-02-25 09:47:37,100 [Worker-53: Building] INFO  o.a.m.s.f.DefaultMavenResourcesFiltering - skip non existing resourceDirectory E:\PJ\Eclipse\SpringBoot_FullExample\src\test\resources
2025-02-25 09:48:47,380 [Worker-46: Building] INFO  o.a.m.s.f.DefaultMavenResourcesFiltering - Copying 1 resource from src\main\resources to target\classes
2025-02-25 09:48:47,385 [Worker-46: Building] INFO  o.a.m.s.f.DefaultMavenResourcesFiltering - Copying 0 resource from src\main\resources to target\classes
2025-02-25 09:48:47,387 [Worker-46: Building] INFO  o.a.m.s.f.DefaultMavenResourcesFiltering - skip non existing resourceDirectory E:\PJ\Eclipse\SpringBoot_FullExample\src\test\resources
2025-02-25 09:51:29,839 [Worker-46: Building] INFO  o.a.m.s.f.DefaultMavenResourcesFiltering - Copying 1 resource from src\main\resources to target\classes
2025-02-25 09:51:29,844 [Worker-46: Building] INFO  o.a.m.s.f.DefaultMavenResourcesFiltering - Copying 0 resource from src\main\resources to target\classes
2025-02-25 09:51:29,845 [Worker-46: Building] INFO  o.a.m.s.f.DefaultMavenResourcesFiltering - skip non existing resourceDirectory E:\PJ\Eclipse\SpringBoot_FullExample\src\test\resources
2025-02-25 09:52:54,655 [Worker-54: Building] INFO  o.a.m.s.f.DefaultMavenResourcesFiltering - Copying 1 resource from src\main\resources to target\classes
2025-02-25 09:52:54,662 [Worker-54: Building] INFO  o.a.m.s.f.DefaultMavenResourcesFiltering - Copying 0 resource from src\main\resources to target\classes
2025-02-25 09:52:54,664 [Worker-54: Building] INFO  o.a.m.s.f.DefaultMavenResourcesFiltering - skip non existing resourceDirectory E:\PJ\Eclipse\SpringBoot_FullExample\src\test\resources
2025-02-25 09:55:38,536 [Worker-57: Building] INFO  o.a.m.s.f.DefaultMavenResourcesFiltering - Copying 1 resource from src\main\resources to target\classes
2025-02-25 09:55:38,540 [Worker-57: Building] INFO  o.a.m.s.f.DefaultMavenResourcesFiltering - Copying 0 resource from src\main\resources to target\classes
2025-02-25 09:55:38,542 [Worker-57: Building] INFO  o.a.m.s.f.DefaultMavenResourcesFiltering - skip non existing resourceDirectory E:\PJ\Eclipse\SpringBoot_FullExample\src\test\resources
2025-02-25 10:01:13,772 [Worker-58: Building] INFO  o.a.m.s.f.DefaultMavenResourcesFiltering - Copying 1 resource from src\main\resources to target\classes
2025-02-25 10:01:13,779 [Worker-58: Building] INFO  o.a.m.s.f.DefaultMavenResourcesFiltering - Copying 0 resource from src\main\resources to target\classes
2025-02-25 10:01:13,781 [Worker-58: Building] INFO  o.a.m.s.f.DefaultMavenResourcesFiltering - skip non existing resourceDirectory E:\PJ\Eclipse\SpringBoot_FullExample\src\test\resources
2025-02-25 10:02:20,434 [Worker-53: Building] INFO  o.a.m.s.f.DefaultMavenResourcesFiltering - Copying 1 resource from src\main\resources to target\classes
2025-02-25 10:02:20,439 [Worker-53: Building] INFO  o.a.m.s.f.DefaultMavenResourcesFiltering - Copying 0 resource from src\main\resources to target\classes
2025-02-25 10:02:20,440 [Worker-53: Building] INFO  o.a.m.s.f.DefaultMavenResourcesFiltering - skip non existing resourceDirectory E:\PJ\Eclipse\SpringBoot_FullExample\src\test\resources
2025-02-25 10:03:57,106 [Worker-58: Building] INFO  o.a.m.s.f.DefaultMavenResourcesFiltering - Copying 1 resource from src\main\resources to target\classes
2025-02-25 10:03:57,109 [Worker-58: Building] INFO  o.a.m.s.f.DefaultMavenResourcesFiltering - Copying 0 resource from src\main\resources to target\classes
2025-02-25 10:03:57,111 [Worker-58: Building] INFO  o.a.m.s.f.DefaultMavenResourcesFiltering - skip non existing resourceDirectory E:\PJ\Eclipse\SpringBoot_FullExample\src\test\resources
2025-02-25 10:04:21,437 [Worker-58: Building] INFO  o.a.m.s.f.DefaultMavenResourcesFiltering - Copying 1 resource from src\main\resources to target\classes
2025-02-25 10:04:21,443 [Worker-58: Building] INFO  o.a.m.s.f.DefaultMavenResourcesFiltering - Copying 0 resource from src\main\resources to target\classes
2025-02-25 10:04:21,445 [Worker-58: Building] INFO  o.a.m.s.f.DefaultMavenResourcesFiltering - skip non existing resourceDirectory E:\PJ\Eclipse\SpringBoot_FullExample\src\test\resources
2025-02-25 10:04:30,437 [Worker-53: Building] INFO  o.a.m.s.f.DefaultMavenResourcesFiltering - Copying 1 resource from src\main\resources to target\classes
2025-02-25 10:04:30,444 [Worker-53: Building] INFO  o.a.m.s.f.DefaultMavenResourcesFiltering - Copying 0 resource from src\main\resources to target\classes
2025-02-25 10:04:30,446 [Worker-53: Building] INFO  o.a.m.s.f.DefaultMavenResourcesFiltering - skip non existing resourceDirectory E:\PJ\Eclipse\SpringBoot_FullExample\src\test\resources
2025-02-25 10:04:46,744 [Worker-59: Building] INFO  o.a.m.s.f.DefaultMavenResourcesFiltering - Copying 1 resource from src\main\resources to target\classes
2025-02-25 10:04:46,748 [Worker-59: Building] INFO  o.a.m.s.f.DefaultMavenResourcesFiltering - Copying 0 resource from src\main\resources to target\classes
2025-02-25 10:04:46,750 [Worker-59: Building] INFO  o.a.m.s.f.DefaultMavenResourcesFiltering - skip non existing resourceDirectory E:\PJ\Eclipse\SpringBoot_FullExample\src\test\resources
2025-02-25 10:07:26,117 [Worker-52: Building] INFO  o.a.m.s.f.DefaultMavenResourcesFiltering - Copying 1 resource from src\main\resources to target\classes
2025-02-25 10:07:26,121 [Worker-52: Building] INFO  o.a.m.s.f.DefaultMavenResourcesFiltering - Copying 0 resource from src\main\resources to target\classes
2025-02-25 10:07:26,122 [Worker-52: Building] INFO  o.a.m.s.f.DefaultMavenResourcesFiltering - skip non existing resourceDirectory E:\PJ\Eclipse\SpringBoot_FullExample\src\test\resources
2025-02-25 10:07:41,875 [Worker-57: Building] INFO  o.a.m.s.f.DefaultMavenResourcesFiltering - Copying 1 resource from src\main\resources to target\classes
2025-02-25 10:07:41,880 [Worker-57: Building] INFO  o.a.m.s.f.DefaultMavenResourcesFiltering - Copying 0 resource from src\main\resources to target\classes
2025-02-25 10:07:41,881 [Worker-57: Building] INFO  o.a.m.s.f.DefaultMavenResourcesFiltering - skip non existing resourceDirectory E:\PJ\Eclipse\SpringBoot_FullExample\src\test\resources
2025-02-25 10:11:51,240 [Worker-57: Building] INFO  o.a.m.s.f.DefaultMavenResourcesFiltering - Copying 1 resource from src\main\resources to target\classes
2025-02-25 10:11:51,247 [Worker-57: Building] INFO  o.a.m.s.f.DefaultMavenResourcesFiltering - Copying 0 resource from src\main\resources to target\classes
2025-02-25 10:11:51,249 [Worker-57: Building] INFO  o.a.m.s.f.DefaultMavenResourcesFiltering - skip non existing resourceDirectory E:\PJ\Eclipse\SpringBoot_FullExample\src\test\resources
2025-02-25 10:12:24,306 [Worker-59: Building] INFO  o.a.m.s.f.DefaultMavenResourcesFiltering - Copying 1 resource from src\main\resources to target\classes
2025-02-25 10:12:24,311 [Worker-59: Building] INFO  o.a.m.s.f.DefaultMavenResourcesFiltering - Copying 0 resource from src\main\resources to target\classes
2025-02-25 10:12:24,313 [Worker-59: Building] INFO  o.a.m.s.f.DefaultMavenResourcesFiltering - skip non existing resourceDirectory E:\PJ\Eclipse\SpringBoot_FullExample\src\test\resources
2025-02-25 10:16:17,373 [Worker-53: Building] INFO  o.a.m.s.f.DefaultMavenResourcesFiltering - Copying 1 resource from src\main\resources to target\classes
2025-02-25 10:16:17,380 [Worker-53: Building] INFO  o.a.m.s.f.DefaultMavenResourcesFiltering - Copying 0 resource from src\main\resources to target\classes
2025-02-25 10:16:17,383 [Worker-53: Building] INFO  o.a.m.s.f.DefaultMavenResourcesFiltering - skip non existing resourceDirectory E:\PJ\Eclipse\SpringBoot_FullExample\src\test\resources
2025-02-25 10:16:45,674 [Worker-52: Building] INFO  o.a.m.s.f.DefaultMavenResourcesFiltering - Copying 1 resource from src\main\resources to target\classes
2025-02-25 10:16:45,680 [Worker-52: Building] INFO  o.a.m.s.f.DefaultMavenResourcesFiltering - Copying 0 resource from src\main\resources to target\classes
2025-02-25 10:16:45,681 [Worker-52: Building] INFO  o.a.m.s.f.DefaultMavenResourcesFiltering - skip non existing resourceDirectory E:\PJ\Eclipse\SpringBoot_FullExample\src\test\resources
2025-02-25 10:16:47,064 [Worker-58: Building] INFO  o.a.m.s.f.DefaultMavenResourcesFiltering - Copying 1 resource from src\main\resources to target\classes
2025-02-25 10:16:47,069 [Worker-58: Building] INFO  o.a.m.s.f.DefaultMavenResourcesFiltering - Copying 0 resource from src\main\resources to target\classes
2025-02-25 10:16:47,071 [Worker-58: Building] INFO  o.a.m.s.f.DefaultMavenResourcesFiltering - skip non existing resourceDirectory E:\PJ\Eclipse\SpringBoot_FullExample\src\test\resources
2025-02-25 10:18:24,356 [Worker-52: Building] INFO  o.a.m.s.f.DefaultMavenResourcesFiltering - Copying 1 resource from src\main\resources to target\classes
2025-02-25 10:18:24,360 [Worker-52: Building] INFO  o.a.m.s.f.DefaultMavenResourcesFiltering - Copying 0 resource from src\main\resources to target\classes
2025-02-25 10:18:24,362 [Worker-52: Building] INFO  o.a.m.s.f.DefaultMavenResourcesFiltering - skip non existing resourceDirectory E:\PJ\Eclipse\SpringBoot_FullExample\src\test\resources
2025-02-25 10:19:06,942 [Worker-52: Building] INFO  o.a.m.s.f.DefaultMavenResourcesFiltering - Copying 1 resource from src\main\resources to target\classes
2025-02-25 10:19:06,946 [Worker-52: Building] INFO  o.a.m.s.f.DefaultMavenResourcesFiltering - Copying 0 resource from src\main\resources to target\classes
2025-02-25 10:19:06,947 [Worker-52: Building] INFO  o.a.m.s.f.DefaultMavenResourcesFiltering - skip non existing resourceDirectory E:\PJ\Eclipse\SpringBoot_FullExample\src\test\resources
2025-02-25 10:20:19,611 [Worker-52: Building] INFO  o.a.m.s.f.DefaultMavenResourcesFiltering - Copying 1 resource from src\main\resources to target\classes
2025-02-25 10:20:19,615 [Worker-52: Building] INFO  o.a.m.s.f.DefaultMavenResourcesFiltering - Copying 0 resource from src\main\resources to target\classes
2025-02-25 10:20:19,617 [Worker-52: Building] INFO  o.a.m.s.f.DefaultMavenResourcesFiltering - skip non existing resourceDirectory E:\PJ\Eclipse\SpringBoot_FullExample\src\test\resources
2025-02-25 10:21:10,533 [Worker-52: Building] INFO  o.a.m.s.f.DefaultMavenResourcesFiltering - Copying 1 resource from src\main\resources to target\classes
2025-02-25 10:21:10,541 [Worker-52: Building] INFO  o.a.m.s.f.DefaultMavenResourcesFiltering - Copying 0 resource from src\main\resources to target\classes
2025-02-25 10:21:10,544 [Worker-52: Building] INFO  o.a.m.s.f.DefaultMavenResourcesFiltering - skip non existing resourceDirectory E:\PJ\Eclipse\SpringBoot_FullExample\src\test\resources
2025-02-25 10:21:27,040 [Worker-60: Building] INFO  o.a.m.s.f.DefaultMavenResourcesFiltering - Copying 1 resource from src\main\resources to target\classes
2025-02-25 10:21:27,046 [Worker-60: Building] INFO  o.a.m.s.f.DefaultMavenResourcesFiltering - Copying 0 resource from src\main\resources to target\classes
2025-02-25 10:21:27,048 [Worker-60: Building] INFO  o.a.m.s.f.DefaultMavenResourcesFiltering - skip non existing resourceDirectory E:\PJ\Eclipse\SpringBoot_FullExample\src\test\resources
2025-02-25 10:21:40,502 [Worker-58: Building] INFO  o.a.m.s.f.DefaultMavenResourcesFiltering - Copying 1 resource from src\main\resources to target\classes
2025-02-25 10:21:40,508 [Worker-58: Building] INFO  o.a.m.s.f.DefaultMavenResourcesFiltering - Copying 0 resource from src\main\resources to target\classes
2025-02-25 10:21:40,509 [Worker-58: Building] INFO  o.a.m.s.f.DefaultMavenResourcesFiltering - skip non existing resourceDirectory E:\PJ\Eclipse\SpringBoot_FullExample\src\test\resources
2025-02-25 10:30:37,711 [Worker-59: Building] INFO  o.a.m.s.f.DefaultMavenResourcesFiltering - Copying 1 resource from src\main\resources to target\classes
2025-02-25 10:30:37,717 [Worker-59: Building] INFO  o.a.m.s.f.DefaultMavenResourcesFiltering - Copying 0 resource from src\main\resources to target\classes
2025-02-25 10:30:37,720 [Worker-59: Building] INFO  o.a.m.s.f.DefaultMavenResourcesFiltering - skip non existing resourceDirectory E:\PJ\Eclipse\SpringBoot_FullExample\src\test\resources
2025-02-25 11:20:48,383 [Worker-52: Building] INFO  o.a.m.s.f.DefaultMavenResourcesFiltering - Copying 1 resource from src\main\resources to target\classes
2025-02-25 11:20:48,411 [Worker-52: Building] INFO  o.a.m.s.f.DefaultMavenResourcesFiltering - Copying 0 resource from src\main\resources to target\classes
2025-02-25 11:20:48,413 [Worker-52: Building] INFO  o.a.m.s.f.DefaultMavenResourcesFiltering - skip non existing resourceDirectory E:\PJ\Eclipse\SpringBoot_FullExample\src\test\resources
2025-02-26 08:34:32,753 [Worker-1: Loading available Gradle versions] INFO  o.e.b.c.i.u.g.PublishedGradleVersions - Gradle version information cache is out-of-date. Trying to update.
2025-02-26 08:40:21,539 [Worker-14: Building] INFO  o.a.m.s.f.DefaultMavenResourcesFiltering - Copying 1 resource from src\main\resources to target\classes
2025-02-26 08:40:21,553 [Worker-14: Building] INFO  o.a.m.s.f.DefaultMavenResourcesFiltering - Copying 0 resource from src\main\resources to target\classes
2025-02-26 08:40:21,557 [Worker-14: Building] INFO  o.a.m.s.f.DefaultMavenResourcesFiltering - skip non existing resourceDirectory E:\PJ\Eclipse\SpringBoot_FullExample\src\test\resources
2025-02-26 08:41:13,836 [Worker-18: Building] INFO  o.a.m.s.f.DefaultMavenResourcesFiltering - Copying 1 resource from src\main\resources to target\classes
2025-02-26 08:41:13,841 [Worker-18: Building] INFO  o.a.m.s.f.DefaultMavenResourcesFiltering - Copying 0 resource from src\main\resources to target\classes
2025-02-26 08:41:13,843 [Worker-18: Building] INFO  o.a.m.s.f.DefaultMavenResourcesFiltering - skip non existing resourceDirectory E:\PJ\Eclipse\SpringBoot_FullExample\src\test\resources
2025-02-26 08:41:33,422 [Worker-18: Building] INFO  o.a.m.s.f.DefaultMavenResourcesFiltering - Copying 1 resource from src\main\resources to target\classes
2025-02-26 08:41:33,428 [Worker-18: Building] INFO  o.a.m.s.f.DefaultMavenResourcesFiltering - Copying 0 resource from src\main\resources to target\classes
2025-02-26 08:41:33,430 [Worker-18: Building] INFO  o.a.m.s.f.DefaultMavenResourcesFiltering - skip non existing resourceDirectory E:\PJ\Eclipse\SpringBoot_FullExample\src\test\resources
2025-02-26 08:44:40,067 [Worker-2: Building] INFO  o.a.m.s.f.DefaultMavenResourcesFiltering - Copying 1 resource from src\main\resources to target\classes
2025-02-26 08:44:40,075 [Worker-2: Building] INFO  o.a.m.s.f.DefaultMavenResourcesFiltering - Copying 0 resource from src\main\resources to target\classes
2025-02-26 08:44:40,077 [Worker-2: Building] INFO  o.a.m.s.f.DefaultMavenResourcesFiltering - skip non existing resourceDirectory E:\PJ\Eclipse\SpringBoot_FullExample\src\test\resources
2025-02-26 08:44:50,461 [Worker-24: Building] INFO  o.a.m.s.f.DefaultMavenResourcesFiltering - Copying 1 resource from src\main\resources to target\classes
2025-02-26 08:44:50,467 [Worker-24: Building] INFO  o.a.m.s.f.DefaultMavenResourcesFiltering - Copying 0 resource from src\main\resources to target\classes
2025-02-26 08:44:50,469 [Worker-24: Building] INFO  o.a.m.s.f.DefaultMavenResourcesFiltering - skip non existing resourceDirectory E:\PJ\Eclipse\SpringBoot_FullExample\src\test\resources
2025-02-26 08:47:56,527 [Worker-0: Building] INFO  o.a.m.s.f.DefaultMavenResourcesFiltering - Copying 1 resource from src\main\resources to target\classes
2025-02-26 08:47:56,531 [Worker-0: Building] INFO  o.a.m.s.f.DefaultMavenResourcesFiltering - Copying 0 resource from src\main\resources to target\classes
2025-02-26 08:47:56,533 [Worker-0: Building] INFO  o.a.m.s.f.DefaultMavenResourcesFiltering - skip non existing resourceDirectory E:\PJ\Eclipse\SpringBoot_FullExample\src\test\resources
2025-02-26 08:53:31,572 [Worker-21: Building] INFO  o.a.m.s.f.DefaultMavenResourcesFiltering - Copying 1 resource from src\main\resources to target\classes
2025-02-26 08:53:31,577 [Worker-21: Building] INFO  o.a.m.s.f.DefaultMavenResourcesFiltering - Copying 0 resource from src\main\resources to target\classes
2025-02-26 08:53:31,579 [Worker-21: Building] INFO  o.a.m.s.f.DefaultMavenResourcesFiltering - skip non existing resourceDirectory E:\PJ\Eclipse\SpringBoot_FullExample\src\test\resources
2025-02-26 08:54:31,306 [Worker-21: Building] INFO  o.a.m.s.f.DefaultMavenResourcesFiltering - Copying 1 resource from src\main\resources to target\classes
2025-02-26 08:54:31,311 [Worker-21: Building] INFO  o.a.m.s.f.DefaultMavenResourcesFiltering - Copying 0 resource from src\main\resources to target\classes
2025-02-26 08:54:31,314 [Worker-21: Building] INFO  o.a.m.s.f.DefaultMavenResourcesFiltering - skip non existing resourceDirectory E:\PJ\Eclipse\SpringBoot_FullExample\src\test\resources
2025-02-26 08:54:59,861 [Worker-8: Building] INFO  o.a.m.s.f.DefaultMavenResourcesFiltering - Copying 1 resource from src\main\resources to target\classes
2025-02-26 08:54:59,866 [Worker-8: Building] INFO  o.a.m.s.f.DefaultMavenResourcesFiltering - Copying 0 resource from src\main\resources to target\classes
2025-02-26 08:54:59,868 [Worker-8: Building] INFO  o.a.m.s.f.DefaultMavenResourcesFiltering - skip non existing resourceDirectory E:\PJ\Eclipse\SpringBoot_FullExample\src\test\resources
2025-02-26 08:55:04,513 [Worker-18: Building] INFO  o.a.m.s.f.DefaultMavenResourcesFiltering - Copying 1 resource from src\main\resources to target\classes
2025-02-26 08:55:04,516 [Worker-18: Building] INFO  o.a.m.s.f.DefaultMavenResourcesFiltering - Copying 0 resource from src\main\resources to target\classes
2025-02-26 08:55:04,518 [Worker-18: Building] INFO  o.a.m.s.f.DefaultMavenResourcesFiltering - skip non existing resourceDirectory E:\PJ\Eclipse\SpringBoot_FullExample\src\test\resources
2025-02-26 08:59:13,826 [Worker-3: Building] INFO  o.a.m.s.f.DefaultMavenResourcesFiltering - Copying 1 resource from src\main\resources to target\classes
2025-02-26 08:59:13,831 [Worker-3: Building] INFO  o.a.m.s.f.DefaultMavenResourcesFiltering - Copying 0 resource from src\main\resources to target\classes
2025-02-26 08:59:13,834 [Worker-3: Building] INFO  o.a.m.s.f.DefaultMavenResourcesFiltering - skip non existing resourceDirectory E:\PJ\Eclipse\SpringBoot_FullExample\src\test\resources
2025-02-26 09:00:20,224 [Worker-26: Building] INFO  o.a.m.s.f.DefaultMavenResourcesFiltering - Copying 1 resource from src\main\resources to target\classes
2025-02-26 09:00:20,230 [Worker-26: Building] INFO  o.a.m.s.f.DefaultMavenResourcesFiltering - Copying 0 resource from src\main\resources to target\classes
2025-02-26 09:00:20,232 [Worker-26: Building] INFO  o.a.m.s.f.DefaultMavenResourcesFiltering - skip non existing resourceDirectory E:\PJ\Eclipse\SpringBoot_FullExample\src\test\resources
2025-02-26 09:04:23,802 [Worker-8: Building] INFO  o.a.m.s.f.DefaultMavenResourcesFiltering - Copying 1 resource from src\main\resources to target\classes
2025-02-26 09:04:23,807 [Worker-8: Building] INFO  o.a.m.s.f.DefaultMavenResourcesFiltering - Copying 0 resource from src\main\resources to target\classes
2025-02-26 09:04:23,809 [Worker-8: Building] INFO  o.a.m.s.f.DefaultMavenResourcesFiltering - skip non existing resourceDirectory E:\PJ\Eclipse\SpringBoot_FullExample\src\test\resources
2025-02-26 09:09:10,126 [Worker-20: Building] INFO  o.a.m.s.f.DefaultMavenResourcesFiltering - Copying 1 resource from src\main\resources to target\classes
2025-02-26 09:09:10,132 [Worker-20: Building] INFO  o.a.m.s.f.DefaultMavenResourcesFiltering - Copying 0 resource from src\main\resources to target\classes
2025-02-26 09:09:10,134 [Worker-20: Building] INFO  o.a.m.s.f.DefaultMavenResourcesFiltering - skip non existing resourceDirectory E:\PJ\Eclipse\SpringBoot_FullExample\src\test\resources
2025-02-26 09:11:00,963 [Worker-0: Building] INFO  o.a.m.s.f.DefaultMavenResourcesFiltering - Copying 1 resource from src\main\resources to target\classes
2025-02-26 09:11:00,984 [Worker-0: Building] INFO  o.a.m.s.f.DefaultMavenResourcesFiltering - Copying 0 resource from src\main\resources to target\classes
2025-02-26 09:11:00,988 [Worker-0: Building] INFO  o.a.m.s.f.DefaultMavenResourcesFiltering - skip non existing resourceDirectory E:\PJ\Eclipse\SpringBoot_FullExample\src\test\resources
2025-02-27 08:17:16,178 [Worker-7: Loading available Gradle versions] INFO  o.e.b.c.i.u.g.PublishedGradleVersions - Gradle version information cache is up-to-date. Trying to read.
2025-02-27 08:26:41,418 [Worker-34: Launching SpringBootFullExampleApplication] INFO  o.a.m.s.f.DefaultMavenResourcesFiltering - Copying 1 resource from src\main\resources to target\classes
2025-02-27 08:26:41,439 [Worker-34: Launching SpringBootFullExampleApplication] INFO  o.a.m.s.f.DefaultMavenResourcesFiltering - Copying 0 resource from src\main\resources to target\classes
2025-02-27 08:26:41,442 [Worker-34: Launching SpringBootFullExampleApplication] INFO  o.a.m.s.f.DefaultMavenResourcesFiltering - skip non existing resourceDirectory E:\PJ\Eclipse\SpringBoot_FullExample\src\test\resources
2025-02-27 08:27:52,425 [Worker-3: Building] INFO  o.a.m.s.f.DefaultMavenResourcesFiltering - Copying 0 resource from src\main\resources to target\classes
2025-02-27 08:27:52,426 [Worker-3: Building] INFO  o.a.m.s.f.DefaultMavenResourcesFiltering - Copying 0 resource from src\main\resources to target\classes
2025-02-27 08:27:52,431 [Worker-3: Building] INFO  o.a.m.s.f.DefaultMavenResourcesFiltering - skip non existing resourceDirectory E:\PJ\Eclipse\SpringBoot_FullExample\src\test\resources
2025-02-27 08:34:38,974 [Worker-3: Building] INFO  o.a.m.s.f.DefaultMavenResourcesFiltering - Copying 0 resource from src\main\resources to target\classes
2025-02-27 08:34:38,974 [Worker-3: Building] INFO  o.a.m.s.f.DefaultMavenResourcesFiltering - Copying 0 resource from src\main\resources to target\classes
2025-02-27 08:34:38,977 [Worker-3: Building] INFO  o.a.m.s.f.DefaultMavenResourcesFiltering - skip non existing resourceDirectory E:\PJ\Eclipse\SpringBoot_FullExample\src\test\resources
2025-02-27 08:34:50,190 [Worker-32: Building] INFO  o.a.m.s.f.DefaultMavenResourcesFiltering - Copying 0 resource from src\main\resources to target\classes
2025-02-27 08:34:50,190 [Worker-32: Building] INFO  o.a.m.s.f.DefaultMavenResourcesFiltering - Copying 0 resource from src\main\resources to target\classes
2025-02-27 08:34:50,194 [Worker-32: Building] INFO  o.a.m.s.f.DefaultMavenResourcesFiltering - skip non existing resourceDirectory E:\PJ\Eclipse\SpringBoot_FullExample\src\test\resources
2025-02-27 08:36:07,586 [Worker-33: Building] INFO  o.a.m.s.f.DefaultMavenResourcesFiltering - Copying 0 resource from src\main\resources to target\classes
2025-02-27 08:36:07,587 [Worker-33: Building] INFO  o.a.m.s.f.DefaultMavenResourcesFiltering - Copying 0 resource from src\main\resources to target\classes
2025-02-27 08:36:07,590 [Worker-33: Building] INFO  o.a.m.s.f.DefaultMavenResourcesFiltering - skip non existing resourceDirectory E:\PJ\Eclipse\SpringBoot_FullExample\src\test\resources
2025-02-27 08:36:16,468 [Worker-3: Building] INFO  o.a.m.s.f.DefaultMavenResourcesFiltering - Copying 0 resource from src\main\resources to target\classes
2025-02-27 08:36:16,468 [Worker-3: Building] INFO  o.a.m.s.f.DefaultMavenResourcesFiltering - Copying 0 resource from src\main\resources to target\classes
2025-02-27 08:36:16,472 [Worker-3: Building] INFO  o.a.m.s.f.DefaultMavenResourcesFiltering - skip non existing resourceDirectory E:\PJ\Eclipse\SpringBoot_FullExample\src\test\resources
2025-02-27 08:36:25,947 [main] INFO  o.e.m.jdt.internal.UnitTestSupport - Updating StudentControllerTest from maven configuration
2025-02-27 08:39:56,341 [Worker-38: Building] INFO  o.a.m.s.f.DefaultMavenResourcesFiltering - Copying 0 resource from src\main\resources to target\classes
2025-02-27 08:39:56,341 [Worker-38: Building] INFO  o.a.m.s.f.DefaultMavenResourcesFiltering - Copying 0 resource from src\main\resources to target\classes
2025-02-27 08:39:56,343 [Worker-38: Building] INFO  o.a.m.s.f.DefaultMavenResourcesFiltering - skip non existing resourceDirectory E:\PJ\Eclipse\SpringBoot_FullExample\src\test\resources
2025-02-27 08:43:12,171 [Worker-39: Building] INFO  o.a.m.s.f.DefaultMavenResourcesFiltering - Copying 0 resource from src\main\resources to target\classes
2025-02-27 08:43:12,171 [Worker-39: Building] INFO  o.a.m.s.f.DefaultMavenResourcesFiltering - Copying 0 resource from src\main\resources to target\classes
2025-02-27 08:43:12,174 [Worker-39: Building] INFO  o.a.m.s.f.DefaultMavenResourcesFiltering - skip non existing resourceDirectory E:\PJ\Eclipse\SpringBoot_FullExample\src\test\resources
2025-02-27 08:43:51,100 [Worker-3: Building] INFO  o.a.m.s.f.DefaultMavenResourcesFiltering - Copying 0 resource from src\main\resources to target\classes
2025-02-27 08:43:51,100 [Worker-3: Building] INFO  o.a.m.s.f.DefaultMavenResourcesFiltering - Copying 0 resource from src\main\resources to target\classes
2025-02-27 08:43:51,102 [Worker-3: Building] INFO  o.a.m.s.f.DefaultMavenResourcesFiltering - skip non existing resourceDirectory E:\PJ\Eclipse\SpringBoot_FullExample\src\test\resources
2025-02-27 08:45:32,698 [Worker-37: Building] INFO  o.a.m.s.f.DefaultMavenResourcesFiltering - Copying 0 resource from src\main\resources to target\classes
2025-02-27 08:45:32,699 [Worker-37: Building] INFO  o.a.m.s.f.DefaultMavenResourcesFiltering - Copying 0 resource from src\main\resources to target\classes
2025-02-27 08:45:32,701 [Worker-37: Building] INFO  o.a.m.s.f.DefaultMavenResourcesFiltering - skip non existing resourceDirectory E:\PJ\Eclipse\SpringBoot_FullExample\src\test\resources
2025-02-27 08:47:25,961 [Worker-32: Building] INFO  o.a.m.s.f.DefaultMavenResourcesFiltering - Copying 0 resource from src\main\resources to target\classes
2025-02-27 08:47:25,961 [Worker-32: Building] INFO  o.a.m.s.f.DefaultMavenResourcesFiltering - Copying 0 resource from src\main\resources to target\classes
2025-02-27 08:47:25,963 [Worker-32: Building] INFO  o.a.m.s.f.DefaultMavenResourcesFiltering - skip non existing resourceDirectory E:\PJ\Eclipse\SpringBoot_FullExample\src\test\resources
2025-02-27 08:47:45,489 [Worker-3: Building] INFO  o.a.m.s.f.DefaultMavenResourcesFiltering - Copying 0 resource from src\main\resources to target\classes
2025-02-27 08:47:45,490 [Worker-3: Building] INFO  o.a.m.s.f.DefaultMavenResourcesFiltering - Copying 0 resource from src\main\resources to target\classes
2025-02-27 08:47:45,492 [Worker-3: Building] INFO  o.a.m.s.f.DefaultMavenResourcesFiltering - skip non existing resourceDirectory E:\PJ\Eclipse\SpringBoot_FullExample\src\test\resources
2025-02-27 08:49:39,611 [Worker-41: Building] INFO  o.a.m.s.f.DefaultMavenResourcesFiltering - Copying 1 resource from src\main\resources to target\classes
2025-02-27 08:49:39,615 [Worker-41: Building] INFO  o.a.m.s.f.DefaultMavenResourcesFiltering - Copying 0 resource from src\main\resources to target\classes
2025-02-27 08:49:39,617 [Worker-41: Building] INFO  o.a.m.s.f.DefaultMavenResourcesFiltering - skip non existing resourceDirectory E:\PJ\Eclipse\SpringBoot_FullExample\src\test\resources
2025-02-27 08:51:08,139 [Worker-41: Building] INFO  o.a.m.s.f.DefaultMavenResourcesFiltering - Copying 1 resource from src\main\resources to target\classes
2025-02-27 08:51:08,144 [Worker-41: Building] INFO  o.a.m.s.f.DefaultMavenResourcesFiltering - Copying 0 resource from src\main\resources to target\classes
2025-02-27 08:51:08,146 [Worker-41: Building] INFO  o.a.m.s.f.DefaultMavenResourcesFiltering - skip non existing resourceDirectory E:\PJ\Eclipse\SpringBoot_FullExample\src\test\resources
2025-02-27 08:51:13,303 [Worker-37: Building] INFO  o.a.m.s.f.DefaultMavenResourcesFiltering - Copying 0 resource from src\main\resources to target\classes
2025-02-27 08:51:13,304 [Worker-37: Building] INFO  o.a.m.s.f.DefaultMavenResourcesFiltering - Copying 0 resource from src\main\resources to target\classes
2025-02-27 08:51:13,306 [Worker-37: Building] INFO  o.a.m.s.f.DefaultMavenResourcesFiltering - skip non existing resourceDirectory E:\PJ\Eclipse\SpringBoot_FullExample\src\test\resources
2025-02-27 08:52:18,617 [Worker-42: Building] INFO  o.a.m.s.f.DefaultMavenResourcesFiltering - Copying 1 resource from src\main\resources to target\classes
2025-02-27 08:52:18,622 [Worker-42: Building] INFO  o.a.m.s.f.DefaultMavenResourcesFiltering - Copying 0 resource from src\main\resources to target\classes
2025-02-27 08:52:18,624 [Worker-42: Building] INFO  o.a.m.s.f.DefaultMavenResourcesFiltering - skip non existing resourceDirectory E:\PJ\Eclipse\SpringBoot_FullExample\src\test\resources
2025-02-27 08:52:21,275 [Worker-41: Building] INFO  o.a.m.s.f.DefaultMavenResourcesFiltering - Copying 0 resource from src\main\resources to target\classes
2025-02-27 08:52:21,275 [Worker-41: Building] INFO  o.a.m.s.f.DefaultMavenResourcesFiltering - Copying 0 resource from src\main\resources to target\classes
2025-02-27 08:52:21,277 [Worker-41: Building] INFO  o.a.m.s.f.DefaultMavenResourcesFiltering - skip non existing resourceDirectory E:\PJ\Eclipse\SpringBoot_FullExample\src\test\resources
2025-02-27 08:52:32,523 [Worker-38: Building] INFO  o.a.m.s.f.DefaultMavenResourcesFiltering - Copying 0 resource from src\main\resources to target\classes
2025-02-27 08:52:32,523 [Worker-38: Building] INFO  o.a.m.s.f.DefaultMavenResourcesFiltering - Copying 0 resource from src\main\resources to target\classes
2025-02-27 08:52:32,525 [Worker-38: Building] INFO  o.a.m.s.f.DefaultMavenResourcesFiltering - skip non existing resourceDirectory E:\PJ\Eclipse\SpringBoot_FullExample\src\test\resources
2025-02-27 08:52:38,296 [Worker-37: Building] INFO  o.a.m.s.f.DefaultMavenResourcesFiltering - Copying 0 resource from src\main\resources to target\classes
2025-02-27 08:52:38,296 [Worker-37: Building] INFO  o.a.m.s.f.DefaultMavenResourcesFiltering - Copying 0 resource from src\main\resources to target\classes
2025-02-27 08:52:38,298 [Worker-37: Building] INFO  o.a.m.s.f.DefaultMavenResourcesFiltering - skip non existing resourceDirectory E:\PJ\Eclipse\SpringBoot_FullExample\src\test\resources
2025-02-27 08:54:51,374 [Worker-41: Building] INFO  o.a.m.s.f.DefaultMavenResourcesFiltering - Copying 0 resource from src\main\resources to target\classes
2025-02-27 08:54:51,374 [Worker-41: Building] INFO  o.a.m.s.f.DefaultMavenResourcesFiltering - Copying 0 resource from src\main\resources to target\classes
2025-02-27 08:54:51,376 [Worker-41: Building] INFO  o.a.m.s.f.DefaultMavenResourcesFiltering - skip non existing resourceDirectory E:\PJ\Eclipse\SpringBoot_FullExample\src\test\resources
2025-02-27 08:55:39,915 [Worker-38: Building] INFO  o.a.m.s.f.DefaultMavenResourcesFiltering - Copying 0 resource from src\main\resources to target\classes
2025-02-27 08:55:39,915 [Worker-38: Building] INFO  o.a.m.s.f.DefaultMavenResourcesFiltering - Copying 0 resource from src\main\resources to target\classes
2025-02-27 08:55:39,917 [Worker-38: Building] INFO  o.a.m.s.f.DefaultMavenResourcesFiltering - skip non existing resourceDirectory E:\PJ\Eclipse\SpringBoot_FullExample\src\test\resources
2025-02-27 08:55:53,272 [Worker-41: Building] INFO  o.a.m.s.f.DefaultMavenResourcesFiltering - Copying 0 resource from src\main\resources to target\classes
2025-02-27 08:55:53,273 [Worker-41: Building] INFO  o.a.m.s.f.DefaultMavenResourcesFiltering - Copying 0 resource from src\main\resources to target\classes
2025-02-27 08:55:53,274 [Worker-41: Building] INFO  o.a.m.s.f.DefaultMavenResourcesFiltering - skip non existing resourceDirectory E:\PJ\Eclipse\SpringBoot_FullExample\src\test\resources
2025-02-27 09:12:31,878 [Worker-46: Building] INFO  o.a.m.s.f.DefaultMavenResourcesFiltering - Copying 1 resource from src\main\resources to target\classes
2025-02-27 09:12:31,884 [Worker-46: Building] INFO  o.a.m.s.f.DefaultMavenResourcesFiltering - Copying 0 resource from src\main\resources to target\classes
2025-02-27 09:12:31,886 [Worker-46: Building] INFO  o.a.m.s.f.DefaultMavenResourcesFiltering - skip non existing resourceDirectory E:\PJ\Eclipse\SpringBoot_FullExample\src\test\resources
2025-02-27 09:16:31,257 [Worker-49: Building] INFO  o.a.m.s.f.DefaultMavenResourcesFiltering - Copying 1 resource from src\main\resources to target\classes
2025-02-27 09:16:31,261 [Worker-49: Building] INFO  o.a.m.s.f.DefaultMavenResourcesFiltering - Copying 0 resource from src\main\resources to target\classes
2025-02-27 09:16:31,263 [Worker-49: Building] INFO  o.a.m.s.f.DefaultMavenResourcesFiltering - skip non existing resourceDirectory E:\PJ\Eclipse\SpringBoot_FullExample\src\test\resources
2025-02-27 09:17:33,359 [Worker-45: Building] INFO  o.a.m.s.f.DefaultMavenResourcesFiltering - Copying 1 resource from src\main\resources to target\classes
2025-02-27 09:17:33,364 [Worker-45: Building] INFO  o.a.m.s.f.DefaultMavenResourcesFiltering - Copying 0 resource from src\main\resources to target\classes
2025-02-27 09:17:33,366 [Worker-45: Building] INFO  o.a.m.s.f.DefaultMavenResourcesFiltering - skip non existing resourceDirectory E:\PJ\Eclipse\SpringBoot_FullExample\src\test\resources
2025-02-27 09:17:34,728 [Worker-47: Building] INFO  o.a.m.s.f.DefaultMavenResourcesFiltering - Copying 1 resource from src\main\resources to target\classes
2025-02-27 09:17:34,731 [Worker-47: Building] INFO  o.a.m.s.f.DefaultMavenResourcesFiltering - Copying 0 resource from src\main\resources to target\classes
2025-02-27 09:17:34,733 [Worker-47: Building] INFO  o.a.m.s.f.DefaultMavenResourcesFiltering - skip non existing resourceDirectory E:\PJ\Eclipse\SpringBoot_FullExample\src\test\resources
2025-02-27 09:24:57,173 [Worker-48: Building] INFO  o.a.m.s.f.DefaultMavenResourcesFiltering - Copying 1 resource from src\main\resources to target\classes
2025-02-27 09:24:57,187 [Worker-48: Building] INFO  o.a.m.s.f.DefaultMavenResourcesFiltering - Copying 0 resource from src\main\resources to target\classes
2025-02-27 09:24:57,189 [Worker-48: Building] INFO  o.a.m.s.f.DefaultMavenResourcesFiltering - skip non existing resourceDirectory E:\PJ\Eclipse\SpringBoot_FullExample\src\test\resources
2025-02-27 09:25:29,747 [Worker-44: Building] INFO  o.a.m.s.f.DefaultMavenResourcesFiltering - Copying 1 resource from src\main\resources to target\classes
2025-02-27 09:25:29,752 [Worker-44: Building] INFO  o.a.m.s.f.DefaultMavenResourcesFiltering - Copying 0 resource from src\main\resources to target\classes
2025-02-27 09:25:29,754 [Worker-44: Building] INFO  o.a.m.s.f.DefaultMavenResourcesFiltering - skip non existing resourceDirectory E:\PJ\Eclipse\SpringBoot_FullExample\src\test\resources
2025-02-27 09:25:51,196 [Worker-47: Building] INFO  o.a.m.s.f.DefaultMavenResourcesFiltering - Copying 1 resource from src\main\resources to target\classes
2025-02-27 09:25:51,199 [Worker-47: Building] INFO  o.a.m.s.f.DefaultMavenResourcesFiltering - Copying 0 resource from src\main\resources to target\classes
2025-02-27 09:25:51,201 [Worker-47: Building] INFO  o.a.m.s.f.DefaultMavenResourcesFiltering - skip non existing resourceDirectory E:\PJ\Eclipse\SpringBoot_FullExample\src\test\resources
2025-02-27 09:26:18,261 [Worker-48: Building] INFO  o.a.m.s.f.DefaultMavenResourcesFiltering - Copying 1 resource from src\main\resources to target\classes
2025-02-27 09:26:18,264 [Worker-48: Building] INFO  o.a.m.s.f.DefaultMavenResourcesFiltering - Copying 0 resource from src\main\resources to target\classes
2025-02-27 09:26:18,266 [Worker-48: Building] INFO  o.a.m.s.f.DefaultMavenResourcesFiltering - skip non existing resourceDirectory E:\PJ\Eclipse\SpringBoot_FullExample\src\test\resources
2025-02-27 09:28:37,922 [Worker-48: Building] INFO  o.a.m.s.f.DefaultMavenResourcesFiltering - Copying 1 resource from src\main\resources to target\classes
2025-02-27 09:28:37,934 [Worker-48: Building] INFO  o.a.m.s.f.DefaultMavenResourcesFiltering - Copying 0 resource from src\main\resources to target\classes
2025-02-27 09:28:37,938 [Worker-48: Building] INFO  o.a.m.s.f.DefaultMavenResourcesFiltering - skip non existing resourceDirectory E:\PJ\Eclipse\SpringBoot_FullExample\src\test\resources
2025-02-27 09:29:19,404 [Worker-48: Building] INFO  o.a.m.s.f.DefaultMavenResourcesFiltering - Copying 1 resource from src\main\resources to target\classes
2025-02-27 09:29:19,410 [Worker-48: Building] INFO  o.a.m.s.f.DefaultMavenResourcesFiltering - Copying 0 resource from src\main\resources to target\classes
2025-02-27 09:29:19,412 [Worker-48: Building] INFO  o.a.m.s.f.DefaultMavenResourcesFiltering - skip non existing resourceDirectory E:\PJ\Eclipse\SpringBoot_FullExample\src\test\resources
2025-02-27 09:33:23,972 [Worker-44: Building] INFO  o.a.m.s.f.DefaultMavenResourcesFiltering - Copying 1 resource from src\main\resources to target\classes
2025-02-27 09:33:23,980 [Worker-44: Building] INFO  o.a.m.s.f.DefaultMavenResourcesFiltering - Copying 0 resource from src\main\resources to target\classes
2025-02-27 09:33:23,982 [Worker-44: Building] INFO  o.a.m.s.f.DefaultMavenResourcesFiltering - skip non existing resourceDirectory E:\PJ\Eclipse\SpringBoot_FullExample\src\test\resources
2025-02-27 09:35:24,681 [Worker-44: Building] INFO  o.a.m.s.f.DefaultMavenResourcesFiltering - Copying 1 resource from src\main\resources to target\classes
2025-02-27 09:35:24,687 [Worker-44: Building] INFO  o.a.m.s.f.DefaultMavenResourcesFiltering - Copying 0 resource from src\main\resources to target\classes
2025-02-27 09:35:24,690 [Worker-44: Building] INFO  o.a.m.s.f.DefaultMavenResourcesFiltering - skip non existing resourceDirectory E:\PJ\Eclipse\SpringBoot_FullExample\src\test\resources
2025-02-27 09:36:26,479 [Worker-48: Building] INFO  o.a.m.s.f.DefaultMavenResourcesFiltering - Copying 1 resource from src\main\resources to target\classes
2025-02-27 09:36:26,481 [Worker-48: Building] INFO  o.a.m.s.f.DefaultMavenResourcesFiltering - Copying 0 resource from src\main\resources to target\classes
2025-02-27 09:36:26,483 [Worker-48: Building] INFO  o.a.m.s.f.DefaultMavenResourcesFiltering - skip non existing resourceDirectory E:\PJ\Eclipse\SpringBoot_FullExample\src\test\resources
2025-02-27 09:36:36,315 [Worker-47: Building] INFO  o.a.m.s.f.DefaultMavenResourcesFiltering - Copying 1 resource from src\main\resources to target\classes
2025-02-27 09:36:36,322 [Worker-47: Building] INFO  o.a.m.s.f.DefaultMavenResourcesFiltering - Copying 0 resource from src\main\resources to target\classes
2025-02-27 09:36:36,325 [Worker-47: Building] INFO  o.a.m.s.f.DefaultMavenResourcesFiltering - skip non existing resourceDirectory E:\PJ\Eclipse\SpringBoot_FullExample\src\test\resources
2025-02-27 09:39:35,936 [Worker-44: Building] INFO  o.a.m.s.f.DefaultMavenResourcesFiltering - Copying 1 resource from src\main\resources to target\classes
2025-02-27 09:39:35,945 [Worker-44: Building] INFO  o.a.m.s.f.DefaultMavenResourcesFiltering - Copying 0 resource from src\main\resources to target\classes
2025-02-27 09:39:35,947 [Worker-44: Building] INFO  o.a.m.s.f.DefaultMavenResourcesFiltering - skip non existing resourceDirectory E:\PJ\Eclipse\SpringBoot_FullExample\src\test\resources
2025-02-27 09:40:24,729 [Worker-44: Building] INFO  o.a.m.s.f.DefaultMavenResourcesFiltering - Copying 1 resource from src\main\resources to target\classes
2025-02-27 09:40:24,735 [Worker-44: Building] INFO  o.a.m.s.f.DefaultMavenResourcesFiltering - Copying 0 resource from src\main\resources to target\classes
2025-02-27 09:40:24,737 [Worker-44: Building] INFO  o.a.m.s.f.DefaultMavenResourcesFiltering - skip non existing resourceDirectory E:\PJ\Eclipse\SpringBoot_FullExample\src\test\resources
2025-02-27 09:41:14,047 [Worker-45: Building] INFO  o.a.m.s.f.DefaultMavenResourcesFiltering - Copying 1 resource from src\main\resources to target\classes
2025-02-27 09:41:14,053 [Worker-45: Building] INFO  o.a.m.s.f.DefaultMavenResourcesFiltering - Copying 0 resource from src\main\resources to target\classes
2025-02-27 09:41:14,055 [Worker-45: Building] INFO  o.a.m.s.f.DefaultMavenResourcesFiltering - skip non existing resourceDirectory E:\PJ\Eclipse\SpringBoot_FullExample\src\test\resources
2025-02-27 09:42:07,796 [Worker-45: Building] INFO  o.a.m.s.f.DefaultMavenResourcesFiltering - Copying 1 resource from src\main\resources to target\classes
2025-02-27 09:42:07,800 [Worker-45: Building] INFO  o.a.m.s.f.DefaultMavenResourcesFiltering - Copying 0 resource from src\main\resources to target\classes
2025-02-27 09:42:07,802 [Worker-45: Building] INFO  o.a.m.s.f.DefaultMavenResourcesFiltering - skip non existing resourceDirectory E:\PJ\Eclipse\SpringBoot_FullExample\src\test\resources
2025-02-27 09:52:04,833 [Worker-45: Building] INFO  o.a.m.s.f.DefaultMavenResourcesFiltering - Copying 1 resource from src\main\resources to target\classes
2025-02-27 09:52:04,840 [Worker-45: Building] INFO  o.a.m.s.f.DefaultMavenResourcesFiltering - Copying 0 resource from src\main\resources to target\classes
2025-02-27 09:52:04,842 [Worker-45: Building] INFO  o.a.m.s.f.DefaultMavenResourcesFiltering - skip non existing resourceDirectory E:\PJ\Eclipse\SpringBoot_FullExample\src\test\resources
2025-02-27 09:52:10,618 [Worker-49: Building] INFO  o.a.m.s.f.DefaultMavenResourcesFiltering - Copying 1 resource from src\main\resources to target\classes
2025-02-27 09:52:10,621 [Worker-49: Building] INFO  o.a.m.s.f.DefaultMavenResourcesFiltering - Copying 0 resource from src\main\resources to target\classes
2025-02-27 09:52:10,623 [Worker-49: Building] INFO  o.a.m.s.f.DefaultMavenResourcesFiltering - skip non existing resourceDirectory E:\PJ\Eclipse\SpringBoot_FullExample\src\test\resources
2025-02-27 09:52:41,804 [Worker-49: Building] INFO  o.a.m.s.f.DefaultMavenResourcesFiltering - Copying 1 resource from src\main\resources to target\classes
2025-02-27 09:52:41,810 [Worker-49: Building] INFO  o.a.m.s.f.DefaultMavenResourcesFiltering - Copying 0 resource from src\main\resources to target\classes
2025-02-27 09:52:41,812 [Worker-49: Building] INFO  o.a.m.s.f.DefaultMavenResourcesFiltering - skip non existing resourceDirectory E:\PJ\Eclipse\SpringBoot_FullExample\src\test\resources
2025-02-27 09:52:47,470 [Worker-49: Building] INFO  o.a.m.s.f.DefaultMavenResourcesFiltering - Copying 1 resource from src\main\resources to target\classes
2025-02-27 09:52:47,476 [Worker-49: Building] INFO  o.a.m.s.f.DefaultMavenResourcesFiltering - Copying 0 resource from src\main\resources to target\classes
2025-02-27 09:52:47,477 [Worker-49: Building] INFO  o.a.m.s.f.DefaultMavenResourcesFiltering - skip non existing resourceDirectory E:\PJ\Eclipse\SpringBoot_FullExample\src\test\resources
2025-02-27 09:59:01,974 [Worker-49: Building] INFO  o.a.m.s.f.DefaultMavenResourcesFiltering - Copying 1 resource from src\main\resources to target\classes
2025-02-27 09:59:01,980 [Worker-49: Building] INFO  o.a.m.s.f.DefaultMavenResourcesFiltering - Copying 0 resource from src\main\resources to target\classes
2025-02-27 09:59:01,982 [Worker-49: Building] INFO  o.a.m.s.f.DefaultMavenResourcesFiltering - skip non existing resourceDirectory E:\PJ\Eclipse\SpringBoot_FullExample\src\test\resources
2025-02-27 09:59:12,028 [Worker-49: Building] INFO  o.a.m.s.f.DefaultMavenResourcesFiltering - Copying 1 resource from src\main\resources to target\classes
2025-02-27 09:59:12,034 [Worker-49: Building] INFO  o.a.m.s.f.DefaultMavenResourcesFiltering - Copying 0 resource from src\main\resources to target\classes
2025-02-27 09:59:12,036 [Worker-49: Building] INFO  o.a.m.s.f.DefaultMavenResourcesFiltering - skip non existing resourceDirectory E:\PJ\Eclipse\SpringBoot_FullExample\src\test\resources
2025-02-27 10:09:51,448 [Worker-47: Building] INFO  o.a.m.s.f.DefaultMavenResourcesFiltering - Copying 1 resource from src\main\resources to target\classes
2025-02-27 10:09:51,448 [Worker-47: Building] INFO  o.a.m.s.f.DefaultMavenResourcesFiltering - Copying 0 resource from src\main\resources to target\classes
2025-02-27 10:09:51,450 [Worker-47: Building] INFO  o.a.m.s.f.DefaultMavenResourcesFiltering - skip non existing resourceDirectory E:\PJ\Eclipse\SpringBoot_FullExample\src\test\resources
2025-02-27 10:11:31,003 [Worker-46: Launching Executing clean in E__PJ_Eclipse_SpringBoot_FullExample] INFO  o.eclipse.m2e.core.internal.Bundles - getClasspathEntries(Bundle=org.eclipse.m2e.maven.runtime_3.9.900.20240824-1409 [298])
2025-02-27 10:11:31,004 [Worker-46: Launching Executing clean in E__PJ_Eclipse_SpringBoot_FullExample] INFO  o.eclipse.m2e.core.internal.Bundles - 	Entry: C:\Users\plmin\.p2\pool\plugins\org.eclipse.m2e.maven.runtime_3.9.900.20240824-1409
2025-02-27 10:11:31,004 [Worker-46: Launching Executing clean in E__PJ_Eclipse_SpringBoot_FullExample] INFO  o.eclipse.m2e.core.internal.Bundles - 	Entry: C:\Users\plmin\.p2\pool\plugins\org.eclipse.m2e.maven.runtime_3.9.900.20240824-1409\jars\aopalliance-1.0.jar
2025-02-27 10:11:31,004 [Worker-46: Launching Executing clean in E__PJ_Eclipse_SpringBoot_FullExample] INFO  o.eclipse.m2e.core.internal.Bundles - 	Entry: C:\Users\plmin\.p2\pool\plugins\org.eclipse.m2e.maven.runtime_3.9.900.20240824-1409\jars\guice-5.1.0.jar
2025-02-27 10:11:31,004 [Worker-46: Launching Executing clean in E__PJ_Eclipse_SpringBoot_FullExample] INFO  o.eclipse.m2e.core.internal.Bundles - 	Entry: C:\Users\plmin\.p2\pool\plugins\org.eclipse.m2e.maven.runtime_3.9.900.20240824-1409\jars\httpclient-4.5.14.jar
2025-02-27 10:11:31,004 [Worker-46: Launching Executing clean in E__PJ_Eclipse_SpringBoot_FullExample] INFO  o.eclipse.m2e.core.internal.Bundles - 	Entry: C:\Users\plmin\.p2\pool\plugins\org.eclipse.m2e.maven.runtime_3.9.900.20240824-1409\jars\httpcore-4.4.16.jar
2025-02-27 10:11:31,004 [Worker-46: Launching Executing clean in E__PJ_Eclipse_SpringBoot_FullExample] INFO  o.eclipse.m2e.core.internal.Bundles - 	Entry: C:\Users\plmin\.p2\pool\plugins\org.eclipse.m2e.maven.runtime_3.9.900.20240824-1409\jars\jansi-2.4.1.jar
2025-02-27 10:11:31,004 [Worker-46: Launching Executing clean in E__PJ_Eclipse_SpringBoot_FullExample] INFO  o.eclipse.m2e.core.internal.Bundles - 	Entry: C:\Users\plmin\.p2\pool\plugins\org.eclipse.m2e.maven.runtime_3.9.900.20240824-1409\jars\jcl-over-slf4j-1.7.36.jar
2025-02-27 10:11:31,004 [Worker-46: Launching Executing clean in E__PJ_Eclipse_SpringBoot_FullExample] INFO  o.eclipse.m2e.core.internal.Bundles - 	Entry: C:\Users\plmin\.p2\pool\plugins\org.eclipse.m2e.maven.runtime_3.9.900.20240824-1409\jars\maven-artifact-3.9.9.jar
2025-02-27 10:11:31,004 [Worker-46: Launching Executing clean in E__PJ_Eclipse_SpringBoot_FullExample] INFO  o.eclipse.m2e.core.internal.Bundles - 	Entry: C:\Users\plmin\.p2\pool\plugins\org.eclipse.m2e.maven.runtime_3.9.900.20240824-1409\jars\maven-builder-support-3.9.9.jar
2025-02-27 10:11:31,004 [Worker-46: Launching Executing clean in E__PJ_Eclipse_SpringBoot_FullExample] INFO  o.eclipse.m2e.core.internal.Bundles - 	Entry: C:\Users\plmin\.p2\pool\plugins\org.eclipse.m2e.maven.runtime_3.9.900.20240824-1409\jars\maven-compat-3.9.9.jar
2025-02-27 10:11:31,004 [Worker-46: Launching Executing clean in E__PJ_Eclipse_SpringBoot_FullExample] INFO  o.eclipse.m2e.core.internal.Bundles - 	Entry: C:\Users\plmin\.p2\pool\plugins\org.eclipse.m2e.maven.runtime_3.9.900.20240824-1409\jars\maven-core-3.9.9.jar
2025-02-27 10:11:31,004 [Worker-46: Launching Executing clean in E__PJ_Eclipse_SpringBoot_FullExample] INFO  o.eclipse.m2e.core.internal.Bundles - 	Entry: C:\Users\plmin\.p2\pool\plugins\org.eclipse.m2e.maven.runtime_3.9.900.20240824-1409\jars\maven-embedder-3.9.9.jar
2025-02-27 10:11:31,004 [Worker-46: Launching Executing clean in E__PJ_Eclipse_SpringBoot_FullExample] INFO  o.eclipse.m2e.core.internal.Bundles - 	Entry: C:\Users\plmin\.p2\pool\plugins\org.eclipse.m2e.maven.runtime_3.9.900.20240824-1409\jars\maven-model-3.9.9.jar
2025-02-27 10:11:31,004 [Worker-46: Launching Executing clean in E__PJ_Eclipse_SpringBoot_FullExample] INFO  o.eclipse.m2e.core.internal.Bundles - 	Entry: C:\Users\plmin\.p2\pool\plugins\org.eclipse.m2e.maven.runtime_3.9.900.20240824-1409\jars\maven-model-builder-3.9.9.jar
2025-02-27 10:11:31,004 [Worker-46: Launching Executing clean in E__PJ_Eclipse_SpringBoot_FullExample] INFO  o.eclipse.m2e.core.internal.Bundles - 	Entry: C:\Users\plmin\.p2\pool\plugins\org.eclipse.m2e.maven.runtime_3.9.900.20240824-1409\jars\maven-plugin-api-3.9.9.jar
2025-02-27 10:11:31,004 [Worker-46: Launching Executing clean in E__PJ_Eclipse_SpringBoot_FullExample] INFO  o.eclipse.m2e.core.internal.Bundles - 	Entry: C:\Users\plmin\.p2\pool\plugins\org.eclipse.m2e.maven.runtime_3.9.900.20240824-1409\jars\maven-repository-metadata-3.9.9.jar
2025-02-27 10:11:31,004 [Worker-46: Launching Executing clean in E__PJ_Eclipse_SpringBoot_FullExample] INFO  o.eclipse.m2e.core.internal.Bundles - 	Entry: C:\Users\plmin\.p2\pool\plugins\org.eclipse.m2e.maven.runtime_3.9.900.20240824-1409\jars\maven-resolver-api-1.9.22.jar
2025-02-27 10:11:31,004 [Worker-46: Launching Executing clean in E__PJ_Eclipse_SpringBoot_FullExample] INFO  o.eclipse.m2e.core.internal.Bundles - 	Entry: C:\Users\plmin\.p2\pool\plugins\org.eclipse.m2e.maven.runtime_3.9.900.20240824-1409\jars\maven-resolver-connector-basic-1.9.22.jar
2025-02-27 10:11:31,004 [Worker-46: Launching Executing clean in E__PJ_Eclipse_SpringBoot_FullExample] INFO  o.eclipse.m2e.core.internal.Bundles - 	Entry: C:\Users\plmin\.p2\pool\plugins\org.eclipse.m2e.maven.runtime_3.9.900.20240824-1409\jars\maven-resolver-impl-1.9.22.jar
2025-02-27 10:11:31,004 [Worker-46: Launching Executing clean in E__PJ_Eclipse_SpringBoot_FullExample] INFO  o.eclipse.m2e.core.internal.Bundles - 	Entry: C:\Users\plmin\.p2\pool\plugins\org.eclipse.m2e.maven.runtime_3.9.900.20240824-1409\jars\maven-resolver-named-locks-1.9.22.jar
2025-02-27 10:11:31,004 [Worker-46: Launching Executing clean in E__PJ_Eclipse_SpringBoot_FullExample] INFO  o.eclipse.m2e.core.internal.Bundles - 	Entry: C:\Users\plmin\.p2\pool\plugins\org.eclipse.m2e.maven.runtime_3.9.900.20240824-1409\jars\maven-resolver-provider-3.9.9.jar
2025-02-27 10:11:31,005 [Worker-46: Launching Executing clean in E__PJ_Eclipse_SpringBoot_FullExample] INFO  o.eclipse.m2e.core.internal.Bundles - 	Entry: C:\Users\plmin\.p2\pool\plugins\org.eclipse.m2e.maven.runtime_3.9.900.20240824-1409\jars\maven-resolver-spi-1.9.22.jar
2025-02-27 10:11:31,005 [Worker-46: Launching Executing clean in E__PJ_Eclipse_SpringBoot_FullExample] INFO  o.eclipse.m2e.core.internal.Bundles - 	Entry: C:\Users\plmin\.p2\pool\plugins\org.eclipse.m2e.maven.runtime_3.9.900.20240824-1409\jars\maven-resolver-transport-file-1.9.22.jar
2025-02-27 10:11:31,005 [Worker-46: Launching Executing clean in E__PJ_Eclipse_SpringBoot_FullExample] INFO  o.eclipse.m2e.core.internal.Bundles - 	Entry: C:\Users\plmin\.p2\pool\plugins\org.eclipse.m2e.maven.runtime_3.9.900.20240824-1409\jars\maven-resolver-transport-http-1.9.22.jar
2025-02-27 10:11:31,005 [Worker-46: Launching Executing clean in E__PJ_Eclipse_SpringBoot_FullExample] INFO  o.eclipse.m2e.core.internal.Bundles - 	Entry: C:\Users\plmin\.p2\pool\plugins\org.eclipse.m2e.maven.runtime_3.9.900.20240824-1409\jars\maven-resolver-transport-wagon-1.9.22.jar
2025-02-27 10:11:31,005 [Worker-46: Launching Executing clean in E__PJ_Eclipse_SpringBoot_FullExample] INFO  o.eclipse.m2e.core.internal.Bundles - 	Entry: C:\Users\plmin\.p2\pool\plugins\org.eclipse.m2e.maven.runtime_3.9.900.20240824-1409\jars\maven-resolver-util-1.9.22.jar
2025-02-27 10:11:31,005 [Worker-46: Launching Executing clean in E__PJ_Eclipse_SpringBoot_FullExample] INFO  o.eclipse.m2e.core.internal.Bundles - 	Entry: C:\Users\plmin\.p2\pool\plugins\org.eclipse.m2e.maven.runtime_3.9.900.20240824-1409\jars\maven-settings-3.9.9.jar
2025-02-27 10:11:31,005 [Worker-46: Launching Executing clean in E__PJ_Eclipse_SpringBoot_FullExample] INFO  o.eclipse.m2e.core.internal.Bundles - 	Entry: C:\Users\plmin\.p2\pool\plugins\org.eclipse.m2e.maven.runtime_3.9.900.20240824-1409\jars\maven-settings-builder-3.9.9.jar
2025-02-27 10:11:31,005 [Worker-46: Launching Executing clean in E__PJ_Eclipse_SpringBoot_FullExample] INFO  o.eclipse.m2e.core.internal.Bundles - 	Entry: C:\Users\plmin\.p2\pool\plugins\org.eclipse.m2e.maven.runtime_3.9.900.20240824-1409\jars\maven-shared-utils-3.4.2.jar
2025-02-27 10:11:31,005 [Worker-46: Launching Executing clean in E__PJ_Eclipse_SpringBoot_FullExample] INFO  o.eclipse.m2e.core.internal.Bundles - 	Entry: C:\Users\plmin\.p2\pool\plugins\org.eclipse.m2e.maven.runtime_3.9.900.20240824-1409\jars\org.eclipse.sisu.inject-0.9.0.M3.jar
2025-02-27 10:11:31,005 [Worker-46: Launching Executing clean in E__PJ_Eclipse_SpringBoot_FullExample] INFO  o.eclipse.m2e.core.internal.Bundles - 	Entry: C:\Users\plmin\.p2\pool\plugins\org.eclipse.m2e.maven.runtime_3.9.900.20240824-1409\jars\org.eclipse.sisu.plexus-0.9.0.M3.jar
2025-02-27 10:11:31,005 [Worker-46: Launching Executing clean in E__PJ_Eclipse_SpringBoot_FullExample] INFO  o.eclipse.m2e.core.internal.Bundles - 	Entry: C:\Users\plmin\.p2\pool\plugins\org.eclipse.m2e.maven.runtime_3.9.900.20240824-1409\jars\plexus-build-api-0.0.7.jar
2025-02-27 10:11:31,005 [Worker-46: Launching Executing clean in E__PJ_Eclipse_SpringBoot_FullExample] INFO  o.eclipse.m2e.core.internal.Bundles - 	Entry: C:\Users\plmin\.p2\pool\plugins\org.eclipse.m2e.maven.runtime_3.9.900.20240824-1409\jars\plexus-build-api-1.2.0.jar
2025-02-27 10:11:31,005 [Worker-46: Launching Executing clean in E__PJ_Eclipse_SpringBoot_FullExample] INFO  o.eclipse.m2e.core.internal.Bundles - 	Entry: C:\Users\plmin\.p2\pool\plugins\org.eclipse.m2e.maven.runtime_3.9.900.20240824-1409\jars\plexus-cipher-2.0.jar
2025-02-27 10:11:31,005 [Worker-46: Launching Executing clean in E__PJ_Eclipse_SpringBoot_FullExample] INFO  o.eclipse.m2e.core.internal.Bundles - 	Entry: C:\Users\plmin\.p2\pool\plugins\org.eclipse.m2e.maven.runtime_3.9.900.20240824-1409\jars\plexus-classworlds-2.8.0.jar
2025-02-27 10:11:31,005 [Worker-46: Launching Executing clean in E__PJ_Eclipse_SpringBoot_FullExample] INFO  o.eclipse.m2e.core.internal.Bundles - 	Entry: C:\Users\plmin\.p2\pool\plugins\org.eclipse.m2e.maven.runtime_3.9.900.20240824-1409\jars\plexus-component-annotations-2.1.0.jar
2025-02-27 10:11:31,006 [Worker-46: Launching Executing clean in E__PJ_Eclipse_SpringBoot_FullExample] INFO  o.eclipse.m2e.core.internal.Bundles - 	Entry: C:\Users\plmin\.p2\pool\plugins\org.eclipse.m2e.maven.runtime_3.9.900.20240824-1409\jars\plexus-interpolation-1.27.jar
2025-02-27 10:11:31,006 [Worker-46: Launching Executing clean in E__PJ_Eclipse_SpringBoot_FullExample] INFO  o.eclipse.m2e.core.internal.Bundles - 	Entry: C:\Users\plmin\.p2\pool\plugins\org.eclipse.m2e.maven.runtime_3.9.900.20240824-1409\jars\plexus-sec-dispatcher-2.0.jar
2025-02-27 10:11:31,006 [Worker-46: Launching Executing clean in E__PJ_Eclipse_SpringBoot_FullExample] INFO  o.eclipse.m2e.core.internal.Bundles - 	Entry: C:\Users\plmin\.p2\pool\plugins\org.eclipse.m2e.maven.runtime_3.9.900.20240824-1409\jars\plexus-utils-3.5.1.jar
2025-02-27 10:11:31,006 [Worker-46: Launching Executing clean in E__PJ_Eclipse_SpringBoot_FullExample] INFO  o.eclipse.m2e.core.internal.Bundles - 	Entry: C:\Users\plmin\.p2\pool\plugins\org.eclipse.m2e.maven.runtime_3.9.900.20240824-1409\jars\plexus-xml-3.0.1.jar
2025-02-27 10:11:31,006 [Worker-46: Launching Executing clean in E__PJ_Eclipse_SpringBoot_FullExample] INFO  o.eclipse.m2e.core.internal.Bundles - 	Entry: C:\Users\plmin\.p2\pool\plugins\org.eclipse.m2e.maven.runtime_3.9.900.20240824-1409\jars\wagon-file-3.5.3.jar
2025-02-27 10:11:31,006 [Worker-46: Launching Executing clean in E__PJ_Eclipse_SpringBoot_FullExample] INFO  o.eclipse.m2e.core.internal.Bundles - 	Entry: C:\Users\plmin\.p2\pool\plugins\org.eclipse.m2e.maven.runtime_3.9.900.20240824-1409\jars\wagon-http-3.5.3.jar
2025-02-27 10:11:31,006 [Worker-46: Launching Executing clean in E__PJ_Eclipse_SpringBoot_FullExample] INFO  o.eclipse.m2e.core.internal.Bundles - 	Entry: C:\Users\plmin\.p2\pool\plugins\org.eclipse.m2e.maven.runtime_3.9.900.20240824-1409\jars\wagon-http-shared-3.5.3.jar
2025-02-27 10:11:31,006 [Worker-46: Launching Executing clean in E__PJ_Eclipse_SpringBoot_FullExample] INFO  o.eclipse.m2e.core.internal.Bundles - 	Entry: C:\Users\plmin\.p2\pool\plugins\org.eclipse.m2e.maven.runtime_3.9.900.20240824-1409\jars\wagon-provider-api-3.5.3.jar
2025-02-27 10:11:31,007 [Worker-46: Launching Executing clean in E__PJ_Eclipse_SpringBoot_FullExample] INFO  o.eclipse.m2e.core.internal.Bundles - getClasspathEntries(Bundle=com.google.guava_33.3.1.jre [10])
2025-02-27 10:11:31,007 [Worker-46: Launching Executing clean in E__PJ_Eclipse_SpringBoot_FullExample] INFO  o.eclipse.m2e.core.internal.Bundles - 	Entry: C:\Users\plmin\.p2\pool\plugins\com.google.guava_33.3.1.jre.jar
2025-02-27 10:11:31,008 [Worker-46: Launching Executing clean in E__PJ_Eclipse_SpringBoot_FullExample] INFO  o.eclipse.m2e.core.internal.Bundles - getClasspathEntries(Bundle=slf4j.api_2.0.16 [522])
2025-02-27 10:11:31,008 [Worker-46: Launching Executing clean in E__PJ_Eclipse_SpringBoot_FullExample] INFO  o.eclipse.m2e.core.internal.Bundles - 	Entry: C:\Users\plmin\.p2\pool\plugins\slf4j.api_2.0.16.jar
2025-02-27 10:11:31,008 [Worker-46: Launching Executing clean in E__PJ_Eclipse_SpringBoot_FullExample] INFO  o.eclipse.m2e.core.internal.Bundles - getClasspathEntries(Bundle=jakarta.inject.jakarta.inject-api_1.0.5 [22])
2025-02-27 10:11:31,008 [Worker-46: Launching Executing clean in E__PJ_Eclipse_SpringBoot_FullExample] INFO  o.eclipse.m2e.core.internal.Bundles - 	Entry: C:\Users\plmin\.p2\pool\plugins\jakarta.inject.jakarta.inject-api_1.0.5.jar
2025-02-27 10:11:31,008 [Worker-46: Launching Executing clean in E__PJ_Eclipse_SpringBoot_FullExample] INFO  o.eclipse.m2e.core.internal.Bundles - getClasspathEntries(Bundle=jakarta.annotation-api_1.3.5 [20])
2025-02-27 10:11:31,008 [Worker-46: Launching Executing clean in E__PJ_Eclipse_SpringBoot_FullExample] INFO  o.eclipse.m2e.core.internal.Bundles - 	Entry: C:\Users\plmin\.p2\pool\plugins\jakarta.annotation-api_1.3.5.jar
2025-02-27 10:11:31,008 [Worker-46: Launching Executing clean in E__PJ_Eclipse_SpringBoot_FullExample] INFO  o.eclipse.m2e.core.internal.Bundles - getClasspathEntries(Bundle=org.apache.commons.cli_1.9.0 [47])
2025-02-27 10:11:31,008 [Worker-46: Launching Executing clean in E__PJ_Eclipse_SpringBoot_FullExample] INFO  o.eclipse.m2e.core.internal.Bundles - 	Entry: C:\Users\plmin\.p2\pool\plugins\org.apache.commons.cli_1.9.0.jar
2025-02-27 10:11:31,008 [Worker-46: Launching Executing clean in E__PJ_Eclipse_SpringBoot_FullExample] INFO  o.eclipse.m2e.core.internal.Bundles - getClasspathEntries(Bundle=org.apache.commons.commons-codec_1.16.0 [50])
2025-02-27 10:11:31,009 [Worker-46: Launching Executing clean in E__PJ_Eclipse_SpringBoot_FullExample] INFO  o.eclipse.m2e.core.internal.Bundles - 	Entry: C:\Users\plmin\.p2\pool\plugins\org.apache.commons.commons-codec_1.16.0.jar
2025-02-27 10:11:31,009 [Worker-46: Launching Executing clean in E__PJ_Eclipse_SpringBoot_FullExample] INFO  o.eclipse.m2e.core.internal.Bundles - getClasspathEntries(Bundle=com.google.guava.failureaccess_1.0.2 [11])
2025-02-27 10:11:31,009 [Worker-46: Launching Executing clean in E__PJ_Eclipse_SpringBoot_FullExample] INFO  o.eclipse.m2e.core.internal.Bundles - 	Entry: C:\Users\plmin\.p2\pool\plugins\com.google.guava.failureaccess_1.0.2.jar
2025-02-27 10:11:31,011 [Worker-46: Launching Executing clean in E__PJ_Eclipse_SpringBoot_FullExample] INFO  o.e.m.i.launch.MavenLaunchDelegate - Run build in "E:\PJ\Eclipse\SpringBoot_FullExample":
2025-02-27 10:11:31,012 [Worker-46: Launching Executing clean in E__PJ_Eclipse_SpringBoot_FullExample] INFO  o.e.m.i.launch.MavenLaunchDelegate -  mvn  -B -Dstyle.color=always clean
2025-02-27 10:12:24,419 [Worker-50: Building] INFO  o.a.m.s.f.DefaultMavenResourcesFiltering - Copying 1 resource from src\main\resources to target\classes
2025-02-27 10:12:24,420 [Worker-50: Building] INFO  o.a.m.s.f.DefaultMavenResourcesFiltering - Copying 0 resource from src\main\resources to target\classes
2025-02-27 10:12:24,421 [Worker-50: Building] INFO  o.a.m.s.f.DefaultMavenResourcesFiltering - skip non existing resourceDirectory E:\PJ\Eclipse\SpringBoot_FullExample\src\test\resources
2025-02-27 10:12:56,083 [Worker-47: Launching Executing clean in E__PJ_Eclipse_SpringBoot_FullExample] INFO  o.eclipse.m2e.core.internal.Bundles - getClasspathEntries(Bundle=org.eclipse.m2e.maven.runtime_3.9.900.20240824-1409 [298])
2025-02-27 10:12:56,083 [Worker-47: Launching Executing clean in E__PJ_Eclipse_SpringBoot_FullExample] INFO  o.eclipse.m2e.core.internal.Bundles - 	Entry: C:\Users\plmin\.p2\pool\plugins\org.eclipse.m2e.maven.runtime_3.9.900.20240824-1409
2025-02-27 10:12:56,084 [Worker-47: Launching Executing clean in E__PJ_Eclipse_SpringBoot_FullExample] INFO  o.eclipse.m2e.core.internal.Bundles - 	Entry: C:\Users\plmin\.p2\pool\plugins\org.eclipse.m2e.maven.runtime_3.9.900.20240824-1409\jars\aopalliance-1.0.jar
2025-02-27 10:12:56,084 [Worker-47: Launching Executing clean in E__PJ_Eclipse_SpringBoot_FullExample] INFO  o.eclipse.m2e.core.internal.Bundles - 	Entry: C:\Users\plmin\.p2\pool\plugins\org.eclipse.m2e.maven.runtime_3.9.900.20240824-1409\jars\guice-5.1.0.jar
2025-02-27 10:12:56,084 [Worker-47: Launching Executing clean in E__PJ_Eclipse_SpringBoot_FullExample] INFO  o.eclipse.m2e.core.internal.Bundles - 	Entry: C:\Users\plmin\.p2\pool\plugins\org.eclipse.m2e.maven.runtime_3.9.900.20240824-1409\jars\httpclient-4.5.14.jar
2025-02-27 10:12:56,084 [Worker-47: Launching Executing clean in E__PJ_Eclipse_SpringBoot_FullExample] INFO  o.eclipse.m2e.core.internal.Bundles - 	Entry: C:\Users\plmin\.p2\pool\plugins\org.eclipse.m2e.maven.runtime_3.9.900.20240824-1409\jars\httpcore-4.4.16.jar
2025-02-27 10:12:56,084 [Worker-47: Launching Executing clean in E__PJ_Eclipse_SpringBoot_FullExample] INFO  o.eclipse.m2e.core.internal.Bundles - 	Entry: C:\Users\plmin\.p2\pool\plugins\org.eclipse.m2e.maven.runtime_3.9.900.20240824-1409\jars\jansi-2.4.1.jar
2025-02-27 10:12:56,084 [Worker-47: Launching Executing clean in E__PJ_Eclipse_SpringBoot_FullExample] INFO  o.eclipse.m2e.core.internal.Bundles - 	Entry: C:\Users\plmin\.p2\pool\plugins\org.eclipse.m2e.maven.runtime_3.9.900.20240824-1409\jars\jcl-over-slf4j-1.7.36.jar
2025-02-27 10:12:56,084 [Worker-47: Launching Executing clean in E__PJ_Eclipse_SpringBoot_FullExample] INFO  o.eclipse.m2e.core.internal.Bundles - 	Entry: C:\Users\plmin\.p2\pool\plugins\org.eclipse.m2e.maven.runtime_3.9.900.20240824-1409\jars\maven-artifact-3.9.9.jar
2025-02-27 10:12:56,084 [Worker-47: Launching Executing clean in E__PJ_Eclipse_SpringBoot_FullExample] INFO  o.eclipse.m2e.core.internal.Bundles - 	Entry: C:\Users\plmin\.p2\pool\plugins\org.eclipse.m2e.maven.runtime_3.9.900.20240824-1409\jars\maven-builder-support-3.9.9.jar
2025-02-27 10:12:56,084 [Worker-47: Launching Executing clean in E__PJ_Eclipse_SpringBoot_FullExample] INFO  o.eclipse.m2e.core.internal.Bundles - 	Entry: C:\Users\plmin\.p2\pool\plugins\org.eclipse.m2e.maven.runtime_3.9.900.20240824-1409\jars\maven-compat-3.9.9.jar
2025-02-27 10:12:56,084 [Worker-47: Launching Executing clean in E__PJ_Eclipse_SpringBoot_FullExample] INFO  o.eclipse.m2e.core.internal.Bundles - 	Entry: C:\Users\plmin\.p2\pool\plugins\org.eclipse.m2e.maven.runtime_3.9.900.20240824-1409\jars\maven-core-3.9.9.jar
2025-02-27 10:12:56,084 [Worker-47: Launching Executing clean in E__PJ_Eclipse_SpringBoot_FullExample] INFO  o.eclipse.m2e.core.internal.Bundles - 	Entry: C:\Users\plmin\.p2\pool\plugins\org.eclipse.m2e.maven.runtime_3.9.900.20240824-1409\jars\maven-embedder-3.9.9.jar
2025-02-27 10:12:56,084 [Worker-47: Launching Executing clean in E__PJ_Eclipse_SpringBoot_FullExample] INFO  o.eclipse.m2e.core.internal.Bundles - 	Entry: C:\Users\plmin\.p2\pool\plugins\org.eclipse.m2e.maven.runtime_3.9.900.20240824-1409\jars\maven-model-3.9.9.jar
2025-02-27 10:12:56,084 [Worker-47: Launching Executing clean in E__PJ_Eclipse_SpringBoot_FullExample] INFO  o.eclipse.m2e.core.internal.Bundles - 	Entry: C:\Users\plmin\.p2\pool\plugins\org.eclipse.m2e.maven.runtime_3.9.900.20240824-1409\jars\maven-model-builder-3.9.9.jar
2025-02-27 10:12:56,084 [Worker-47: Launching Executing clean in E__PJ_Eclipse_SpringBoot_FullExample] INFO  o.eclipse.m2e.core.internal.Bundles - 	Entry: C:\Users\plmin\.p2\pool\plugins\org.eclipse.m2e.maven.runtime_3.9.900.20240824-1409\jars\maven-plugin-api-3.9.9.jar
2025-02-27 10:12:56,084 [Worker-47: Launching Executing clean in E__PJ_Eclipse_SpringBoot_FullExample] INFO  o.eclipse.m2e.core.internal.Bundles - 	Entry: C:\Users\plmin\.p2\pool\plugins\org.eclipse.m2e.maven.runtime_3.9.900.20240824-1409\jars\maven-repository-metadata-3.9.9.jar
2025-02-27 10:12:56,084 [Worker-47: Launching Executing clean in E__PJ_Eclipse_SpringBoot_FullExample] INFO  o.eclipse.m2e.core.internal.Bundles - 	Entry: C:\Users\plmin\.p2\pool\plugins\org.eclipse.m2e.maven.runtime_3.9.900.20240824-1409\jars\maven-resolver-api-1.9.22.jar
2025-02-27 10:12:56,084 [Worker-47: Launching Executing clean in E__PJ_Eclipse_SpringBoot_FullExample] INFO  o.eclipse.m2e.core.internal.Bundles - 	Entry: C:\Users\plmin\.p2\pool\plugins\org.eclipse.m2e.maven.runtime_3.9.900.20240824-1409\jars\maven-resolver-connector-basic-1.9.22.jar
2025-02-27 10:12:56,084 [Worker-47: Launching Executing clean in E__PJ_Eclipse_SpringBoot_FullExample] INFO  o.eclipse.m2e.core.internal.Bundles - 	Entry: C:\Users\plmin\.p2\pool\plugins\org.eclipse.m2e.maven.runtime_3.9.900.20240824-1409\jars\maven-resolver-impl-1.9.22.jar
2025-02-27 10:12:56,084 [Worker-47: Launching Executing clean in E__PJ_Eclipse_SpringBoot_FullExample] INFO  o.eclipse.m2e.core.internal.Bundles - 	Entry: C:\Users\plmin\.p2\pool\plugins\org.eclipse.m2e.maven.runtime_3.9.900.20240824-1409\jars\maven-resolver-named-locks-1.9.22.jar
2025-02-27 10:12:56,085 [Worker-47: Launching Executing clean in E__PJ_Eclipse_SpringBoot_FullExample] INFO  o.eclipse.m2e.core.internal.Bundles - 	Entry: C:\Users\plmin\.p2\pool\plugins\org.eclipse.m2e.maven.runtime_3.9.900.20240824-1409\jars\maven-resolver-provider-3.9.9.jar
2025-02-27 10:12:56,085 [Worker-47: Launching Executing clean in E__PJ_Eclipse_SpringBoot_FullExample] INFO  o.eclipse.m2e.core.internal.Bundles - 	Entry: C:\Users\plmin\.p2\pool\plugins\org.eclipse.m2e.maven.runtime_3.9.900.20240824-1409\jars\maven-resolver-spi-1.9.22.jar
2025-02-27 10:12:56,085 [Worker-47: Launching Executing clean in E__PJ_Eclipse_SpringBoot_FullExample] INFO  o.eclipse.m2e.core.internal.Bundles - 	Entry: C:\Users\plmin\.p2\pool\plugins\org.eclipse.m2e.maven.runtime_3.9.900.20240824-1409\jars\maven-resolver-transport-file-1.9.22.jar
2025-02-27 10:12:56,085 [Worker-47: Launching Executing clean in E__PJ_Eclipse_SpringBoot_FullExample] INFO  o.eclipse.m2e.core.internal.Bundles - 	Entry: C:\Users\plmin\.p2\pool\plugins\org.eclipse.m2e.maven.runtime_3.9.900.20240824-1409\jars\maven-resolver-transport-http-1.9.22.jar
2025-02-27 10:12:56,085 [Worker-47: Launching Executing clean in E__PJ_Eclipse_SpringBoot_FullExample] INFO  o.eclipse.m2e.core.internal.Bundles - 	Entry: C:\Users\plmin\.p2\pool\plugins\org.eclipse.m2e.maven.runtime_3.9.900.20240824-1409\jars\maven-resolver-transport-wagon-1.9.22.jar
2025-02-27 10:12:56,085 [Worker-47: Launching Executing clean in E__PJ_Eclipse_SpringBoot_FullExample] INFO  o.eclipse.m2e.core.internal.Bundles - 	Entry: C:\Users\plmin\.p2\pool\plugins\org.eclipse.m2e.maven.runtime_3.9.900.20240824-1409\jars\maven-resolver-util-1.9.22.jar
2025-02-27 10:12:56,085 [Worker-47: Launching Executing clean in E__PJ_Eclipse_SpringBoot_FullExample] INFO  o.eclipse.m2e.core.internal.Bundles - 	Entry: C:\Users\plmin\.p2\pool\plugins\org.eclipse.m2e.maven.runtime_3.9.900.20240824-1409\jars\maven-settings-3.9.9.jar
2025-02-27 10:12:56,085 [Worker-47: Launching Executing clean in E__PJ_Eclipse_SpringBoot_FullExample] INFO  o.eclipse.m2e.core.internal.Bundles - 	Entry: C:\Users\plmin\.p2\pool\plugins\org.eclipse.m2e.maven.runtime_3.9.900.20240824-1409\jars\maven-settings-builder-3.9.9.jar
2025-02-27 10:12:56,085 [Worker-47: Launching Executing clean in E__PJ_Eclipse_SpringBoot_FullExample] INFO  o.eclipse.m2e.core.internal.Bundles - 	Entry: C:\Users\plmin\.p2\pool\plugins\org.eclipse.m2e.maven.runtime_3.9.900.20240824-1409\jars\maven-shared-utils-3.4.2.jar
2025-02-27 10:12:56,085 [Worker-47: Launching Executing clean in E__PJ_Eclipse_SpringBoot_FullExample] INFO  o.eclipse.m2e.core.internal.Bundles - 	Entry: C:\Users\plmin\.p2\pool\plugins\org.eclipse.m2e.maven.runtime_3.9.900.20240824-1409\jars\org.eclipse.sisu.inject-0.9.0.M3.jar
2025-02-27 10:12:56,085 [Worker-47: Launching Executing clean in E__PJ_Eclipse_SpringBoot_FullExample] INFO  o.eclipse.m2e.core.internal.Bundles - 	Entry: C:\Users\plmin\.p2\pool\plugins\org.eclipse.m2e.maven.runtime_3.9.900.20240824-1409\jars\org.eclipse.sisu.plexus-0.9.0.M3.jar
2025-02-27 10:12:56,085 [Worker-47: Launching Executing clean in E__PJ_Eclipse_SpringBoot_FullExample] INFO  o.eclipse.m2e.core.internal.Bundles - 	Entry: C:\Users\plmin\.p2\pool\plugins\org.eclipse.m2e.maven.runtime_3.9.900.20240824-1409\jars\plexus-build-api-0.0.7.jar
2025-02-27 10:12:56,085 [Worker-47: Launching Executing clean in E__PJ_Eclipse_SpringBoot_FullExample] INFO  o.eclipse.m2e.core.internal.Bundles - 	Entry: C:\Users\plmin\.p2\pool\plugins\org.eclipse.m2e.maven.runtime_3.9.900.20240824-1409\jars\plexus-build-api-1.2.0.jar
2025-02-27 10:12:56,085 [Worker-47: Launching Executing clean in E__PJ_Eclipse_SpringBoot_FullExample] INFO  o.eclipse.m2e.core.internal.Bundles - 	Entry: C:\Users\plmin\.p2\pool\plugins\org.eclipse.m2e.maven.runtime_3.9.900.20240824-1409\jars\plexus-cipher-2.0.jar
2025-02-27 10:12:56,085 [Worker-47: Launching Executing clean in E__PJ_Eclipse_SpringBoot_FullExample] INFO  o.eclipse.m2e.core.internal.Bundles - 	Entry: C:\Users\plmin\.p2\pool\plugins\org.eclipse.m2e.maven.runtime_3.9.900.20240824-1409\jars\plexus-classworlds-2.8.0.jar
2025-02-27 10:12:56,085 [Worker-47: Launching Executing clean in E__PJ_Eclipse_SpringBoot_FullExample] INFO  o.eclipse.m2e.core.internal.Bundles - 	Entry: C:\Users\plmin\.p2\pool\plugins\org.eclipse.m2e.maven.runtime_3.9.900.20240824-1409\jars\plexus-component-annotations-2.1.0.jar
2025-02-27 10:12:56,085 [Worker-47: Launching Executing clean in E__PJ_Eclipse_SpringBoot_FullExample] INFO  o.eclipse.m2e.core.internal.Bundles - 	Entry: C:\Users\plmin\.p2\pool\plugins\org.eclipse.m2e.maven.runtime_3.9.900.20240824-1409\jars\plexus-interpolation-1.27.jar
2025-02-27 10:12:56,085 [Worker-47: Launching Executing clean in E__PJ_Eclipse_SpringBoot_FullExample] INFO  o.eclipse.m2e.core.internal.Bundles - 	Entry: C:\Users\plmin\.p2\pool\plugins\org.eclipse.m2e.maven.runtime_3.9.900.20240824-1409\jars\plexus-sec-dispatcher-2.0.jar
2025-02-27 10:12:56,085 [Worker-47: Launching Executing clean in E__PJ_Eclipse_SpringBoot_FullExample] INFO  o.eclipse.m2e.core.internal.Bundles - 	Entry: C:\Users\plmin\.p2\pool\plugins\org.eclipse.m2e.maven.runtime_3.9.900.20240824-1409\jars\plexus-utils-3.5.1.jar
2025-02-27 10:12:56,085 [Worker-47: Launching Executing clean in E__PJ_Eclipse_SpringBoot_FullExample] INFO  o.eclipse.m2e.core.internal.Bundles - 	Entry: C:\Users\plmin\.p2\pool\plugins\org.eclipse.m2e.maven.runtime_3.9.900.20240824-1409\jars\plexus-xml-3.0.1.jar
2025-02-27 10:12:56,086 [Worker-47: Launching Executing clean in E__PJ_Eclipse_SpringBoot_FullExample] INFO  o.eclipse.m2e.core.internal.Bundles - 	Entry: C:\Users\plmin\.p2\pool\plugins\org.eclipse.m2e.maven.runtime_3.9.900.20240824-1409\jars\wagon-file-3.5.3.jar
2025-02-27 10:12:56,086 [Worker-47: Launching Executing clean in E__PJ_Eclipse_SpringBoot_FullExample] INFO  o.eclipse.m2e.core.internal.Bundles - 	Entry: C:\Users\plmin\.p2\pool\plugins\org.eclipse.m2e.maven.runtime_3.9.900.20240824-1409\jars\wagon-http-3.5.3.jar
2025-02-27 10:12:56,086 [Worker-47: Launching Executing clean in E__PJ_Eclipse_SpringBoot_FullExample] INFO  o.eclipse.m2e.core.internal.Bundles - 	Entry: C:\Users\plmin\.p2\pool\plugins\org.eclipse.m2e.maven.runtime_3.9.900.20240824-1409\jars\wagon-http-shared-3.5.3.jar
2025-02-27 10:12:56,086 [Worker-47: Launching Executing clean in E__PJ_Eclipse_SpringBoot_FullExample] INFO  o.eclipse.m2e.core.internal.Bundles - 	Entry: C:\Users\plmin\.p2\pool\plugins\org.eclipse.m2e.maven.runtime_3.9.900.20240824-1409\jars\wagon-provider-api-3.5.3.jar
2025-02-27 10:12:56,086 [Worker-47: Launching Executing clean in E__PJ_Eclipse_SpringBoot_FullExample] INFO  o.eclipse.m2e.core.internal.Bundles - getClasspathEntries(Bundle=com.google.guava_33.3.1.jre [10])
2025-02-27 10:12:56,086 [Worker-47: Launching Executing clean in E__PJ_Eclipse_SpringBoot_FullExample] INFO  o.eclipse.m2e.core.internal.Bundles - 	Entry: C:\Users\plmin\.p2\pool\plugins\com.google.guava_33.3.1.jre.jar
2025-02-27 10:12:56,086 [Worker-47: Launching Executing clean in E__PJ_Eclipse_SpringBoot_FullExample] INFO  o.eclipse.m2e.core.internal.Bundles - getClasspathEntries(Bundle=slf4j.api_2.0.16 [522])
2025-02-27 10:12:56,086 [Worker-47: Launching Executing clean in E__PJ_Eclipse_SpringBoot_FullExample] INFO  o.eclipse.m2e.core.internal.Bundles - 	Entry: C:\Users\plmin\.p2\pool\plugins\slf4j.api_2.0.16.jar
2025-02-27 10:12:56,086 [Worker-47: Launching Executing clean in E__PJ_Eclipse_SpringBoot_FullExample] INFO  o.eclipse.m2e.core.internal.Bundles - getClasspathEntries(Bundle=jakarta.inject.jakarta.inject-api_1.0.5 [22])
2025-02-27 10:12:56,087 [Worker-47: Launching Executing clean in E__PJ_Eclipse_SpringBoot_FullExample] INFO  o.eclipse.m2e.core.internal.Bundles - 	Entry: C:\Users\plmin\.p2\pool\plugins\jakarta.inject.jakarta.inject-api_1.0.5.jar
2025-02-27 10:12:56,087 [Worker-47: Launching Executing clean in E__PJ_Eclipse_SpringBoot_FullExample] INFO  o.eclipse.m2e.core.internal.Bundles - getClasspathEntries(Bundle=jakarta.annotation-api_1.3.5 [20])
2025-02-27 10:12:56,087 [Worker-47: Launching Executing clean in E__PJ_Eclipse_SpringBoot_FullExample] INFO  o.eclipse.m2e.core.internal.Bundles - 	Entry: C:\Users\plmin\.p2\pool\plugins\jakarta.annotation-api_1.3.5.jar
2025-02-27 10:12:56,087 [Worker-47: Launching Executing clean in E__PJ_Eclipse_SpringBoot_FullExample] INFO  o.eclipse.m2e.core.internal.Bundles - getClasspathEntries(Bundle=org.apache.commons.cli_1.9.0 [47])
2025-02-27 10:12:56,087 [Worker-47: Launching Executing clean in E__PJ_Eclipse_SpringBoot_FullExample] INFO  o.eclipse.m2e.core.internal.Bundles - 	Entry: C:\Users\plmin\.p2\pool\plugins\org.apache.commons.cli_1.9.0.jar
2025-02-27 10:12:56,087 [Worker-47: Launching Executing clean in E__PJ_Eclipse_SpringBoot_FullExample] INFO  o.eclipse.m2e.core.internal.Bundles - getClasspathEntries(Bundle=org.apache.commons.commons-codec_1.16.0 [50])
2025-02-27 10:12:56,087 [Worker-47: Launching Executing clean in E__PJ_Eclipse_SpringBoot_FullExample] INFO  o.eclipse.m2e.core.internal.Bundles - 	Entry: C:\Users\plmin\.p2\pool\plugins\org.apache.commons.commons-codec_1.16.0.jar
2025-02-27 10:12:56,087 [Worker-47: Launching Executing clean in E__PJ_Eclipse_SpringBoot_FullExample] INFO  o.eclipse.m2e.core.internal.Bundles - getClasspathEntries(Bundle=com.google.guava.failureaccess_1.0.2 [11])
2025-02-27 10:12:56,087 [Worker-47: Launching Executing clean in E__PJ_Eclipse_SpringBoot_FullExample] INFO  o.eclipse.m2e.core.internal.Bundles - 	Entry: C:\Users\plmin\.p2\pool\plugins\com.google.guava.failureaccess_1.0.2.jar
2025-02-27 10:12:56,088 [Worker-47: Launching Executing clean in E__PJ_Eclipse_SpringBoot_FullExample] INFO  o.e.m.i.launch.MavenLaunchDelegate - Run build in "E:\PJ\Eclipse\SpringBoot_FullExample":
2025-02-27 10:12:56,088 [Worker-47: Launching Executing clean in E__PJ_Eclipse_SpringBoot_FullExample] INFO  o.e.m.i.launch.MavenLaunchDelegate -  mvn  -B -Dstyle.color=always clean
2025-02-27 10:12:57,999 [Worker-46: Building] INFO  o.a.m.s.f.DefaultMavenResourcesFiltering - Copying 1 resource from src\main\resources to target\classes
2025-02-27 10:12:57,999 [Worker-46: Building] INFO  o.a.m.s.f.DefaultMavenResourcesFiltering - Copying 0 resource from src\main\resources to target\classes
2025-02-27 10:12:58,001 [Worker-46: Building] INFO  o.a.m.s.f.DefaultMavenResourcesFiltering - skip non existing resourceDirectory E:\PJ\Eclipse\SpringBoot_FullExample\src\test\resources
2025-02-27 10:13:13,120 [Worker-50: Launching Executing clean in E__PJ_Eclipse_SpringBoot_FullExample] INFO  o.eclipse.m2e.core.internal.Bundles - getClasspathEntries(Bundle=org.eclipse.m2e.maven.runtime_3.9.900.20240824-1409 [298])
2025-02-27 10:13:13,120 [Worker-50: Launching Executing clean in E__PJ_Eclipse_SpringBoot_FullExample] INFO  o.eclipse.m2e.core.internal.Bundles - 	Entry: C:\Users\plmin\.p2\pool\plugins\org.eclipse.m2e.maven.runtime_3.9.900.20240824-1409
2025-02-27 10:13:13,120 [Worker-50: Launching Executing clean in E__PJ_Eclipse_SpringBoot_FullExample] INFO  o.eclipse.m2e.core.internal.Bundles - 	Entry: C:\Users\plmin\.p2\pool\plugins\org.eclipse.m2e.maven.runtime_3.9.900.20240824-1409\jars\aopalliance-1.0.jar
2025-02-27 10:13:13,120 [Worker-50: Launching Executing clean in E__PJ_Eclipse_SpringBoot_FullExample] INFO  o.eclipse.m2e.core.internal.Bundles - 	Entry: C:\Users\plmin\.p2\pool\plugins\org.eclipse.m2e.maven.runtime_3.9.900.20240824-1409\jars\guice-5.1.0.jar
2025-02-27 10:13:13,121 [Worker-50: Launching Executing clean in E__PJ_Eclipse_SpringBoot_FullExample] INFO  o.eclipse.m2e.core.internal.Bundles - 	Entry: C:\Users\plmin\.p2\pool\plugins\org.eclipse.m2e.maven.runtime_3.9.900.20240824-1409\jars\httpclient-4.5.14.jar
2025-02-27 10:13:13,121 [Worker-50: Launching Executing clean in E__PJ_Eclipse_SpringBoot_FullExample] INFO  o.eclipse.m2e.core.internal.Bundles - 	Entry: C:\Users\plmin\.p2\pool\plugins\org.eclipse.m2e.maven.runtime_3.9.900.20240824-1409\jars\httpcore-4.4.16.jar
2025-02-27 10:13:13,121 [Worker-50: Launching Executing clean in E__PJ_Eclipse_SpringBoot_FullExample] INFO  o.eclipse.m2e.core.internal.Bundles - 	Entry: C:\Users\plmin\.p2\pool\plugins\org.eclipse.m2e.maven.runtime_3.9.900.20240824-1409\jars\jansi-2.4.1.jar
2025-02-27 10:13:13,121 [Worker-50: Launching Executing clean in E__PJ_Eclipse_SpringBoot_FullExample] INFO  o.eclipse.m2e.core.internal.Bundles - 	Entry: C:\Users\plmin\.p2\pool\plugins\org.eclipse.m2e.maven.runtime_3.9.900.20240824-1409\jars\jcl-over-slf4j-1.7.36.jar
2025-02-27 10:13:13,121 [Worker-50: Launching Executing clean in E__PJ_Eclipse_SpringBoot_FullExample] INFO  o.eclipse.m2e.core.internal.Bundles - 	Entry: C:\Users\plmin\.p2\pool\plugins\org.eclipse.m2e.maven.runtime_3.9.900.20240824-1409\jars\maven-artifact-3.9.9.jar
2025-02-27 10:13:13,121 [Worker-50: Launching Executing clean in E__PJ_Eclipse_SpringBoot_FullExample] INFO  o.eclipse.m2e.core.internal.Bundles - 	Entry: C:\Users\plmin\.p2\pool\plugins\org.eclipse.m2e.maven.runtime_3.9.900.20240824-1409\jars\maven-builder-support-3.9.9.jar
2025-02-27 10:13:13,121 [Worker-50: Launching Executing clean in E__PJ_Eclipse_SpringBoot_FullExample] INFO  o.eclipse.m2e.core.internal.Bundles - 	Entry: C:\Users\plmin\.p2\pool\plugins\org.eclipse.m2e.maven.runtime_3.9.900.20240824-1409\jars\maven-compat-3.9.9.jar
2025-02-27 10:13:13,121 [Worker-50: Launching Executing clean in E__PJ_Eclipse_SpringBoot_FullExample] INFO  o.eclipse.m2e.core.internal.Bundles - 	Entry: C:\Users\plmin\.p2\pool\plugins\org.eclipse.m2e.maven.runtime_3.9.900.20240824-1409\jars\maven-core-3.9.9.jar
2025-02-27 10:13:13,121 [Worker-50: Launching Executing clean in E__PJ_Eclipse_SpringBoot_FullExample] INFO  o.eclipse.m2e.core.internal.Bundles - 	Entry: C:\Users\plmin\.p2\pool\plugins\org.eclipse.m2e.maven.runtime_3.9.900.20240824-1409\jars\maven-embedder-3.9.9.jar
2025-02-27 10:13:13,121 [Worker-50: Launching Executing clean in E__PJ_Eclipse_SpringBoot_FullExample] INFO  o.eclipse.m2e.core.internal.Bundles - 	Entry: C:\Users\plmin\.p2\pool\plugins\org.eclipse.m2e.maven.runtime_3.9.900.20240824-1409\jars\maven-model-3.9.9.jar
2025-02-27 10:13:13,121 [Worker-50: Launching Executing clean in E__PJ_Eclipse_SpringBoot_FullExample] INFO  o.eclipse.m2e.core.internal.Bundles - 	Entry: C:\Users\plmin\.p2\pool\plugins\org.eclipse.m2e.maven.runtime_3.9.900.20240824-1409\jars\maven-model-builder-3.9.9.jar
2025-02-27 10:13:13,121 [Worker-50: Launching Executing clean in E__PJ_Eclipse_SpringBoot_FullExample] INFO  o.eclipse.m2e.core.internal.Bundles - 	Entry: C:\Users\plmin\.p2\pool\plugins\org.eclipse.m2e.maven.runtime_3.9.900.20240824-1409\jars\maven-plugin-api-3.9.9.jar
2025-02-27 10:13:13,121 [Worker-50: Launching Executing clean in E__PJ_Eclipse_SpringBoot_FullExample] INFO  o.eclipse.m2e.core.internal.Bundles - 	Entry: C:\Users\plmin\.p2\pool\plugins\org.eclipse.m2e.maven.runtime_3.9.900.20240824-1409\jars\maven-repository-metadata-3.9.9.jar
2025-02-27 10:13:13,121 [Worker-50: Launching Executing clean in E__PJ_Eclipse_SpringBoot_FullExample] INFO  o.eclipse.m2e.core.internal.Bundles - 	Entry: C:\Users\plmin\.p2\pool\plugins\org.eclipse.m2e.maven.runtime_3.9.900.20240824-1409\jars\maven-resolver-api-1.9.22.jar
2025-02-27 10:13:13,121 [Worker-50: Launching Executing clean in E__PJ_Eclipse_SpringBoot_FullExample] INFO  o.eclipse.m2e.core.internal.Bundles - 	Entry: C:\Users\plmin\.p2\pool\plugins\org.eclipse.m2e.maven.runtime_3.9.900.20240824-1409\jars\maven-resolver-connector-basic-1.9.22.jar
2025-02-27 10:13:13,121 [Worker-50: Launching Executing clean in E__PJ_Eclipse_SpringBoot_FullExample] INFO  o.eclipse.m2e.core.internal.Bundles - 	Entry: C:\Users\plmin\.p2\pool\plugins\org.eclipse.m2e.maven.runtime_3.9.900.20240824-1409\jars\maven-resolver-impl-1.9.22.jar
2025-02-27 10:13:13,121 [Worker-50: Launching Executing clean in E__PJ_Eclipse_SpringBoot_FullExample] INFO  o.eclipse.m2e.core.internal.Bundles - 	Entry: C:\Users\plmin\.p2\pool\plugins\org.eclipse.m2e.maven.runtime_3.9.900.20240824-1409\jars\maven-resolver-named-locks-1.9.22.jar
2025-02-27 10:13:13,121 [Worker-50: Launching Executing clean in E__PJ_Eclipse_SpringBoot_FullExample] INFO  o.eclipse.m2e.core.internal.Bundles - 	Entry: C:\Users\plmin\.p2\pool\plugins\org.eclipse.m2e.maven.runtime_3.9.900.20240824-1409\jars\maven-resolver-provider-3.9.9.jar
2025-02-27 10:13:13,121 [Worker-50: Launching Executing clean in E__PJ_Eclipse_SpringBoot_FullExample] INFO  o.eclipse.m2e.core.internal.Bundles - 	Entry: C:\Users\plmin\.p2\pool\plugins\org.eclipse.m2e.maven.runtime_3.9.900.20240824-1409\jars\maven-resolver-spi-1.9.22.jar
2025-02-27 10:13:13,121 [Worker-50: Launching Executing clean in E__PJ_Eclipse_SpringBoot_FullExample] INFO  o.eclipse.m2e.core.internal.Bundles - 	Entry: C:\Users\plmin\.p2\pool\plugins\org.eclipse.m2e.maven.runtime_3.9.900.20240824-1409\jars\maven-resolver-transport-file-1.9.22.jar
2025-02-27 10:13:13,121 [Worker-50: Launching Executing clean in E__PJ_Eclipse_SpringBoot_FullExample] INFO  o.eclipse.m2e.core.internal.Bundles - 	Entry: C:\Users\plmin\.p2\pool\plugins\org.eclipse.m2e.maven.runtime_3.9.900.20240824-1409\jars\maven-resolver-transport-http-1.9.22.jar
2025-02-27 10:13:13,122 [Worker-50: Launching Executing clean in E__PJ_Eclipse_SpringBoot_FullExample] INFO  o.eclipse.m2e.core.internal.Bundles - 	Entry: C:\Users\plmin\.p2\pool\plugins\org.eclipse.m2e.maven.runtime_3.9.900.20240824-1409\jars\maven-resolver-transport-wagon-1.9.22.jar
2025-02-27 10:13:13,122 [Worker-50: Launching Executing clean in E__PJ_Eclipse_SpringBoot_FullExample] INFO  o.eclipse.m2e.core.internal.Bundles - 	Entry: C:\Users\plmin\.p2\pool\plugins\org.eclipse.m2e.maven.runtime_3.9.900.20240824-1409\jars\maven-resolver-util-1.9.22.jar
2025-02-27 10:13:13,122 [Worker-50: Launching Executing clean in E__PJ_Eclipse_SpringBoot_FullExample] INFO  o.eclipse.m2e.core.internal.Bundles - 	Entry: C:\Users\plmin\.p2\pool\plugins\org.eclipse.m2e.maven.runtime_3.9.900.20240824-1409\jars\maven-settings-3.9.9.jar
2025-02-27 10:13:13,122 [Worker-50: Launching Executing clean in E__PJ_Eclipse_SpringBoot_FullExample] INFO  o.eclipse.m2e.core.internal.Bundles - 	Entry: C:\Users\plmin\.p2\pool\plugins\org.eclipse.m2e.maven.runtime_3.9.900.20240824-1409\jars\maven-settings-builder-3.9.9.jar
2025-02-27 10:13:13,122 [Worker-50: Launching Executing clean in E__PJ_Eclipse_SpringBoot_FullExample] INFO  o.eclipse.m2e.core.internal.Bundles - 	Entry: C:\Users\plmin\.p2\pool\plugins\org.eclipse.m2e.maven.runtime_3.9.900.20240824-1409\jars\maven-shared-utils-3.4.2.jar
2025-02-27 10:13:13,122 [Worker-50: Launching Executing clean in E__PJ_Eclipse_SpringBoot_FullExample] INFO  o.eclipse.m2e.core.internal.Bundles - 	Entry: C:\Users\plmin\.p2\pool\plugins\org.eclipse.m2e.maven.runtime_3.9.900.20240824-1409\jars\org.eclipse.sisu.inject-0.9.0.M3.jar
2025-02-27 10:13:13,122 [Worker-50: Launching Executing clean in E__PJ_Eclipse_SpringBoot_FullExample] INFO  o.eclipse.m2e.core.internal.Bundles - 	Entry: C:\Users\plmin\.p2\pool\plugins\org.eclipse.m2e.maven.runtime_3.9.900.20240824-1409\jars\org.eclipse.sisu.plexus-0.9.0.M3.jar
2025-02-27 10:13:13,122 [Worker-50: Launching Executing clean in E__PJ_Eclipse_SpringBoot_FullExample] INFO  o.eclipse.m2e.core.internal.Bundles - 	Entry: C:\Users\plmin\.p2\pool\plugins\org.eclipse.m2e.maven.runtime_3.9.900.20240824-1409\jars\plexus-build-api-0.0.7.jar
2025-02-27 10:13:13,122 [Worker-50: Launching Executing clean in E__PJ_Eclipse_SpringBoot_FullExample] INFO  o.eclipse.m2e.core.internal.Bundles - 	Entry: C:\Users\plmin\.p2\pool\plugins\org.eclipse.m2e.maven.runtime_3.9.900.20240824-1409\jars\plexus-build-api-1.2.0.jar
2025-02-27 10:13:13,122 [Worker-50: Launching Executing clean in E__PJ_Eclipse_SpringBoot_FullExample] INFO  o.eclipse.m2e.core.internal.Bundles - 	Entry: C:\Users\plmin\.p2\pool\plugins\org.eclipse.m2e.maven.runtime_3.9.900.20240824-1409\jars\plexus-cipher-2.0.jar
2025-02-27 10:13:13,122 [Worker-50: Launching Executing clean in E__PJ_Eclipse_SpringBoot_FullExample] INFO  o.eclipse.m2e.core.internal.Bundles - 	Entry: C:\Users\plmin\.p2\pool\plugins\org.eclipse.m2e.maven.runtime_3.9.900.20240824-1409\jars\plexus-classworlds-2.8.0.jar
2025-02-27 10:13:13,122 [Worker-50: Launching Executing clean in E__PJ_Eclipse_SpringBoot_FullExample] INFO  o.eclipse.m2e.core.internal.Bundles - 	Entry: C:\Users\plmin\.p2\pool\plugins\org.eclipse.m2e.maven.runtime_3.9.900.20240824-1409\jars\plexus-component-annotations-2.1.0.jar
2025-02-27 10:13:13,122 [Worker-50: Launching Executing clean in E__PJ_Eclipse_SpringBoot_FullExample] INFO  o.eclipse.m2e.core.internal.Bundles - 	Entry: C:\Users\plmin\.p2\pool\plugins\org.eclipse.m2e.maven.runtime_3.9.900.20240824-1409\jars\plexus-interpolation-1.27.jar
2025-02-27 10:13:13,122 [Worker-50: Launching Executing clean in E__PJ_Eclipse_SpringBoot_FullExample] INFO  o.eclipse.m2e.core.internal.Bundles - 	Entry: C:\Users\plmin\.p2\pool\plugins\org.eclipse.m2e.maven.runtime_3.9.900.20240824-1409\jars\plexus-sec-dispatcher-2.0.jar
2025-02-27 10:13:13,122 [Worker-50: Launching Executing clean in E__PJ_Eclipse_SpringBoot_FullExample] INFO  o.eclipse.m2e.core.internal.Bundles - 	Entry: C:\Users\plmin\.p2\pool\plugins\org.eclipse.m2e.maven.runtime_3.9.900.20240824-1409\jars\plexus-utils-3.5.1.jar
2025-02-27 10:13:13,122 [Worker-50: Launching Executing clean in E__PJ_Eclipse_SpringBoot_FullExample] INFO  o.eclipse.m2e.core.internal.Bundles - 	Entry: C:\Users\plmin\.p2\pool\plugins\org.eclipse.m2e.maven.runtime_3.9.900.20240824-1409\jars\plexus-xml-3.0.1.jar
2025-02-27 10:13:13,122 [Worker-50: Launching Executing clean in E__PJ_Eclipse_SpringBoot_FullExample] INFO  o.eclipse.m2e.core.internal.Bundles - 	Entry: C:\Users\plmin\.p2\pool\plugins\org.eclipse.m2e.maven.runtime_3.9.900.20240824-1409\jars\wagon-file-3.5.3.jar
2025-02-27 10:13:13,122 [Worker-50: Launching Executing clean in E__PJ_Eclipse_SpringBoot_FullExample] INFO  o.eclipse.m2e.core.internal.Bundles - 	Entry: C:\Users\plmin\.p2\pool\plugins\org.eclipse.m2e.maven.runtime_3.9.900.20240824-1409\jars\wagon-http-3.5.3.jar
2025-02-27 10:13:13,122 [Worker-50: Launching Executing clean in E__PJ_Eclipse_SpringBoot_FullExample] INFO  o.eclipse.m2e.core.internal.Bundles - 	Entry: C:\Users\plmin\.p2\pool\plugins\org.eclipse.m2e.maven.runtime_3.9.900.20240824-1409\jars\wagon-http-shared-3.5.3.jar
2025-02-27 10:13:13,122 [Worker-50: Launching Executing clean in E__PJ_Eclipse_SpringBoot_FullExample] INFO  o.eclipse.m2e.core.internal.Bundles - 	Entry: C:\Users\plmin\.p2\pool\plugins\org.eclipse.m2e.maven.runtime_3.9.900.20240824-1409\jars\wagon-provider-api-3.5.3.jar
2025-02-27 10:13:13,123 [Worker-50: Launching Executing clean in E__PJ_Eclipse_SpringBoot_FullExample] INFO  o.eclipse.m2e.core.internal.Bundles - getClasspathEntries(Bundle=com.google.guava_33.3.1.jre [10])
2025-02-27 10:13:13,123 [Worker-50: Launching Executing clean in E__PJ_Eclipse_SpringBoot_FullExample] INFO  o.eclipse.m2e.core.internal.Bundles - 	Entry: C:\Users\plmin\.p2\pool\plugins\com.google.guava_33.3.1.jre.jar
2025-02-27 10:13:13,123 [Worker-50: Launching Executing clean in E__PJ_Eclipse_SpringBoot_FullExample] INFO  o.eclipse.m2e.core.internal.Bundles - getClasspathEntries(Bundle=slf4j.api_2.0.16 [522])
2025-02-27 10:13:13,123 [Worker-50: Launching Executing clean in E__PJ_Eclipse_SpringBoot_FullExample] INFO  o.eclipse.m2e.core.internal.Bundles - 	Entry: C:\Users\plmin\.p2\pool\plugins\slf4j.api_2.0.16.jar
2025-02-27 10:13:13,123 [Worker-50: Launching Executing clean in E__PJ_Eclipse_SpringBoot_FullExample] INFO  o.eclipse.m2e.core.internal.Bundles - getClasspathEntries(Bundle=jakarta.inject.jakarta.inject-api_1.0.5 [22])
2025-02-27 10:13:13,123 [Worker-50: Launching Executing clean in E__PJ_Eclipse_SpringBoot_FullExample] INFO  o.eclipse.m2e.core.internal.Bundles - 	Entry: C:\Users\plmin\.p2\pool\plugins\jakarta.inject.jakarta.inject-api_1.0.5.jar
2025-02-27 10:13:13,123 [Worker-50: Launching Executing clean in E__PJ_Eclipse_SpringBoot_FullExample] INFO  o.eclipse.m2e.core.internal.Bundles - getClasspathEntries(Bundle=jakarta.annotation-api_1.3.5 [20])
2025-02-27 10:13:13,123 [Worker-50: Launching Executing clean in E__PJ_Eclipse_SpringBoot_FullExample] INFO  o.eclipse.m2e.core.internal.Bundles - 	Entry: C:\Users\plmin\.p2\pool\plugins\jakarta.annotation-api_1.3.5.jar
2025-02-27 10:13:13,123 [Worker-50: Launching Executing clean in E__PJ_Eclipse_SpringBoot_FullExample] INFO  o.eclipse.m2e.core.internal.Bundles - getClasspathEntries(Bundle=org.apache.commons.cli_1.9.0 [47])
2025-02-27 10:13:13,124 [Worker-50: Launching Executing clean in E__PJ_Eclipse_SpringBoot_FullExample] INFO  o.eclipse.m2e.core.internal.Bundles - 	Entry: C:\Users\plmin\.p2\pool\plugins\org.apache.commons.cli_1.9.0.jar
2025-02-27 10:13:13,124 [Worker-50: Launching Executing clean in E__PJ_Eclipse_SpringBoot_FullExample] INFO  o.eclipse.m2e.core.internal.Bundles - getClasspathEntries(Bundle=org.apache.commons.commons-codec_1.16.0 [50])
2025-02-27 10:13:13,124 [Worker-50: Launching Executing clean in E__PJ_Eclipse_SpringBoot_FullExample] INFO  o.eclipse.m2e.core.internal.Bundles - 	Entry: C:\Users\plmin\.p2\pool\plugins\org.apache.commons.commons-codec_1.16.0.jar
2025-02-27 10:13:13,124 [Worker-50: Launching Executing clean in E__PJ_Eclipse_SpringBoot_FullExample] INFO  o.eclipse.m2e.core.internal.Bundles - getClasspathEntries(Bundle=com.google.guava.failureaccess_1.0.2 [11])
2025-02-27 10:13:13,124 [Worker-50: Launching Executing clean in E__PJ_Eclipse_SpringBoot_FullExample] INFO  o.eclipse.m2e.core.internal.Bundles - 	Entry: C:\Users\plmin\.p2\pool\plugins\com.google.guava.failureaccess_1.0.2.jar
2025-02-27 10:13:13,124 [Worker-50: Launching Executing clean in E__PJ_Eclipse_SpringBoot_FullExample] INFO  o.e.m.i.launch.MavenLaunchDelegate - Run build in "E:\PJ\Eclipse\SpringBoot_FullExample":
2025-02-27 10:13:13,125 [Worker-50: Launching Executing clean in E__PJ_Eclipse_SpringBoot_FullExample] INFO  o.e.m.i.launch.MavenLaunchDelegate -  mvn  -B -Dstyle.color=always clean
2025-02-27 10:13:14,810 [Worker-50: Building] INFO  o.a.m.s.f.DefaultMavenResourcesFiltering - Copying 1 resource from src\main\resources to target\classes
2025-02-27 10:13:14,811 [Worker-50: Building] INFO  o.a.m.s.f.DefaultMavenResourcesFiltering - Copying 0 resource from src\main\resources to target\classes
2025-02-27 10:13:14,812 [Worker-50: Building] INFO  o.a.m.s.f.DefaultMavenResourcesFiltering - skip non existing resourceDirectory E:\PJ\Eclipse\SpringBoot_FullExample\src\test\resources
2025-02-27 10:13:56,145 [Worker-48: Building] INFO  o.a.m.s.f.DefaultMavenResourcesFiltering - Copying 1 resource from src\main\resources to target\classes
2025-02-27 10:13:56,146 [Worker-48: Building] INFO  o.a.m.s.f.DefaultMavenResourcesFiltering - Copying 0 resource from src\main\resources to target\classes
2025-02-27 10:13:56,147 [Worker-48: Building] INFO  o.a.m.s.f.DefaultMavenResourcesFiltering - skip non existing resourceDirectory E:\PJ\Eclipse\SpringBoot_FullExample\src\test\resources
2025-02-27 10:15:25,477 [Worker-48: Updating Maven Project] INFO  o.e.m.c.i.p.ProjectConfigurationManager - Update started
2025-02-27 10:15:27,352 [Worker-48: Updating Maven Project] INFO  o.e.m.c.i.l.LifecycleMappingFactory - Using org.eclipse.m2e.jdt.JarLifecycleMapping lifecycle mapping for MavenProject: com.example:SpringBoot_FullExample:0.0.1-SNAPSHOT @ E:\PJ\Eclipse\SpringBoot_FullExample\pom.xml.
2025-02-27 10:15:29,864 [Worker-48: Updating Maven Project] INFO  o.e.m.j.i.AbstractJavaProjectConfigurator - Adding source folder /SpringBoot_FullExample/src/main/java
2025-02-27 10:15:29,866 [Worker-48: Updating Maven Project] INFO  o.e.m.j.i.AbstractJavaProjectConfigurator - Adding resource folder /SpringBoot_FullExample/src/main/resources
2025-02-27 10:15:29,866 [Worker-48: Updating Maven Project] INFO  o.e.m.j.i.AbstractJavaProjectConfigurator - Adding resource folder /SpringBoot_FullExample/src/main/resources
2025-02-27 10:15:29,866 [Worker-48: Updating Maven Project] INFO  o.e.m.j.i.AbstractJavaProjectConfigurator - Adding source folder /SpringBoot_FullExample/src/test/java
2025-02-27 10:15:29,867 [Worker-48: Updating Maven Project] INFO  o.e.m.j.i.AbstractJavaProjectConfigurator - Adding resource folder /SpringBoot_FullExample/src/test/resources
2025-02-27 10:15:29,945 [Worker-48: Updating Maven Project] INFO  o.e.m.jdt.internal.UnitTestSupport - Reset launch configuration name: StudentControllerTest
2025-02-27 10:15:29,945 [Worker-48: Updating Maven Project] INFO  o.e.m.jdt.internal.UnitTestSupport - Updating StudentControllerTest from maven configuration
2025-02-27 10:15:30,325 [Worker-48: Updating Maven Project] INFO  o.e.m.c.i.p.ProjectConfigurationManager - Update completed for 1 poms: local refresh takes 0.00 sec, refresh facades takes 4.00 sec, update config takes 0.00 sec 
2025-02-27 10:15:30,549 [Worker-48: Building] INFO  o.a.m.s.f.DefaultMavenResourcesFiltering - Copying 1 resource from src\main\resources to target\classes
2025-02-27 10:15:30,560 [Worker-48: Building] INFO  o.a.m.s.f.DefaultMavenResourcesFiltering - Copying 0 resource from src\main\resources to target\classes
2025-02-27 10:15:30,564 [Worker-48: Building] INFO  o.a.m.s.f.DefaultMavenResourcesFiltering - skip non existing resourceDirectory E:\PJ\Eclipse\SpringBoot_FullExample\src\test\resources
2025-02-27 10:15:38,199 [Worker-47: Launching Executing clean in E__PJ_Eclipse_SpringBoot_FullExample] INFO  o.eclipse.m2e.core.internal.Bundles - getClasspathEntries(Bundle=org.eclipse.m2e.maven.runtime_3.9.900.20240824-1409 [298])
2025-02-27 10:15:38,200 [Worker-47: Launching Executing clean in E__PJ_Eclipse_SpringBoot_FullExample] INFO  o.eclipse.m2e.core.internal.Bundles - 	Entry: C:\Users\plmin\.p2\pool\plugins\org.eclipse.m2e.maven.runtime_3.9.900.20240824-1409
2025-02-27 10:15:38,200 [Worker-47: Launching Executing clean in E__PJ_Eclipse_SpringBoot_FullExample] INFO  o.eclipse.m2e.core.internal.Bundles - 	Entry: C:\Users\plmin\.p2\pool\plugins\org.eclipse.m2e.maven.runtime_3.9.900.20240824-1409\jars\aopalliance-1.0.jar
2025-02-27 10:15:38,200 [Worker-47: Launching Executing clean in E__PJ_Eclipse_SpringBoot_FullExample] INFO  o.eclipse.m2e.core.internal.Bundles - 	Entry: C:\Users\plmin\.p2\pool\plugins\org.eclipse.m2e.maven.runtime_3.9.900.20240824-1409\jars\guice-5.1.0.jar
2025-02-27 10:15:38,200 [Worker-47: Launching Executing clean in E__PJ_Eclipse_SpringBoot_FullExample] INFO  o.eclipse.m2e.core.internal.Bundles - 	Entry: C:\Users\plmin\.p2\pool\plugins\org.eclipse.m2e.maven.runtime_3.9.900.20240824-1409\jars\httpclient-4.5.14.jar
2025-02-27 10:15:38,200 [Worker-47: Launching Executing clean in E__PJ_Eclipse_SpringBoot_FullExample] INFO  o.eclipse.m2e.core.internal.Bundles - 	Entry: C:\Users\plmin\.p2\pool\plugins\org.eclipse.m2e.maven.runtime_3.9.900.20240824-1409\jars\httpcore-4.4.16.jar
2025-02-27 10:15:38,200 [Worker-47: Launching Executing clean in E__PJ_Eclipse_SpringBoot_FullExample] INFO  o.eclipse.m2e.core.internal.Bundles - 	Entry: C:\Users\plmin\.p2\pool\plugins\org.eclipse.m2e.maven.runtime_3.9.900.20240824-1409\jars\jansi-2.4.1.jar
2025-02-27 10:15:38,200 [Worker-47: Launching Executing clean in E__PJ_Eclipse_SpringBoot_FullExample] INFO  o.eclipse.m2e.core.internal.Bundles - 	Entry: C:\Users\plmin\.p2\pool\plugins\org.eclipse.m2e.maven.runtime_3.9.900.20240824-1409\jars\jcl-over-slf4j-1.7.36.jar
2025-02-27 10:15:38,200 [Worker-47: Launching Executing clean in E__PJ_Eclipse_SpringBoot_FullExample] INFO  o.eclipse.m2e.core.internal.Bundles - 	Entry: C:\Users\plmin\.p2\pool\plugins\org.eclipse.m2e.maven.runtime_3.9.900.20240824-1409\jars\maven-artifact-3.9.9.jar
2025-02-27 10:15:38,200 [Worker-47: Launching Executing clean in E__PJ_Eclipse_SpringBoot_FullExample] INFO  o.eclipse.m2e.core.internal.Bundles - 	Entry: C:\Users\plmin\.p2\pool\plugins\org.eclipse.m2e.maven.runtime_3.9.900.20240824-1409\jars\maven-builder-support-3.9.9.jar
2025-02-27 10:15:38,200 [Worker-47: Launching Executing clean in E__PJ_Eclipse_SpringBoot_FullExample] INFO  o.eclipse.m2e.core.internal.Bundles - 	Entry: C:\Users\plmin\.p2\pool\plugins\org.eclipse.m2e.maven.runtime_3.9.900.20240824-1409\jars\maven-compat-3.9.9.jar
2025-02-27 10:15:38,200 [Worker-47: Launching Executing clean in E__PJ_Eclipse_SpringBoot_FullExample] INFO  o.eclipse.m2e.core.internal.Bundles - 	Entry: C:\Users\plmin\.p2\pool\plugins\org.eclipse.m2e.maven.runtime_3.9.900.20240824-1409\jars\maven-core-3.9.9.jar
2025-02-27 10:15:38,200 [Worker-47: Launching Executing clean in E__PJ_Eclipse_SpringBoot_FullExample] INFO  o.eclipse.m2e.core.internal.Bundles - 	Entry: C:\Users\plmin\.p2\pool\plugins\org.eclipse.m2e.maven.runtime_3.9.900.20240824-1409\jars\maven-embedder-3.9.9.jar
2025-02-27 10:15:38,200 [Worker-47: Launching Executing clean in E__PJ_Eclipse_SpringBoot_FullExample] INFO  o.eclipse.m2e.core.internal.Bundles - 	Entry: C:\Users\plmin\.p2\pool\plugins\org.eclipse.m2e.maven.runtime_3.9.900.20240824-1409\jars\maven-model-3.9.9.jar
2025-02-27 10:15:38,200 [Worker-47: Launching Executing clean in E__PJ_Eclipse_SpringBoot_FullExample] INFO  o.eclipse.m2e.core.internal.Bundles - 	Entry: C:\Users\plmin\.p2\pool\plugins\org.eclipse.m2e.maven.runtime_3.9.900.20240824-1409\jars\maven-model-builder-3.9.9.jar
2025-02-27 10:15:38,201 [Worker-47: Launching Executing clean in E__PJ_Eclipse_SpringBoot_FullExample] INFO  o.eclipse.m2e.core.internal.Bundles - 	Entry: C:\Users\plmin\.p2\pool\plugins\org.eclipse.m2e.maven.runtime_3.9.900.20240824-1409\jars\maven-plugin-api-3.9.9.jar
2025-02-27 10:15:38,201 [Worker-47: Launching Executing clean in E__PJ_Eclipse_SpringBoot_FullExample] INFO  o.eclipse.m2e.core.internal.Bundles - 	Entry: C:\Users\plmin\.p2\pool\plugins\org.eclipse.m2e.maven.runtime_3.9.900.20240824-1409\jars\maven-repository-metadata-3.9.9.jar
2025-02-27 10:15:38,201 [Worker-47: Launching Executing clean in E__PJ_Eclipse_SpringBoot_FullExample] INFO  o.eclipse.m2e.core.internal.Bundles - 	Entry: C:\Users\plmin\.p2\pool\plugins\org.eclipse.m2e.maven.runtime_3.9.900.20240824-1409\jars\maven-resolver-api-1.9.22.jar
2025-02-27 10:15:38,201 [Worker-47: Launching Executing clean in E__PJ_Eclipse_SpringBoot_FullExample] INFO  o.eclipse.m2e.core.internal.Bundles - 	Entry: C:\Users\plmin\.p2\pool\plugins\org.eclipse.m2e.maven.runtime_3.9.900.20240824-1409\jars\maven-resolver-connector-basic-1.9.22.jar
2025-02-27 10:15:38,201 [Worker-47: Launching Executing clean in E__PJ_Eclipse_SpringBoot_FullExample] INFO  o.eclipse.m2e.core.internal.Bundles - 	Entry: C:\Users\plmin\.p2\pool\plugins\org.eclipse.m2e.maven.runtime_3.9.900.20240824-1409\jars\maven-resolver-impl-1.9.22.jar
2025-02-27 10:15:38,201 [Worker-47: Launching Executing clean in E__PJ_Eclipse_SpringBoot_FullExample] INFO  o.eclipse.m2e.core.internal.Bundles - 	Entry: C:\Users\plmin\.p2\pool\plugins\org.eclipse.m2e.maven.runtime_3.9.900.20240824-1409\jars\maven-resolver-named-locks-1.9.22.jar
2025-02-27 10:15:38,201 [Worker-47: Launching Executing clean in E__PJ_Eclipse_SpringBoot_FullExample] INFO  o.eclipse.m2e.core.internal.Bundles - 	Entry: C:\Users\plmin\.p2\pool\plugins\org.eclipse.m2e.maven.runtime_3.9.900.20240824-1409\jars\maven-resolver-provider-3.9.9.jar
2025-02-27 10:15:38,201 [Worker-47: Launching Executing clean in E__PJ_Eclipse_SpringBoot_FullExample] INFO  o.eclipse.m2e.core.internal.Bundles - 	Entry: C:\Users\plmin\.p2\pool\plugins\org.eclipse.m2e.maven.runtime_3.9.900.20240824-1409\jars\maven-resolver-spi-1.9.22.jar
2025-02-27 10:15:38,201 [Worker-47: Launching Executing clean in E__PJ_Eclipse_SpringBoot_FullExample] INFO  o.eclipse.m2e.core.internal.Bundles - 	Entry: C:\Users\plmin\.p2\pool\plugins\org.eclipse.m2e.maven.runtime_3.9.900.20240824-1409\jars\maven-resolver-transport-file-1.9.22.jar
2025-02-27 10:15:38,201 [Worker-47: Launching Executing clean in E__PJ_Eclipse_SpringBoot_FullExample] INFO  o.eclipse.m2e.core.internal.Bundles - 	Entry: C:\Users\plmin\.p2\pool\plugins\org.eclipse.m2e.maven.runtime_3.9.900.20240824-1409\jars\maven-resolver-transport-http-1.9.22.jar
2025-02-27 10:15:38,201 [Worker-47: Launching Executing clean in E__PJ_Eclipse_SpringBoot_FullExample] INFO  o.eclipse.m2e.core.internal.Bundles - 	Entry: C:\Users\plmin\.p2\pool\plugins\org.eclipse.m2e.maven.runtime_3.9.900.20240824-1409\jars\maven-resolver-transport-wagon-1.9.22.jar
2025-02-27 10:15:38,201 [Worker-47: Launching Executing clean in E__PJ_Eclipse_SpringBoot_FullExample] INFO  o.eclipse.m2e.core.internal.Bundles - 	Entry: C:\Users\plmin\.p2\pool\plugins\org.eclipse.m2e.maven.runtime_3.9.900.20240824-1409\jars\maven-resolver-util-1.9.22.jar
2025-02-27 10:15:38,201 [Worker-47: Launching Executing clean in E__PJ_Eclipse_SpringBoot_FullExample] INFO  o.eclipse.m2e.core.internal.Bundles - 	Entry: C:\Users\plmin\.p2\pool\plugins\org.eclipse.m2e.maven.runtime_3.9.900.20240824-1409\jars\maven-settings-3.9.9.jar
2025-02-27 10:15:38,201 [Worker-47: Launching Executing clean in E__PJ_Eclipse_SpringBoot_FullExample] INFO  o.eclipse.m2e.core.internal.Bundles - 	Entry: C:\Users\plmin\.p2\pool\plugins\org.eclipse.m2e.maven.runtime_3.9.900.20240824-1409\jars\maven-settings-builder-3.9.9.jar
2025-02-27 10:15:38,201 [Worker-47: Launching Executing clean in E__PJ_Eclipse_SpringBoot_FullExample] INFO  o.eclipse.m2e.core.internal.Bundles - 	Entry: C:\Users\plmin\.p2\pool\plugins\org.eclipse.m2e.maven.runtime_3.9.900.20240824-1409\jars\maven-shared-utils-3.4.2.jar
2025-02-27 10:15:38,201 [Worker-47: Launching Executing clean in E__PJ_Eclipse_SpringBoot_FullExample] INFO  o.eclipse.m2e.core.internal.Bundles - 	Entry: C:\Users\plmin\.p2\pool\plugins\org.eclipse.m2e.maven.runtime_3.9.900.20240824-1409\jars\org.eclipse.sisu.inject-0.9.0.M3.jar
2025-02-27 10:15:38,201 [Worker-47: Launching Executing clean in E__PJ_Eclipse_SpringBoot_FullExample] INFO  o.eclipse.m2e.core.internal.Bundles - 	Entry: C:\Users\plmin\.p2\pool\plugins\org.eclipse.m2e.maven.runtime_3.9.900.20240824-1409\jars\org.eclipse.sisu.plexus-0.9.0.M3.jar
2025-02-27 10:15:38,202 [Worker-47: Launching Executing clean in E__PJ_Eclipse_SpringBoot_FullExample] INFO  o.eclipse.m2e.core.internal.Bundles - 	Entry: C:\Users\plmin\.p2\pool\plugins\org.eclipse.m2e.maven.runtime_3.9.900.20240824-1409\jars\plexus-build-api-0.0.7.jar
2025-02-27 10:15:38,202 [Worker-47: Launching Executing clean in E__PJ_Eclipse_SpringBoot_FullExample] INFO  o.eclipse.m2e.core.internal.Bundles - 	Entry: C:\Users\plmin\.p2\pool\plugins\org.eclipse.m2e.maven.runtime_3.9.900.20240824-1409\jars\plexus-build-api-1.2.0.jar
2025-02-27 10:15:38,202 [Worker-47: Launching Executing clean in E__PJ_Eclipse_SpringBoot_FullExample] INFO  o.eclipse.m2e.core.internal.Bundles - 	Entry: C:\Users\plmin\.p2\pool\plugins\org.eclipse.m2e.maven.runtime_3.9.900.20240824-1409\jars\plexus-cipher-2.0.jar
2025-02-27 10:15:38,202 [Worker-47: Launching Executing clean in E__PJ_Eclipse_SpringBoot_FullExample] INFO  o.eclipse.m2e.core.internal.Bundles - 	Entry: C:\Users\plmin\.p2\pool\plugins\org.eclipse.m2e.maven.runtime_3.9.900.20240824-1409\jars\plexus-classworlds-2.8.0.jar
2025-02-27 10:15:38,202 [Worker-47: Launching Executing clean in E__PJ_Eclipse_SpringBoot_FullExample] INFO  o.eclipse.m2e.core.internal.Bundles - 	Entry: C:\Users\plmin\.p2\pool\plugins\org.eclipse.m2e.maven.runtime_3.9.900.20240824-1409\jars\plexus-component-annotations-2.1.0.jar
2025-02-27 10:15:38,202 [Worker-47: Launching Executing clean in E__PJ_Eclipse_SpringBoot_FullExample] INFO  o.eclipse.m2e.core.internal.Bundles - 	Entry: C:\Users\plmin\.p2\pool\plugins\org.eclipse.m2e.maven.runtime_3.9.900.20240824-1409\jars\plexus-interpolation-1.27.jar
2025-02-27 10:15:38,202 [Worker-47: Launching Executing clean in E__PJ_Eclipse_SpringBoot_FullExample] INFO  o.eclipse.m2e.core.internal.Bundles - 	Entry: C:\Users\plmin\.p2\pool\plugins\org.eclipse.m2e.maven.runtime_3.9.900.20240824-1409\jars\plexus-sec-dispatcher-2.0.jar
2025-02-27 10:15:38,202 [Worker-47: Launching Executing clean in E__PJ_Eclipse_SpringBoot_FullExample] INFO  o.eclipse.m2e.core.internal.Bundles - 	Entry: C:\Users\plmin\.p2\pool\plugins\org.eclipse.m2e.maven.runtime_3.9.900.20240824-1409\jars\plexus-utils-3.5.1.jar
2025-02-27 10:15:38,202 [Worker-47: Launching Executing clean in E__PJ_Eclipse_SpringBoot_FullExample] INFO  o.eclipse.m2e.core.internal.Bundles - 	Entry: C:\Users\plmin\.p2\pool\plugins\org.eclipse.m2e.maven.runtime_3.9.900.20240824-1409\jars\plexus-xml-3.0.1.jar
2025-02-27 10:15:38,202 [Worker-47: Launching Executing clean in E__PJ_Eclipse_SpringBoot_FullExample] INFO  o.eclipse.m2e.core.internal.Bundles - 	Entry: C:\Users\plmin\.p2\pool\plugins\org.eclipse.m2e.maven.runtime_3.9.900.20240824-1409\jars\wagon-file-3.5.3.jar
2025-02-27 10:15:38,202 [Worker-47: Launching Executing clean in E__PJ_Eclipse_SpringBoot_FullExample] INFO  o.eclipse.m2e.core.internal.Bundles - 	Entry: C:\Users\plmin\.p2\pool\plugins\org.eclipse.m2e.maven.runtime_3.9.900.20240824-1409\jars\wagon-http-3.5.3.jar
2025-02-27 10:15:38,202 [Worker-47: Launching Executing clean in E__PJ_Eclipse_SpringBoot_FullExample] INFO  o.eclipse.m2e.core.internal.Bundles - 	Entry: C:\Users\plmin\.p2\pool\plugins\org.eclipse.m2e.maven.runtime_3.9.900.20240824-1409\jars\wagon-http-shared-3.5.3.jar
2025-02-27 10:15:38,202 [Worker-47: Launching Executing clean in E__PJ_Eclipse_SpringBoot_FullExample] INFO  o.eclipse.m2e.core.internal.Bundles - 	Entry: C:\Users\plmin\.p2\pool\plugins\org.eclipse.m2e.maven.runtime_3.9.900.20240824-1409\jars\wagon-provider-api-3.5.3.jar
2025-02-27 10:15:38,202 [Worker-47: Launching Executing clean in E__PJ_Eclipse_SpringBoot_FullExample] INFO  o.eclipse.m2e.core.internal.Bundles - getClasspathEntries(Bundle=com.google.guava_33.3.1.jre [10])
2025-02-27 10:15:38,203 [Worker-47: Launching Executing clean in E__PJ_Eclipse_SpringBoot_FullExample] INFO  o.eclipse.m2e.core.internal.Bundles - 	Entry: C:\Users\plmin\.p2\pool\plugins\com.google.guava_33.3.1.jre.jar
2025-02-27 10:15:38,203 [Worker-47: Launching Executing clean in E__PJ_Eclipse_SpringBoot_FullExample] INFO  o.eclipse.m2e.core.internal.Bundles - getClasspathEntries(Bundle=slf4j.api_2.0.16 [522])
2025-02-27 10:15:38,203 [Worker-47: Launching Executing clean in E__PJ_Eclipse_SpringBoot_FullExample] INFO  o.eclipse.m2e.core.internal.Bundles - 	Entry: C:\Users\plmin\.p2\pool\plugins\slf4j.api_2.0.16.jar
2025-02-27 10:15:38,203 [Worker-47: Launching Executing clean in E__PJ_Eclipse_SpringBoot_FullExample] INFO  o.eclipse.m2e.core.internal.Bundles - getClasspathEntries(Bundle=jakarta.inject.jakarta.inject-api_1.0.5 [22])
2025-02-27 10:15:38,203 [Worker-47: Launching Executing clean in E__PJ_Eclipse_SpringBoot_FullExample] INFO  o.eclipse.m2e.core.internal.Bundles - 	Entry: C:\Users\plmin\.p2\pool\plugins\jakarta.inject.jakarta.inject-api_1.0.5.jar
2025-02-27 10:15:38,203 [Worker-47: Launching Executing clean in E__PJ_Eclipse_SpringBoot_FullExample] INFO  o.eclipse.m2e.core.internal.Bundles - getClasspathEntries(Bundle=jakarta.annotation-api_1.3.5 [20])
2025-02-27 10:15:38,203 [Worker-47: Launching Executing clean in E__PJ_Eclipse_SpringBoot_FullExample] INFO  o.eclipse.m2e.core.internal.Bundles - 	Entry: C:\Users\plmin\.p2\pool\plugins\jakarta.annotation-api_1.3.5.jar
2025-02-27 10:15:38,203 [Worker-47: Launching Executing clean in E__PJ_Eclipse_SpringBoot_FullExample] INFO  o.eclipse.m2e.core.internal.Bundles - getClasspathEntries(Bundle=org.apache.commons.cli_1.9.0 [47])
2025-02-27 10:15:38,203 [Worker-47: Launching Executing clean in E__PJ_Eclipse_SpringBoot_FullExample] INFO  o.eclipse.m2e.core.internal.Bundles - 	Entry: C:\Users\plmin\.p2\pool\plugins\org.apache.commons.cli_1.9.0.jar
2025-02-27 10:15:38,203 [Worker-47: Launching Executing clean in E__PJ_Eclipse_SpringBoot_FullExample] INFO  o.eclipse.m2e.core.internal.Bundles - getClasspathEntries(Bundle=org.apache.commons.commons-codec_1.16.0 [50])
2025-02-27 10:15:38,203 [Worker-47: Launching Executing clean in E__PJ_Eclipse_SpringBoot_FullExample] INFO  o.eclipse.m2e.core.internal.Bundles - 	Entry: C:\Users\plmin\.p2\pool\plugins\org.apache.commons.commons-codec_1.16.0.jar
2025-02-27 10:15:38,203 [Worker-47: Launching Executing clean in E__PJ_Eclipse_SpringBoot_FullExample] INFO  o.eclipse.m2e.core.internal.Bundles - getClasspathEntries(Bundle=com.google.guava.failureaccess_1.0.2 [11])
2025-02-27 10:15:38,204 [Worker-47: Launching Executing clean in E__PJ_Eclipse_SpringBoot_FullExample] INFO  o.eclipse.m2e.core.internal.Bundles - 	Entry: C:\Users\plmin\.p2\pool\plugins\com.google.guava.failureaccess_1.0.2.jar
2025-02-27 10:15:38,205 [Worker-47: Launching Executing clean in E__PJ_Eclipse_SpringBoot_FullExample] INFO  o.e.m.i.launch.MavenLaunchDelegate - Run build in "E:\PJ\Eclipse\SpringBoot_FullExample":
2025-02-27 10:15:38,205 [Worker-47: Launching Executing clean in E__PJ_Eclipse_SpringBoot_FullExample] INFO  o.e.m.i.launch.MavenLaunchDelegate -  mvn  -B -Dstyle.color=always clean
2025-02-27 10:15:39,842 [Worker-47: Building] INFO  o.a.m.s.f.DefaultMavenResourcesFiltering - Copying 1 resource from src\main\resources to target\classes
2025-02-27 10:15:39,843 [Worker-47: Building] INFO  o.a.m.s.f.DefaultMavenResourcesFiltering - Copying 0 resource from src\main\resources to target\classes
2025-02-27 10:15:39,844 [Worker-47: Building] INFO  o.a.m.s.f.DefaultMavenResourcesFiltering - skip non existing resourceDirectory E:\PJ\Eclipse\SpringBoot_FullExample\src\test\resources
2025-02-27 10:16:20,649 [Worker-54: Building] INFO  o.a.m.s.f.DefaultMavenResourcesFiltering - Copying 1 resource from src\main\resources to target\classes
2025-02-27 10:16:20,651 [Worker-54: Building] INFO  o.a.m.s.f.DefaultMavenResourcesFiltering - Copying 0 resource from src\main\resources to target\classes
2025-02-27 10:16:20,653 [Worker-54: Building] INFO  o.a.m.s.f.DefaultMavenResourcesFiltering - skip non existing resourceDirectory E:\PJ\Eclipse\SpringBoot_FullExample\src\test\resources
2025-02-27 10:16:35,070 [Worker-52: Launching Executing install in E__PJ_Eclipse_SpringBoot_FullExample] INFO  o.eclipse.m2e.core.internal.Bundles - getClasspathEntries(Bundle=org.eclipse.m2e.maven.runtime_3.9.900.20240824-1409 [298])
2025-02-27 10:16:35,071 [Worker-52: Launching Executing install in E__PJ_Eclipse_SpringBoot_FullExample] INFO  o.eclipse.m2e.core.internal.Bundles - 	Entry: C:\Users\plmin\.p2\pool\plugins\org.eclipse.m2e.maven.runtime_3.9.900.20240824-1409
2025-02-27 10:16:35,071 [Worker-52: Launching Executing install in E__PJ_Eclipse_SpringBoot_FullExample] INFO  o.eclipse.m2e.core.internal.Bundles - 	Entry: C:\Users\plmin\.p2\pool\plugins\org.eclipse.m2e.maven.runtime_3.9.900.20240824-1409\jars\aopalliance-1.0.jar
2025-02-27 10:16:35,071 [Worker-52: Launching Executing install in E__PJ_Eclipse_SpringBoot_FullExample] INFO  o.eclipse.m2e.core.internal.Bundles - 	Entry: C:\Users\plmin\.p2\pool\plugins\org.eclipse.m2e.maven.runtime_3.9.900.20240824-1409\jars\guice-5.1.0.jar
2025-02-27 10:16:35,071 [Worker-52: Launching Executing install in E__PJ_Eclipse_SpringBoot_FullExample] INFO  o.eclipse.m2e.core.internal.Bundles - 	Entry: C:\Users\plmin\.p2\pool\plugins\org.eclipse.m2e.maven.runtime_3.9.900.20240824-1409\jars\httpclient-4.5.14.jar
2025-02-27 10:16:35,071 [Worker-52: Launching Executing install in E__PJ_Eclipse_SpringBoot_FullExample] INFO  o.eclipse.m2e.core.internal.Bundles - 	Entry: C:\Users\plmin\.p2\pool\plugins\org.eclipse.m2e.maven.runtime_3.9.900.20240824-1409\jars\httpcore-4.4.16.jar
2025-02-27 10:16:35,071 [Worker-52: Launching Executing install in E__PJ_Eclipse_SpringBoot_FullExample] INFO  o.eclipse.m2e.core.internal.Bundles - 	Entry: C:\Users\plmin\.p2\pool\plugins\org.eclipse.m2e.maven.runtime_3.9.900.20240824-1409\jars\jansi-2.4.1.jar
2025-02-27 10:16:35,071 [Worker-52: Launching Executing install in E__PJ_Eclipse_SpringBoot_FullExample] INFO  o.eclipse.m2e.core.internal.Bundles - 	Entry: C:\Users\plmin\.p2\pool\plugins\org.eclipse.m2e.maven.runtime_3.9.900.20240824-1409\jars\jcl-over-slf4j-1.7.36.jar
2025-02-27 10:16:35,071 [Worker-52: Launching Executing install in E__PJ_Eclipse_SpringBoot_FullExample] INFO  o.eclipse.m2e.core.internal.Bundles - 	Entry: C:\Users\plmin\.p2\pool\plugins\org.eclipse.m2e.maven.runtime_3.9.900.20240824-1409\jars\maven-artifact-3.9.9.jar
2025-02-27 10:16:35,071 [Worker-52: Launching Executing install in E__PJ_Eclipse_SpringBoot_FullExample] INFO  o.eclipse.m2e.core.internal.Bundles - 	Entry: C:\Users\plmin\.p2\pool\plugins\org.eclipse.m2e.maven.runtime_3.9.900.20240824-1409\jars\maven-builder-support-3.9.9.jar
2025-02-27 10:16:35,071 [Worker-52: Launching Executing install in E__PJ_Eclipse_SpringBoot_FullExample] INFO  o.eclipse.m2e.core.internal.Bundles - 	Entry: C:\Users\plmin\.p2\pool\plugins\org.eclipse.m2e.maven.runtime_3.9.900.20240824-1409\jars\maven-compat-3.9.9.jar
2025-02-27 10:16:35,071 [Worker-52: Launching Executing install in E__PJ_Eclipse_SpringBoot_FullExample] INFO  o.eclipse.m2e.core.internal.Bundles - 	Entry: C:\Users\plmin\.p2\pool\plugins\org.eclipse.m2e.maven.runtime_3.9.900.20240824-1409\jars\maven-core-3.9.9.jar
2025-02-27 10:16:35,071 [Worker-52: Launching Executing install in E__PJ_Eclipse_SpringBoot_FullExample] INFO  o.eclipse.m2e.core.internal.Bundles - 	Entry: C:\Users\plmin\.p2\pool\plugins\org.eclipse.m2e.maven.runtime_3.9.900.20240824-1409\jars\maven-embedder-3.9.9.jar
2025-02-27 10:16:35,071 [Worker-52: Launching Executing install in E__PJ_Eclipse_SpringBoot_FullExample] INFO  o.eclipse.m2e.core.internal.Bundles - 	Entry: C:\Users\plmin\.p2\pool\plugins\org.eclipse.m2e.maven.runtime_3.9.900.20240824-1409\jars\maven-model-3.9.9.jar
2025-02-27 10:16:35,072 [Worker-52: Launching Executing install in E__PJ_Eclipse_SpringBoot_FullExample] INFO  o.eclipse.m2e.core.internal.Bundles - 	Entry: C:\Users\plmin\.p2\pool\plugins\org.eclipse.m2e.maven.runtime_3.9.900.20240824-1409\jars\maven-model-builder-3.9.9.jar
2025-02-27 10:16:35,072 [Worker-52: Launching Executing install in E__PJ_Eclipse_SpringBoot_FullExample] INFO  o.eclipse.m2e.core.internal.Bundles - 	Entry: C:\Users\plmin\.p2\pool\plugins\org.eclipse.m2e.maven.runtime_3.9.900.20240824-1409\jars\maven-plugin-api-3.9.9.jar
2025-02-27 10:16:35,072 [Worker-52: Launching Executing install in E__PJ_Eclipse_SpringBoot_FullExample] INFO  o.eclipse.m2e.core.internal.Bundles - 	Entry: C:\Users\plmin\.p2\pool\plugins\org.eclipse.m2e.maven.runtime_3.9.900.20240824-1409\jars\maven-repository-metadata-3.9.9.jar
2025-02-27 10:16:35,072 [Worker-52: Launching Executing install in E__PJ_Eclipse_SpringBoot_FullExample] INFO  o.eclipse.m2e.core.internal.Bundles - 	Entry: C:\Users\plmin\.p2\pool\plugins\org.eclipse.m2e.maven.runtime_3.9.900.20240824-1409\jars\maven-resolver-api-1.9.22.jar
2025-02-27 10:16:35,072 [Worker-52: Launching Executing install in E__PJ_Eclipse_SpringBoot_FullExample] INFO  o.eclipse.m2e.core.internal.Bundles - 	Entry: C:\Users\plmin\.p2\pool\plugins\org.eclipse.m2e.maven.runtime_3.9.900.20240824-1409\jars\maven-resolver-connector-basic-1.9.22.jar
2025-02-27 10:16:35,072 [Worker-52: Launching Executing install in E__PJ_Eclipse_SpringBoot_FullExample] INFO  o.eclipse.m2e.core.internal.Bundles - 	Entry: C:\Users\plmin\.p2\pool\plugins\org.eclipse.m2e.maven.runtime_3.9.900.20240824-1409\jars\maven-resolver-impl-1.9.22.jar
2025-02-27 10:16:35,072 [Worker-52: Launching Executing install in E__PJ_Eclipse_SpringBoot_FullExample] INFO  o.eclipse.m2e.core.internal.Bundles - 	Entry: C:\Users\plmin\.p2\pool\plugins\org.eclipse.m2e.maven.runtime_3.9.900.20240824-1409\jars\maven-resolver-named-locks-1.9.22.jar
2025-02-27 10:16:35,072 [Worker-52: Launching Executing install in E__PJ_Eclipse_SpringBoot_FullExample] INFO  o.eclipse.m2e.core.internal.Bundles - 	Entry: C:\Users\plmin\.p2\pool\plugins\org.eclipse.m2e.maven.runtime_3.9.900.20240824-1409\jars\maven-resolver-provider-3.9.9.jar
2025-02-27 10:16:35,072 [Worker-52: Launching Executing install in E__PJ_Eclipse_SpringBoot_FullExample] INFO  o.eclipse.m2e.core.internal.Bundles - 	Entry: C:\Users\plmin\.p2\pool\plugins\org.eclipse.m2e.maven.runtime_3.9.900.20240824-1409\jars\maven-resolver-spi-1.9.22.jar
2025-02-27 10:16:35,072 [Worker-52: Launching Executing install in E__PJ_Eclipse_SpringBoot_FullExample] INFO  o.eclipse.m2e.core.internal.Bundles - 	Entry: C:\Users\plmin\.p2\pool\plugins\org.eclipse.m2e.maven.runtime_3.9.900.20240824-1409\jars\maven-resolver-transport-file-1.9.22.jar
2025-02-27 10:16:35,072 [Worker-52: Launching Executing install in E__PJ_Eclipse_SpringBoot_FullExample] INFO  o.eclipse.m2e.core.internal.Bundles - 	Entry: C:\Users\plmin\.p2\pool\plugins\org.eclipse.m2e.maven.runtime_3.9.900.20240824-1409\jars\maven-resolver-transport-http-1.9.22.jar
2025-02-27 10:16:35,072 [Worker-52: Launching Executing install in E__PJ_Eclipse_SpringBoot_FullExample] INFO  o.eclipse.m2e.core.internal.Bundles - 	Entry: C:\Users\plmin\.p2\pool\plugins\org.eclipse.m2e.maven.runtime_3.9.900.20240824-1409\jars\maven-resolver-transport-wagon-1.9.22.jar
2025-02-27 10:16:35,072 [Worker-52: Launching Executing install in E__PJ_Eclipse_SpringBoot_FullExample] INFO  o.eclipse.m2e.core.internal.Bundles - 	Entry: C:\Users\plmin\.p2\pool\plugins\org.eclipse.m2e.maven.runtime_3.9.900.20240824-1409\jars\maven-resolver-util-1.9.22.jar
2025-02-27 10:16:35,072 [Worker-52: Launching Executing install in E__PJ_Eclipse_SpringBoot_FullExample] INFO  o.eclipse.m2e.core.internal.Bundles - 	Entry: C:\Users\plmin\.p2\pool\plugins\org.eclipse.m2e.maven.runtime_3.9.900.20240824-1409\jars\maven-settings-3.9.9.jar
2025-02-27 10:16:35,072 [Worker-52: Launching Executing install in E__PJ_Eclipse_SpringBoot_FullExample] INFO  o.eclipse.m2e.core.internal.Bundles - 	Entry: C:\Users\plmin\.p2\pool\plugins\org.eclipse.m2e.maven.runtime_3.9.900.20240824-1409\jars\maven-settings-builder-3.9.9.jar
2025-02-27 10:16:35,073 [Worker-52: Launching Executing install in E__PJ_Eclipse_SpringBoot_FullExample] INFO  o.eclipse.m2e.core.internal.Bundles - 	Entry: C:\Users\plmin\.p2\pool\plugins\org.eclipse.m2e.maven.runtime_3.9.900.20240824-1409\jars\maven-shared-utils-3.4.2.jar
2025-02-27 10:16:35,073 [Worker-52: Launching Executing install in E__PJ_Eclipse_SpringBoot_FullExample] INFO  o.eclipse.m2e.core.internal.Bundles - 	Entry: C:\Users\plmin\.p2\pool\plugins\org.eclipse.m2e.maven.runtime_3.9.900.20240824-1409\jars\org.eclipse.sisu.inject-0.9.0.M3.jar
2025-02-27 10:16:35,073 [Worker-52: Launching Executing install in E__PJ_Eclipse_SpringBoot_FullExample] INFO  o.eclipse.m2e.core.internal.Bundles - 	Entry: C:\Users\plmin\.p2\pool\plugins\org.eclipse.m2e.maven.runtime_3.9.900.20240824-1409\jars\org.eclipse.sisu.plexus-0.9.0.M3.jar
2025-02-27 10:16:35,073 [Worker-52: Launching Executing install in E__PJ_Eclipse_SpringBoot_FullExample] INFO  o.eclipse.m2e.core.internal.Bundles - 	Entry: C:\Users\plmin\.p2\pool\plugins\org.eclipse.m2e.maven.runtime_3.9.900.20240824-1409\jars\plexus-build-api-0.0.7.jar
2025-02-27 10:16:35,073 [Worker-52: Launching Executing install in E__PJ_Eclipse_SpringBoot_FullExample] INFO  o.eclipse.m2e.core.internal.Bundles - 	Entry: C:\Users\plmin\.p2\pool\plugins\org.eclipse.m2e.maven.runtime_3.9.900.20240824-1409\jars\plexus-build-api-1.2.0.jar
2025-02-27 10:16:35,073 [Worker-52: Launching Executing install in E__PJ_Eclipse_SpringBoot_FullExample] INFO  o.eclipse.m2e.core.internal.Bundles - 	Entry: C:\Users\plmin\.p2\pool\plugins\org.eclipse.m2e.maven.runtime_3.9.900.20240824-1409\jars\plexus-cipher-2.0.jar
2025-02-27 10:16:35,073 [Worker-52: Launching Executing install in E__PJ_Eclipse_SpringBoot_FullExample] INFO  o.eclipse.m2e.core.internal.Bundles - 	Entry: C:\Users\plmin\.p2\pool\plugins\org.eclipse.m2e.maven.runtime_3.9.900.20240824-1409\jars\plexus-classworlds-2.8.0.jar
2025-02-27 10:16:35,073 [Worker-52: Launching Executing install in E__PJ_Eclipse_SpringBoot_FullExample] INFO  o.eclipse.m2e.core.internal.Bundles - 	Entry: C:\Users\plmin\.p2\pool\plugins\org.eclipse.m2e.maven.runtime_3.9.900.20240824-1409\jars\plexus-component-annotations-2.1.0.jar
2025-02-27 10:16:35,073 [Worker-52: Launching Executing install in E__PJ_Eclipse_SpringBoot_FullExample] INFO  o.eclipse.m2e.core.internal.Bundles - 	Entry: C:\Users\plmin\.p2\pool\plugins\org.eclipse.m2e.maven.runtime_3.9.900.20240824-1409\jars\plexus-interpolation-1.27.jar
2025-02-27 10:16:35,073 [Worker-52: Launching Executing install in E__PJ_Eclipse_SpringBoot_FullExample] INFO  o.eclipse.m2e.core.internal.Bundles - 	Entry: C:\Users\plmin\.p2\pool\plugins\org.eclipse.m2e.maven.runtime_3.9.900.20240824-1409\jars\plexus-sec-dispatcher-2.0.jar
2025-02-27 10:16:35,073 [Worker-52: Launching Executing install in E__PJ_Eclipse_SpringBoot_FullExample] INFO  o.eclipse.m2e.core.internal.Bundles - 	Entry: C:\Users\plmin\.p2\pool\plugins\org.eclipse.m2e.maven.runtime_3.9.900.20240824-1409\jars\plexus-utils-3.5.1.jar
2025-02-27 10:16:35,073 [Worker-52: Launching Executing install in E__PJ_Eclipse_SpringBoot_FullExample] INFO  o.eclipse.m2e.core.internal.Bundles - 	Entry: C:\Users\plmin\.p2\pool\plugins\org.eclipse.m2e.maven.runtime_3.9.900.20240824-1409\jars\plexus-xml-3.0.1.jar
2025-02-27 10:16:35,073 [Worker-52: Launching Executing install in E__PJ_Eclipse_SpringBoot_FullExample] INFO  o.eclipse.m2e.core.internal.Bundles - 	Entry: C:\Users\plmin\.p2\pool\plugins\org.eclipse.m2e.maven.runtime_3.9.900.20240824-1409\jars\wagon-file-3.5.3.jar
2025-02-27 10:16:35,073 [Worker-52: Launching Executing install in E__PJ_Eclipse_SpringBoot_FullExample] INFO  o.eclipse.m2e.core.internal.Bundles - 	Entry: C:\Users\plmin\.p2\pool\plugins\org.eclipse.m2e.maven.runtime_3.9.900.20240824-1409\jars\wagon-http-3.5.3.jar
2025-02-27 10:16:35,074 [Worker-52: Launching Executing install in E__PJ_Eclipse_SpringBoot_FullExample] INFO  o.eclipse.m2e.core.internal.Bundles - 	Entry: C:\Users\plmin\.p2\pool\plugins\org.eclipse.m2e.maven.runtime_3.9.900.20240824-1409\jars\wagon-http-shared-3.5.3.jar
2025-02-27 10:16:35,074 [Worker-52: Launching Executing install in E__PJ_Eclipse_SpringBoot_FullExample] INFO  o.eclipse.m2e.core.internal.Bundles - 	Entry: C:\Users\plmin\.p2\pool\plugins\org.eclipse.m2e.maven.runtime_3.9.900.20240824-1409\jars\wagon-provider-api-3.5.3.jar
2025-02-27 10:16:35,074 [Worker-52: Launching Executing install in E__PJ_Eclipse_SpringBoot_FullExample] INFO  o.eclipse.m2e.core.internal.Bundles - getClasspathEntries(Bundle=com.google.guava_33.3.1.jre [10])
2025-02-27 10:16:35,074 [Worker-52: Launching Executing install in E__PJ_Eclipse_SpringBoot_FullExample] INFO  o.eclipse.m2e.core.internal.Bundles - 	Entry: C:\Users\plmin\.p2\pool\plugins\com.google.guava_33.3.1.jre.jar
2025-02-27 10:16:35,074 [Worker-52: Launching Executing install in E__PJ_Eclipse_SpringBoot_FullExample] INFO  o.eclipse.m2e.core.internal.Bundles - getClasspathEntries(Bundle=slf4j.api_2.0.16 [522])
2025-02-27 10:16:35,074 [Worker-52: Launching Executing install in E__PJ_Eclipse_SpringBoot_FullExample] INFO  o.eclipse.m2e.core.internal.Bundles - 	Entry: C:\Users\plmin\.p2\pool\plugins\slf4j.api_2.0.16.jar
2025-02-27 10:16:35,074 [Worker-52: Launching Executing install in E__PJ_Eclipse_SpringBoot_FullExample] INFO  o.eclipse.m2e.core.internal.Bundles - getClasspathEntries(Bundle=jakarta.inject.jakarta.inject-api_1.0.5 [22])
2025-02-27 10:16:35,074 [Worker-52: Launching Executing install in E__PJ_Eclipse_SpringBoot_FullExample] INFO  o.eclipse.m2e.core.internal.Bundles - 	Entry: C:\Users\plmin\.p2\pool\plugins\jakarta.inject.jakarta.inject-api_1.0.5.jar
2025-02-27 10:16:35,075 [Worker-52: Launching Executing install in E__PJ_Eclipse_SpringBoot_FullExample] INFO  o.eclipse.m2e.core.internal.Bundles - getClasspathEntries(Bundle=jakarta.annotation-api_1.3.5 [20])
2025-02-27 10:16:35,075 [Worker-52: Launching Executing install in E__PJ_Eclipse_SpringBoot_FullExample] INFO  o.eclipse.m2e.core.internal.Bundles - 	Entry: C:\Users\plmin\.p2\pool\plugins\jakarta.annotation-api_1.3.5.jar
2025-02-27 10:16:35,075 [Worker-52: Launching Executing install in E__PJ_Eclipse_SpringBoot_FullExample] INFO  o.eclipse.m2e.core.internal.Bundles - getClasspathEntries(Bundle=org.apache.commons.cli_1.9.0 [47])
2025-02-27 10:16:35,075 [Worker-52: Launching Executing install in E__PJ_Eclipse_SpringBoot_FullExample] INFO  o.eclipse.m2e.core.internal.Bundles - 	Entry: C:\Users\plmin\.p2\pool\plugins\org.apache.commons.cli_1.9.0.jar
2025-02-27 10:16:35,075 [Worker-52: Launching Executing install in E__PJ_Eclipse_SpringBoot_FullExample] INFO  o.eclipse.m2e.core.internal.Bundles - getClasspathEntries(Bundle=org.apache.commons.commons-codec_1.16.0 [50])
2025-02-27 10:16:35,075 [Worker-52: Launching Executing install in E__PJ_Eclipse_SpringBoot_FullExample] INFO  o.eclipse.m2e.core.internal.Bundles - 	Entry: C:\Users\plmin\.p2\pool\plugins\org.apache.commons.commons-codec_1.16.0.jar
2025-02-27 10:16:35,075 [Worker-52: Launching Executing install in E__PJ_Eclipse_SpringBoot_FullExample] INFO  o.eclipse.m2e.core.internal.Bundles - getClasspathEntries(Bundle=com.google.guava.failureaccess_1.0.2 [11])
2025-02-27 10:16:35,075 [Worker-52: Launching Executing install in E__PJ_Eclipse_SpringBoot_FullExample] INFO  o.eclipse.m2e.core.internal.Bundles - 	Entry: C:\Users\plmin\.p2\pool\plugins\com.google.guava.failureaccess_1.0.2.jar
2025-02-27 10:16:35,076 [Worker-52: Launching Executing install in E__PJ_Eclipse_SpringBoot_FullExample] INFO  o.e.m.i.launch.MavenLaunchDelegate - Run build in "E:\PJ\Eclipse\SpringBoot_FullExample":
2025-02-27 10:16:35,076 [Worker-52: Launching Executing install in E__PJ_Eclipse_SpringBoot_FullExample] INFO  o.e.m.i.launch.MavenLaunchDelegate -  mvn  -B -Dstyle.color=always install
2025-02-27 10:20:35,234 [Worker-52: Building] INFO  o.a.m.s.f.DefaultMavenResourcesFiltering - Copying 1 resource from src\main\resources to target\classes
2025-02-27 10:20:35,240 [Worker-52: Building] INFO  o.a.m.s.f.DefaultMavenResourcesFiltering - Copying 0 resource from src\main\resources to target\classes
2025-02-27 10:20:35,242 [Worker-52: Building] INFO  o.a.m.s.f.DefaultMavenResourcesFiltering - skip non existing resourceDirectory E:\PJ\Eclipse\SpringBoot_FullExample\src\test\resources
2025-02-27 10:22:41,922 [Worker-57: Building] INFO  o.a.m.s.f.DefaultMavenResourcesFiltering - Copying 1 resource from src\main\resources to target\classes
2025-02-27 10:22:41,927 [Worker-57: Building] INFO  o.a.m.s.f.DefaultMavenResourcesFiltering - Copying 0 resource from src\main\resources to target\classes
2025-02-27 10:22:41,929 [Worker-57: Building] INFO  o.a.m.s.f.DefaultMavenResourcesFiltering - skip non existing resourceDirectory E:\PJ\Eclipse\SpringBoot_FullExample\src\test\resources
2025-02-27 10:23:23,401 [Worker-57: Launching Executing clean in E__PJ_Eclipse_SpringBoot_FullExample] INFO  o.eclipse.m2e.core.internal.Bundles - getClasspathEntries(Bundle=org.eclipse.m2e.maven.runtime_3.9.900.20240824-1409 [298])
2025-02-27 10:23:23,403 [Worker-57: Launching Executing clean in E__PJ_Eclipse_SpringBoot_FullExample] INFO  o.eclipse.m2e.core.internal.Bundles - 	Entry: C:\Users\plmin\.p2\pool\plugins\org.eclipse.m2e.maven.runtime_3.9.900.20240824-1409
2025-02-27 10:23:23,403 [Worker-57: Launching Executing clean in E__PJ_Eclipse_SpringBoot_FullExample] INFO  o.eclipse.m2e.core.internal.Bundles - 	Entry: C:\Users\plmin\.p2\pool\plugins\org.eclipse.m2e.maven.runtime_3.9.900.20240824-1409\jars\aopalliance-1.0.jar
2025-02-27 10:23:23,403 [Worker-57: Launching Executing clean in E__PJ_Eclipse_SpringBoot_FullExample] INFO  o.eclipse.m2e.core.internal.Bundles - 	Entry: C:\Users\plmin\.p2\pool\plugins\org.eclipse.m2e.maven.runtime_3.9.900.20240824-1409\jars\guice-5.1.0.jar
2025-02-27 10:23:23,403 [Worker-57: Launching Executing clean in E__PJ_Eclipse_SpringBoot_FullExample] INFO  o.eclipse.m2e.core.internal.Bundles - 	Entry: C:\Users\plmin\.p2\pool\plugins\org.eclipse.m2e.maven.runtime_3.9.900.20240824-1409\jars\httpclient-4.5.14.jar
2025-02-27 10:23:23,403 [Worker-57: Launching Executing clean in E__PJ_Eclipse_SpringBoot_FullExample] INFO  o.eclipse.m2e.core.internal.Bundles - 	Entry: C:\Users\plmin\.p2\pool\plugins\org.eclipse.m2e.maven.runtime_3.9.900.20240824-1409\jars\httpcore-4.4.16.jar
2025-02-27 10:23:23,403 [Worker-57: Launching Executing clean in E__PJ_Eclipse_SpringBoot_FullExample] INFO  o.eclipse.m2e.core.internal.Bundles - 	Entry: C:\Users\plmin\.p2\pool\plugins\org.eclipse.m2e.maven.runtime_3.9.900.20240824-1409\jars\jansi-2.4.1.jar
2025-02-27 10:23:23,403 [Worker-57: Launching Executing clean in E__PJ_Eclipse_SpringBoot_FullExample] INFO  o.eclipse.m2e.core.internal.Bundles - 	Entry: C:\Users\plmin\.p2\pool\plugins\org.eclipse.m2e.maven.runtime_3.9.900.20240824-1409\jars\jcl-over-slf4j-1.7.36.jar
2025-02-27 10:23:23,403 [Worker-57: Launching Executing clean in E__PJ_Eclipse_SpringBoot_FullExample] INFO  o.eclipse.m2e.core.internal.Bundles - 	Entry: C:\Users\plmin\.p2\pool\plugins\org.eclipse.m2e.maven.runtime_3.9.900.20240824-1409\jars\maven-artifact-3.9.9.jar
2025-02-27 10:23:23,403 [Worker-57: Launching Executing clean in E__PJ_Eclipse_SpringBoot_FullExample] INFO  o.eclipse.m2e.core.internal.Bundles - 	Entry: C:\Users\plmin\.p2\pool\plugins\org.eclipse.m2e.maven.runtime_3.9.900.20240824-1409\jars\maven-builder-support-3.9.9.jar
2025-02-27 10:23:23,404 [Worker-57: Launching Executing clean in E__PJ_Eclipse_SpringBoot_FullExample] INFO  o.eclipse.m2e.core.internal.Bundles - 	Entry: C:\Users\plmin\.p2\pool\plugins\org.eclipse.m2e.maven.runtime_3.9.900.20240824-1409\jars\maven-compat-3.9.9.jar
2025-02-27 10:23:23,404 [Worker-57: Launching Executing clean in E__PJ_Eclipse_SpringBoot_FullExample] INFO  o.eclipse.m2e.core.internal.Bundles - 	Entry: C:\Users\plmin\.p2\pool\plugins\org.eclipse.m2e.maven.runtime_3.9.900.20240824-1409\jars\maven-core-3.9.9.jar
2025-02-27 10:23:23,404 [Worker-57: Launching Executing clean in E__PJ_Eclipse_SpringBoot_FullExample] INFO  o.eclipse.m2e.core.internal.Bundles - 	Entry: C:\Users\plmin\.p2\pool\plugins\org.eclipse.m2e.maven.runtime_3.9.900.20240824-1409\jars\maven-embedder-3.9.9.jar
2025-02-27 10:23:23,404 [Worker-57: Launching Executing clean in E__PJ_Eclipse_SpringBoot_FullExample] INFO  o.eclipse.m2e.core.internal.Bundles - 	Entry: C:\Users\plmin\.p2\pool\plugins\org.eclipse.m2e.maven.runtime_3.9.900.20240824-1409\jars\maven-model-3.9.9.jar
2025-02-27 10:23:23,404 [Worker-57: Launching Executing clean in E__PJ_Eclipse_SpringBoot_FullExample] INFO  o.eclipse.m2e.core.internal.Bundles - 	Entry: C:\Users\plmin\.p2\pool\plugins\org.eclipse.m2e.maven.runtime_3.9.900.20240824-1409\jars\maven-model-builder-3.9.9.jar
2025-02-27 10:23:23,404 [Worker-57: Launching Executing clean in E__PJ_Eclipse_SpringBoot_FullExample] INFO  o.eclipse.m2e.core.internal.Bundles - 	Entry: C:\Users\plmin\.p2\pool\plugins\org.eclipse.m2e.maven.runtime_3.9.900.20240824-1409\jars\maven-plugin-api-3.9.9.jar
2025-02-27 10:23:23,404 [Worker-57: Launching Executing clean in E__PJ_Eclipse_SpringBoot_FullExample] INFO  o.eclipse.m2e.core.internal.Bundles - 	Entry: C:\Users\plmin\.p2\pool\plugins\org.eclipse.m2e.maven.runtime_3.9.900.20240824-1409\jars\maven-repository-metadata-3.9.9.jar
2025-02-27 10:23:23,404 [Worker-57: Launching Executing clean in E__PJ_Eclipse_SpringBoot_FullExample] INFO  o.eclipse.m2e.core.internal.Bundles - 	Entry: C:\Users\plmin\.p2\pool\plugins\org.eclipse.m2e.maven.runtime_3.9.900.20240824-1409\jars\maven-resolver-api-1.9.22.jar
2025-02-27 10:23:23,404 [Worker-57: Launching Executing clean in E__PJ_Eclipse_SpringBoot_FullExample] INFO  o.eclipse.m2e.core.internal.Bundles - 	Entry: C:\Users\plmin\.p2\pool\plugins\org.eclipse.m2e.maven.runtime_3.9.900.20240824-1409\jars\maven-resolver-connector-basic-1.9.22.jar
2025-02-27 10:23:23,404 [Worker-57: Launching Executing clean in E__PJ_Eclipse_SpringBoot_FullExample] INFO  o.eclipse.m2e.core.internal.Bundles - 	Entry: C:\Users\plmin\.p2\pool\plugins\org.eclipse.m2e.maven.runtime_3.9.900.20240824-1409\jars\maven-resolver-impl-1.9.22.jar
2025-02-27 10:23:23,405 [Worker-57: Launching Executing clean in E__PJ_Eclipse_SpringBoot_FullExample] INFO  o.eclipse.m2e.core.internal.Bundles - 	Entry: C:\Users\plmin\.p2\pool\plugins\org.eclipse.m2e.maven.runtime_3.9.900.20240824-1409\jars\maven-resolver-named-locks-1.9.22.jar
2025-02-27 10:23:23,405 [Worker-57: Launching Executing clean in E__PJ_Eclipse_SpringBoot_FullExample] INFO  o.eclipse.m2e.core.internal.Bundles - 	Entry: C:\Users\plmin\.p2\pool\plugins\org.eclipse.m2e.maven.runtime_3.9.900.20240824-1409\jars\maven-resolver-provider-3.9.9.jar
2025-02-27 10:23:23,405 [Worker-57: Launching Executing clean in E__PJ_Eclipse_SpringBoot_FullExample] INFO  o.eclipse.m2e.core.internal.Bundles - 	Entry: C:\Users\plmin\.p2\pool\plugins\org.eclipse.m2e.maven.runtime_3.9.900.20240824-1409\jars\maven-resolver-spi-1.9.22.jar
2025-02-27 10:23:23,405 [Worker-57: Launching Executing clean in E__PJ_Eclipse_SpringBoot_FullExample] INFO  o.eclipse.m2e.core.internal.Bundles - 	Entry: C:\Users\plmin\.p2\pool\plugins\org.eclipse.m2e.maven.runtime_3.9.900.20240824-1409\jars\maven-resolver-transport-file-1.9.22.jar
2025-02-27 10:23:23,405 [Worker-57: Launching Executing clean in E__PJ_Eclipse_SpringBoot_FullExample] INFO  o.eclipse.m2e.core.internal.Bundles - 	Entry: C:\Users\plmin\.p2\pool\plugins\org.eclipse.m2e.maven.runtime_3.9.900.20240824-1409\jars\maven-resolver-transport-http-1.9.22.jar
2025-02-27 10:23:23,405 [Worker-57: Launching Executing clean in E__PJ_Eclipse_SpringBoot_FullExample] INFO  o.eclipse.m2e.core.internal.Bundles - 	Entry: C:\Users\plmin\.p2\pool\plugins\org.eclipse.m2e.maven.runtime_3.9.900.20240824-1409\jars\maven-resolver-transport-wagon-1.9.22.jar
2025-02-27 10:23:23,405 [Worker-57: Launching Executing clean in E__PJ_Eclipse_SpringBoot_FullExample] INFO  o.eclipse.m2e.core.internal.Bundles - 	Entry: C:\Users\plmin\.p2\pool\plugins\org.eclipse.m2e.maven.runtime_3.9.900.20240824-1409\jars\maven-resolver-util-1.9.22.jar
2025-02-27 10:23:23,405 [Worker-57: Launching Executing clean in E__PJ_Eclipse_SpringBoot_FullExample] INFO  o.eclipse.m2e.core.internal.Bundles - 	Entry: C:\Users\plmin\.p2\pool\plugins\org.eclipse.m2e.maven.runtime_3.9.900.20240824-1409\jars\maven-settings-3.9.9.jar
2025-02-27 10:23:23,405 [Worker-57: Launching Executing clean in E__PJ_Eclipse_SpringBoot_FullExample] INFO  o.eclipse.m2e.core.internal.Bundles - 	Entry: C:\Users\plmin\.p2\pool\plugins\org.eclipse.m2e.maven.runtime_3.9.900.20240824-1409\jars\maven-settings-builder-3.9.9.jar
2025-02-27 10:23:23,405 [Worker-57: Launching Executing clean in E__PJ_Eclipse_SpringBoot_FullExample] INFO  o.eclipse.m2e.core.internal.Bundles - 	Entry: C:\Users\plmin\.p2\pool\plugins\org.eclipse.m2e.maven.runtime_3.9.900.20240824-1409\jars\maven-shared-utils-3.4.2.jar
2025-02-27 10:23:23,405 [Worker-57: Launching Executing clean in E__PJ_Eclipse_SpringBoot_FullExample] INFO  o.eclipse.m2e.core.internal.Bundles - 	Entry: C:\Users\plmin\.p2\pool\plugins\org.eclipse.m2e.maven.runtime_3.9.900.20240824-1409\jars\org.eclipse.sisu.inject-0.9.0.M3.jar
2025-02-27 10:23:23,405 [Worker-57: Launching Executing clean in E__PJ_Eclipse_SpringBoot_FullExample] INFO  o.eclipse.m2e.core.internal.Bundles - 	Entry: C:\Users\plmin\.p2\pool\plugins\org.eclipse.m2e.maven.runtime_3.9.900.20240824-1409\jars\org.eclipse.sisu.plexus-0.9.0.M3.jar
2025-02-27 10:23:23,405 [Worker-57: Launching Executing clean in E__PJ_Eclipse_SpringBoot_FullExample] INFO  o.eclipse.m2e.core.internal.Bundles - 	Entry: C:\Users\plmin\.p2\pool\plugins\org.eclipse.m2e.maven.runtime_3.9.900.20240824-1409\jars\plexus-build-api-0.0.7.jar
2025-02-27 10:23:23,405 [Worker-57: Launching Executing clean in E__PJ_Eclipse_SpringBoot_FullExample] INFO  o.eclipse.m2e.core.internal.Bundles - 	Entry: C:\Users\plmin\.p2\pool\plugins\org.eclipse.m2e.maven.runtime_3.9.900.20240824-1409\jars\plexus-build-api-1.2.0.jar
2025-02-27 10:23:23,405 [Worker-57: Launching Executing clean in E__PJ_Eclipse_SpringBoot_FullExample] INFO  o.eclipse.m2e.core.internal.Bundles - 	Entry: C:\Users\plmin\.p2\pool\plugins\org.eclipse.m2e.maven.runtime_3.9.900.20240824-1409\jars\plexus-cipher-2.0.jar
2025-02-27 10:23:23,406 [Worker-57: Launching Executing clean in E__PJ_Eclipse_SpringBoot_FullExample] INFO  o.eclipse.m2e.core.internal.Bundles - 	Entry: C:\Users\plmin\.p2\pool\plugins\org.eclipse.m2e.maven.runtime_3.9.900.20240824-1409\jars\plexus-classworlds-2.8.0.jar
2025-02-27 10:23:23,406 [Worker-57: Launching Executing clean in E__PJ_Eclipse_SpringBoot_FullExample] INFO  o.eclipse.m2e.core.internal.Bundles - 	Entry: C:\Users\plmin\.p2\pool\plugins\org.eclipse.m2e.maven.runtime_3.9.900.20240824-1409\jars\plexus-component-annotations-2.1.0.jar
2025-02-27 10:23:23,406 [Worker-57: Launching Executing clean in E__PJ_Eclipse_SpringBoot_FullExample] INFO  o.eclipse.m2e.core.internal.Bundles - 	Entry: C:\Users\plmin\.p2\pool\plugins\org.eclipse.m2e.maven.runtime_3.9.900.20240824-1409\jars\plexus-interpolation-1.27.jar
2025-02-27 10:23:23,406 [Worker-57: Launching Executing clean in E__PJ_Eclipse_SpringBoot_FullExample] INFO  o.eclipse.m2e.core.internal.Bundles - 	Entry: C:\Users\plmin\.p2\pool\plugins\org.eclipse.m2e.maven.runtime_3.9.900.20240824-1409\jars\plexus-sec-dispatcher-2.0.jar
2025-02-27 10:23:23,406 [Worker-57: Launching Executing clean in E__PJ_Eclipse_SpringBoot_FullExample] INFO  o.eclipse.m2e.core.internal.Bundles - 	Entry: C:\Users\plmin\.p2\pool\plugins\org.eclipse.m2e.maven.runtime_3.9.900.20240824-1409\jars\plexus-utils-3.5.1.jar
2025-02-27 10:23:23,406 [Worker-57: Launching Executing clean in E__PJ_Eclipse_SpringBoot_FullExample] INFO  o.eclipse.m2e.core.internal.Bundles - 	Entry: C:\Users\plmin\.p2\pool\plugins\org.eclipse.m2e.maven.runtime_3.9.900.20240824-1409\jars\plexus-xml-3.0.1.jar
2025-02-27 10:23:23,406 [Worker-57: Launching Executing clean in E__PJ_Eclipse_SpringBoot_FullExample] INFO  o.eclipse.m2e.core.internal.Bundles - 	Entry: C:\Users\plmin\.p2\pool\plugins\org.eclipse.m2e.maven.runtime_3.9.900.20240824-1409\jars\wagon-file-3.5.3.jar
2025-02-27 10:23:23,406 [Worker-57: Launching Executing clean in E__PJ_Eclipse_SpringBoot_FullExample] INFO  o.eclipse.m2e.core.internal.Bundles - 	Entry: C:\Users\plmin\.p2\pool\plugins\org.eclipse.m2e.maven.runtime_3.9.900.20240824-1409\jars\wagon-http-3.5.3.jar
2025-02-27 10:23:23,406 [Worker-57: Launching Executing clean in E__PJ_Eclipse_SpringBoot_FullExample] INFO  o.eclipse.m2e.core.internal.Bundles - 	Entry: C:\Users\plmin\.p2\pool\plugins\org.eclipse.m2e.maven.runtime_3.9.900.20240824-1409\jars\wagon-http-shared-3.5.3.jar
2025-02-27 10:23:23,406 [Worker-57: Launching Executing clean in E__PJ_Eclipse_SpringBoot_FullExample] INFO  o.eclipse.m2e.core.internal.Bundles - 	Entry: C:\Users\plmin\.p2\pool\plugins\org.eclipse.m2e.maven.runtime_3.9.900.20240824-1409\jars\wagon-provider-api-3.5.3.jar
2025-02-27 10:23:23,407 [Worker-57: Launching Executing clean in E__PJ_Eclipse_SpringBoot_FullExample] INFO  o.eclipse.m2e.core.internal.Bundles - getClasspathEntries(Bundle=com.google.guava_33.3.1.jre [10])
2025-02-27 10:23:23,407 [Worker-57: Launching Executing clean in E__PJ_Eclipse_SpringBoot_FullExample] INFO  o.eclipse.m2e.core.internal.Bundles - 	Entry: C:\Users\plmin\.p2\pool\plugins\com.google.guava_33.3.1.jre.jar
2025-02-27 10:23:23,407 [Worker-57: Launching Executing clean in E__PJ_Eclipse_SpringBoot_FullExample] INFO  o.eclipse.m2e.core.internal.Bundles - getClasspathEntries(Bundle=slf4j.api_2.0.16 [522])
2025-02-27 10:23:23,407 [Worker-57: Launching Executing clean in E__PJ_Eclipse_SpringBoot_FullExample] INFO  o.eclipse.m2e.core.internal.Bundles - 	Entry: C:\Users\plmin\.p2\pool\plugins\slf4j.api_2.0.16.jar
2025-02-27 10:23:23,407 [Worker-57: Launching Executing clean in E__PJ_Eclipse_SpringBoot_FullExample] INFO  o.eclipse.m2e.core.internal.Bundles - getClasspathEntries(Bundle=jakarta.inject.jakarta.inject-api_1.0.5 [22])
2025-02-27 10:23:23,408 [Worker-57: Launching Executing clean in E__PJ_Eclipse_SpringBoot_FullExample] INFO  o.eclipse.m2e.core.internal.Bundles - 	Entry: C:\Users\plmin\.p2\pool\plugins\jakarta.inject.jakarta.inject-api_1.0.5.jar
2025-02-27 10:23:23,408 [Worker-57: Launching Executing clean in E__PJ_Eclipse_SpringBoot_FullExample] INFO  o.eclipse.m2e.core.internal.Bundles - getClasspathEntries(Bundle=jakarta.annotation-api_1.3.5 [20])
2025-02-27 10:23:23,409 [Worker-57: Launching Executing clean in E__PJ_Eclipse_SpringBoot_FullExample] INFO  o.eclipse.m2e.core.internal.Bundles - 	Entry: C:\Users\plmin\.p2\pool\plugins\jakarta.annotation-api_1.3.5.jar
2025-02-27 10:23:23,409 [Worker-57: Launching Executing clean in E__PJ_Eclipse_SpringBoot_FullExample] INFO  o.eclipse.m2e.core.internal.Bundles - getClasspathEntries(Bundle=org.apache.commons.cli_1.9.0 [47])
2025-02-27 10:23:23,409 [Worker-57: Launching Executing clean in E__PJ_Eclipse_SpringBoot_FullExample] INFO  o.eclipse.m2e.core.internal.Bundles - 	Entry: C:\Users\plmin\.p2\pool\plugins\org.apache.commons.cli_1.9.0.jar
2025-02-27 10:23:23,409 [Worker-57: Launching Executing clean in E__PJ_Eclipse_SpringBoot_FullExample] INFO  o.eclipse.m2e.core.internal.Bundles - getClasspathEntries(Bundle=org.apache.commons.commons-codec_1.16.0 [50])
2025-02-27 10:23:23,409 [Worker-57: Launching Executing clean in E__PJ_Eclipse_SpringBoot_FullExample] INFO  o.eclipse.m2e.core.internal.Bundles - 	Entry: C:\Users\plmin\.p2\pool\plugins\org.apache.commons.commons-codec_1.16.0.jar
2025-02-27 10:23:23,409 [Worker-57: Launching Executing clean in E__PJ_Eclipse_SpringBoot_FullExample] INFO  o.eclipse.m2e.core.internal.Bundles - getClasspathEntries(Bundle=com.google.guava.failureaccess_1.0.2 [11])
2025-02-27 10:23:23,410 [Worker-57: Launching Executing clean in E__PJ_Eclipse_SpringBoot_FullExample] INFO  o.eclipse.m2e.core.internal.Bundles - 	Entry: C:\Users\plmin\.p2\pool\plugins\com.google.guava.failureaccess_1.0.2.jar
2025-02-27 10:23:23,410 [Worker-57: Launching Executing clean in E__PJ_Eclipse_SpringBoot_FullExample] INFO  o.e.m.i.launch.MavenLaunchDelegate - Run build in "E:\PJ\Eclipse\SpringBoot_FullExample":
2025-02-27 10:23:23,411 [Worker-57: Launching Executing clean in E__PJ_Eclipse_SpringBoot_FullExample] INFO  o.e.m.i.launch.MavenLaunchDelegate -  mvn  -B -Dstyle.color=always clean
2025-02-27 10:23:25,261 [Worker-58: Building] INFO  o.a.m.s.f.DefaultMavenResourcesFiltering - Copying 1 resource from src\main\resources to target\classes
2025-02-27 10:23:25,262 [Worker-58: Building] INFO  o.a.m.s.f.DefaultMavenResourcesFiltering - Copying 0 resource from src\main\resources to target\classes
2025-02-27 10:23:25,264 [Worker-58: Building] INFO  o.a.m.s.f.DefaultMavenResourcesFiltering - skip non existing resourceDirectory E:\PJ\Eclipse\SpringBoot_FullExample\src\test\resources
2025-02-27 10:23:30,307 [Worker-52: Launching Executing install in E__PJ_Eclipse_SpringBoot_FullExample] INFO  o.eclipse.m2e.core.internal.Bundles - getClasspathEntries(Bundle=org.eclipse.m2e.maven.runtime_3.9.900.20240824-1409 [298])
2025-02-27 10:23:30,308 [Worker-52: Launching Executing install in E__PJ_Eclipse_SpringBoot_FullExample] INFO  o.eclipse.m2e.core.internal.Bundles - 	Entry: C:\Users\plmin\.p2\pool\plugins\org.eclipse.m2e.maven.runtime_3.9.900.20240824-1409
2025-02-27 10:23:30,308 [Worker-52: Launching Executing install in E__PJ_Eclipse_SpringBoot_FullExample] INFO  o.eclipse.m2e.core.internal.Bundles - 	Entry: C:\Users\plmin\.p2\pool\plugins\org.eclipse.m2e.maven.runtime_3.9.900.20240824-1409\jars\aopalliance-1.0.jar
2025-02-27 10:23:30,308 [Worker-52: Launching Executing install in E__PJ_Eclipse_SpringBoot_FullExample] INFO  o.eclipse.m2e.core.internal.Bundles - 	Entry: C:\Users\plmin\.p2\pool\plugins\org.eclipse.m2e.maven.runtime_3.9.900.20240824-1409\jars\guice-5.1.0.jar
2025-02-27 10:23:30,308 [Worker-52: Launching Executing install in E__PJ_Eclipse_SpringBoot_FullExample] INFO  o.eclipse.m2e.core.internal.Bundles - 	Entry: C:\Users\plmin\.p2\pool\plugins\org.eclipse.m2e.maven.runtime_3.9.900.20240824-1409\jars\httpclient-4.5.14.jar
2025-02-27 10:23:30,308 [Worker-52: Launching Executing install in E__PJ_Eclipse_SpringBoot_FullExample] INFO  o.eclipse.m2e.core.internal.Bundles - 	Entry: C:\Users\plmin\.p2\pool\plugins\org.eclipse.m2e.maven.runtime_3.9.900.20240824-1409\jars\httpcore-4.4.16.jar
2025-02-27 10:23:30,308 [Worker-52: Launching Executing install in E__PJ_Eclipse_SpringBoot_FullExample] INFO  o.eclipse.m2e.core.internal.Bundles - 	Entry: C:\Users\plmin\.p2\pool\plugins\org.eclipse.m2e.maven.runtime_3.9.900.20240824-1409\jars\jansi-2.4.1.jar
2025-02-27 10:23:30,308 [Worker-52: Launching Executing install in E__PJ_Eclipse_SpringBoot_FullExample] INFO  o.eclipse.m2e.core.internal.Bundles - 	Entry: C:\Users\plmin\.p2\pool\plugins\org.eclipse.m2e.maven.runtime_3.9.900.20240824-1409\jars\jcl-over-slf4j-1.7.36.jar
2025-02-27 10:23:30,308 [Worker-52: Launching Executing install in E__PJ_Eclipse_SpringBoot_FullExample] INFO  o.eclipse.m2e.core.internal.Bundles - 	Entry: C:\Users\plmin\.p2\pool\plugins\org.eclipse.m2e.maven.runtime_3.9.900.20240824-1409\jars\maven-artifact-3.9.9.jar
2025-02-27 10:23:30,308 [Worker-52: Launching Executing install in E__PJ_Eclipse_SpringBoot_FullExample] INFO  o.eclipse.m2e.core.internal.Bundles - 	Entry: C:\Users\plmin\.p2\pool\plugins\org.eclipse.m2e.maven.runtime_3.9.900.20240824-1409\jars\maven-builder-support-3.9.9.jar
2025-02-27 10:23:30,309 [Worker-52: Launching Executing install in E__PJ_Eclipse_SpringBoot_FullExample] INFO  o.eclipse.m2e.core.internal.Bundles - 	Entry: C:\Users\plmin\.p2\pool\plugins\org.eclipse.m2e.maven.runtime_3.9.900.20240824-1409\jars\maven-compat-3.9.9.jar
2025-02-27 10:23:30,309 [Worker-52: Launching Executing install in E__PJ_Eclipse_SpringBoot_FullExample] INFO  o.eclipse.m2e.core.internal.Bundles - 	Entry: C:\Users\plmin\.p2\pool\plugins\org.eclipse.m2e.maven.runtime_3.9.900.20240824-1409\jars\maven-core-3.9.9.jar
2025-02-27 10:23:30,309 [Worker-52: Launching Executing install in E__PJ_Eclipse_SpringBoot_FullExample] INFO  o.eclipse.m2e.core.internal.Bundles - 	Entry: C:\Users\plmin\.p2\pool\plugins\org.eclipse.m2e.maven.runtime_3.9.900.20240824-1409\jars\maven-embedder-3.9.9.jar
2025-02-27 10:23:30,309 [Worker-52: Launching Executing install in E__PJ_Eclipse_SpringBoot_FullExample] INFO  o.eclipse.m2e.core.internal.Bundles - 	Entry: C:\Users\plmin\.p2\pool\plugins\org.eclipse.m2e.maven.runtime_3.9.900.20240824-1409\jars\maven-model-3.9.9.jar
2025-02-27 10:23:30,309 [Worker-52: Launching Executing install in E__PJ_Eclipse_SpringBoot_FullExample] INFO  o.eclipse.m2e.core.internal.Bundles - 	Entry: C:\Users\plmin\.p2\pool\plugins\org.eclipse.m2e.maven.runtime_3.9.900.20240824-1409\jars\maven-model-builder-3.9.9.jar
2025-02-27 10:23:30,309 [Worker-52: Launching Executing install in E__PJ_Eclipse_SpringBoot_FullExample] INFO  o.eclipse.m2e.core.internal.Bundles - 	Entry: C:\Users\plmin\.p2\pool\plugins\org.eclipse.m2e.maven.runtime_3.9.900.20240824-1409\jars\maven-plugin-api-3.9.9.jar
2025-02-27 10:23:30,309 [Worker-52: Launching Executing install in E__PJ_Eclipse_SpringBoot_FullExample] INFO  o.eclipse.m2e.core.internal.Bundles - 	Entry: C:\Users\plmin\.p2\pool\plugins\org.eclipse.m2e.maven.runtime_3.9.900.20240824-1409\jars\maven-repository-metadata-3.9.9.jar
2025-02-27 10:23:30,309 [Worker-52: Launching Executing install in E__PJ_Eclipse_SpringBoot_FullExample] INFO  o.eclipse.m2e.core.internal.Bundles - 	Entry: C:\Users\plmin\.p2\pool\plugins\org.eclipse.m2e.maven.runtime_3.9.900.20240824-1409\jars\maven-resolver-api-1.9.22.jar
2025-02-27 10:23:30,309 [Worker-52: Launching Executing install in E__PJ_Eclipse_SpringBoot_FullExample] INFO  o.eclipse.m2e.core.internal.Bundles - 	Entry: C:\Users\plmin\.p2\pool\plugins\org.eclipse.m2e.maven.runtime_3.9.900.20240824-1409\jars\maven-resolver-connector-basic-1.9.22.jar
2025-02-27 10:23:30,309 [Worker-52: Launching Executing install in E__PJ_Eclipse_SpringBoot_FullExample] INFO  o.eclipse.m2e.core.internal.Bundles - 	Entry: C:\Users\plmin\.p2\pool\plugins\org.eclipse.m2e.maven.runtime_3.9.900.20240824-1409\jars\maven-resolver-impl-1.9.22.jar
2025-02-27 10:23:30,309 [Worker-52: Launching Executing install in E__PJ_Eclipse_SpringBoot_FullExample] INFO  o.eclipse.m2e.core.internal.Bundles - 	Entry: C:\Users\plmin\.p2\pool\plugins\org.eclipse.m2e.maven.runtime_3.9.900.20240824-1409\jars\maven-resolver-named-locks-1.9.22.jar
2025-02-27 10:23:30,309 [Worker-52: Launching Executing install in E__PJ_Eclipse_SpringBoot_FullExample] INFO  o.eclipse.m2e.core.internal.Bundles - 	Entry: C:\Users\plmin\.p2\pool\plugins\org.eclipse.m2e.maven.runtime_3.9.900.20240824-1409\jars\maven-resolver-provider-3.9.9.jar
2025-02-27 10:23:30,309 [Worker-52: Launching Executing install in E__PJ_Eclipse_SpringBoot_FullExample] INFO  o.eclipse.m2e.core.internal.Bundles - 	Entry: C:\Users\plmin\.p2\pool\plugins\org.eclipse.m2e.maven.runtime_3.9.900.20240824-1409\jars\maven-resolver-spi-1.9.22.jar
2025-02-27 10:23:30,309 [Worker-52: Launching Executing install in E__PJ_Eclipse_SpringBoot_FullExample] INFO  o.eclipse.m2e.core.internal.Bundles - 	Entry: C:\Users\plmin\.p2\pool\plugins\org.eclipse.m2e.maven.runtime_3.9.900.20240824-1409\jars\maven-resolver-transport-file-1.9.22.jar
2025-02-27 10:23:30,309 [Worker-52: Launching Executing install in E__PJ_Eclipse_SpringBoot_FullExample] INFO  o.eclipse.m2e.core.internal.Bundles - 	Entry: C:\Users\plmin\.p2\pool\plugins\org.eclipse.m2e.maven.runtime_3.9.900.20240824-1409\jars\maven-resolver-transport-http-1.9.22.jar
2025-02-27 10:23:30,309 [Worker-52: Launching Executing install in E__PJ_Eclipse_SpringBoot_FullExample] INFO  o.eclipse.m2e.core.internal.Bundles - 	Entry: C:\Users\plmin\.p2\pool\plugins\org.eclipse.m2e.maven.runtime_3.9.900.20240824-1409\jars\maven-resolver-transport-wagon-1.9.22.jar
2025-02-27 10:23:30,309 [Worker-52: Launching Executing install in E__PJ_Eclipse_SpringBoot_FullExample] INFO  o.eclipse.m2e.core.internal.Bundles - 	Entry: C:\Users\plmin\.p2\pool\plugins\org.eclipse.m2e.maven.runtime_3.9.900.20240824-1409\jars\maven-resolver-util-1.9.22.jar
2025-02-27 10:23:30,310 [Worker-52: Launching Executing install in E__PJ_Eclipse_SpringBoot_FullExample] INFO  o.eclipse.m2e.core.internal.Bundles - 	Entry: C:\Users\plmin\.p2\pool\plugins\org.eclipse.m2e.maven.runtime_3.9.900.20240824-1409\jars\maven-settings-3.9.9.jar
2025-02-27 10:23:30,310 [Worker-52: Launching Executing install in E__PJ_Eclipse_SpringBoot_FullExample] INFO  o.eclipse.m2e.core.internal.Bundles - 	Entry: C:\Users\plmin\.p2\pool\plugins\org.eclipse.m2e.maven.runtime_3.9.900.20240824-1409\jars\maven-settings-builder-3.9.9.jar
2025-02-27 10:23:30,310 [Worker-52: Launching Executing install in E__PJ_Eclipse_SpringBoot_FullExample] INFO  o.eclipse.m2e.core.internal.Bundles - 	Entry: C:\Users\plmin\.p2\pool\plugins\org.eclipse.m2e.maven.runtime_3.9.900.20240824-1409\jars\maven-shared-utils-3.4.2.jar
2025-02-27 10:23:30,310 [Worker-52: Launching Executing install in E__PJ_Eclipse_SpringBoot_FullExample] INFO  o.eclipse.m2e.core.internal.Bundles - 	Entry: C:\Users\plmin\.p2\pool\plugins\org.eclipse.m2e.maven.runtime_3.9.900.20240824-1409\jars\org.eclipse.sisu.inject-0.9.0.M3.jar
2025-02-27 10:23:30,310 [Worker-52: Launching Executing install in E__PJ_Eclipse_SpringBoot_FullExample] INFO  o.eclipse.m2e.core.internal.Bundles - 	Entry: C:\Users\plmin\.p2\pool\plugins\org.eclipse.m2e.maven.runtime_3.9.900.20240824-1409\jars\org.eclipse.sisu.plexus-0.9.0.M3.jar
2025-02-27 10:23:30,310 [Worker-52: Launching Executing install in E__PJ_Eclipse_SpringBoot_FullExample] INFO  o.eclipse.m2e.core.internal.Bundles - 	Entry: C:\Users\plmin\.p2\pool\plugins\org.eclipse.m2e.maven.runtime_3.9.900.20240824-1409\jars\plexus-build-api-0.0.7.jar
2025-02-27 10:23:30,310 [Worker-52: Launching Executing install in E__PJ_Eclipse_SpringBoot_FullExample] INFO  o.eclipse.m2e.core.internal.Bundles - 	Entry: C:\Users\plmin\.p2\pool\plugins\org.eclipse.m2e.maven.runtime_3.9.900.20240824-1409\jars\plexus-build-api-1.2.0.jar
2025-02-27 10:23:30,310 [Worker-52: Launching Executing install in E__PJ_Eclipse_SpringBoot_FullExample] INFO  o.eclipse.m2e.core.internal.Bundles - 	Entry: C:\Users\plmin\.p2\pool\plugins\org.eclipse.m2e.maven.runtime_3.9.900.20240824-1409\jars\plexus-cipher-2.0.jar
2025-02-27 10:23:30,310 [Worker-52: Launching Executing install in E__PJ_Eclipse_SpringBoot_FullExample] INFO  o.eclipse.m2e.core.internal.Bundles - 	Entry: C:\Users\plmin\.p2\pool\plugins\org.eclipse.m2e.maven.runtime_3.9.900.20240824-1409\jars\plexus-classworlds-2.8.0.jar
2025-02-27 10:23:30,310 [Worker-52: Launching Executing install in E__PJ_Eclipse_SpringBoot_FullExample] INFO  o.eclipse.m2e.core.internal.Bundles - 	Entry: C:\Users\plmin\.p2\pool\plugins\org.eclipse.m2e.maven.runtime_3.9.900.20240824-1409\jars\plexus-component-annotations-2.1.0.jar
2025-02-27 10:23:30,310 [Worker-52: Launching Executing install in E__PJ_Eclipse_SpringBoot_FullExample] INFO  o.eclipse.m2e.core.internal.Bundles - 	Entry: C:\Users\plmin\.p2\pool\plugins\org.eclipse.m2e.maven.runtime_3.9.900.20240824-1409\jars\plexus-interpolation-1.27.jar
2025-02-27 10:23:30,310 [Worker-52: Launching Executing install in E__PJ_Eclipse_SpringBoot_FullExample] INFO  o.eclipse.m2e.core.internal.Bundles - 	Entry: C:\Users\plmin\.p2\pool\plugins\org.eclipse.m2e.maven.runtime_3.9.900.20240824-1409\jars\plexus-sec-dispatcher-2.0.jar
2025-02-27 10:23:30,310 [Worker-52: Launching Executing install in E__PJ_Eclipse_SpringBoot_FullExample] INFO  o.eclipse.m2e.core.internal.Bundles - 	Entry: C:\Users\plmin\.p2\pool\plugins\org.eclipse.m2e.maven.runtime_3.9.900.20240824-1409\jars\plexus-utils-3.5.1.jar
2025-02-27 10:23:30,310 [Worker-52: Launching Executing install in E__PJ_Eclipse_SpringBoot_FullExample] INFO  o.eclipse.m2e.core.internal.Bundles - 	Entry: C:\Users\plmin\.p2\pool\plugins\org.eclipse.m2e.maven.runtime_3.9.900.20240824-1409\jars\plexus-xml-3.0.1.jar
2025-02-27 10:23:30,310 [Worker-52: Launching Executing install in E__PJ_Eclipse_SpringBoot_FullExample] INFO  o.eclipse.m2e.core.internal.Bundles - 	Entry: C:\Users\plmin\.p2\pool\plugins\org.eclipse.m2e.maven.runtime_3.9.900.20240824-1409\jars\wagon-file-3.5.3.jar
2025-02-27 10:23:30,310 [Worker-52: Launching Executing install in E__PJ_Eclipse_SpringBoot_FullExample] INFO  o.eclipse.m2e.core.internal.Bundles - 	Entry: C:\Users\plmin\.p2\pool\plugins\org.eclipse.m2e.maven.runtime_3.9.900.20240824-1409\jars\wagon-http-3.5.3.jar
2025-02-27 10:23:30,310 [Worker-52: Launching Executing install in E__PJ_Eclipse_SpringBoot_FullExample] INFO  o.eclipse.m2e.core.internal.Bundles - 	Entry: C:\Users\plmin\.p2\pool\plugins\org.eclipse.m2e.maven.runtime_3.9.900.20240824-1409\jars\wagon-http-shared-3.5.3.jar
2025-02-27 10:23:30,310 [Worker-52: Launching Executing install in E__PJ_Eclipse_SpringBoot_FullExample] INFO  o.eclipse.m2e.core.internal.Bundles - 	Entry: C:\Users\plmin\.p2\pool\plugins\org.eclipse.m2e.maven.runtime_3.9.900.20240824-1409\jars\wagon-provider-api-3.5.3.jar
2025-02-27 10:23:30,311 [Worker-52: Launching Executing install in E__PJ_Eclipse_SpringBoot_FullExample] INFO  o.eclipse.m2e.core.internal.Bundles - getClasspathEntries(Bundle=com.google.guava_33.3.1.jre [10])
2025-02-27 10:23:30,311 [Worker-52: Launching Executing install in E__PJ_Eclipse_SpringBoot_FullExample] INFO  o.eclipse.m2e.core.internal.Bundles - 	Entry: C:\Users\plmin\.p2\pool\plugins\com.google.guava_33.3.1.jre.jar
2025-02-27 10:23:30,311 [Worker-52: Launching Executing install in E__PJ_Eclipse_SpringBoot_FullExample] INFO  o.eclipse.m2e.core.internal.Bundles - getClasspathEntries(Bundle=slf4j.api_2.0.16 [522])
2025-02-27 10:23:30,311 [Worker-52: Launching Executing install in E__PJ_Eclipse_SpringBoot_FullExample] INFO  o.eclipse.m2e.core.internal.Bundles - 	Entry: C:\Users\plmin\.p2\pool\plugins\slf4j.api_2.0.16.jar
2025-02-27 10:23:30,311 [Worker-52: Launching Executing install in E__PJ_Eclipse_SpringBoot_FullExample] INFO  o.eclipse.m2e.core.internal.Bundles - getClasspathEntries(Bundle=jakarta.inject.jakarta.inject-api_1.0.5 [22])
2025-02-27 10:23:30,311 [Worker-52: Launching Executing install in E__PJ_Eclipse_SpringBoot_FullExample] INFO  o.eclipse.m2e.core.internal.Bundles - 	Entry: C:\Users\plmin\.p2\pool\plugins\jakarta.inject.jakarta.inject-api_1.0.5.jar
2025-02-27 10:23:30,311 [Worker-52: Launching Executing install in E__PJ_Eclipse_SpringBoot_FullExample] INFO  o.eclipse.m2e.core.internal.Bundles - getClasspathEntries(Bundle=jakarta.annotation-api_1.3.5 [20])
2025-02-27 10:23:30,311 [Worker-52: Launching Executing install in E__PJ_Eclipse_SpringBoot_FullExample] INFO  o.eclipse.m2e.core.internal.Bundles - 	Entry: C:\Users\plmin\.p2\pool\plugins\jakarta.annotation-api_1.3.5.jar
2025-02-27 10:23:30,311 [Worker-52: Launching Executing install in E__PJ_Eclipse_SpringBoot_FullExample] INFO  o.eclipse.m2e.core.internal.Bundles - getClasspathEntries(Bundle=org.apache.commons.cli_1.9.0 [47])
2025-02-27 10:23:30,311 [Worker-52: Launching Executing install in E__PJ_Eclipse_SpringBoot_FullExample] INFO  o.eclipse.m2e.core.internal.Bundles - 	Entry: C:\Users\plmin\.p2\pool\plugins\org.apache.commons.cli_1.9.0.jar
2025-02-27 10:23:30,312 [Worker-52: Launching Executing install in E__PJ_Eclipse_SpringBoot_FullExample] INFO  o.eclipse.m2e.core.internal.Bundles - getClasspathEntries(Bundle=org.apache.commons.commons-codec_1.16.0 [50])
2025-02-27 10:23:30,312 [Worker-52: Launching Executing install in E__PJ_Eclipse_SpringBoot_FullExample] INFO  o.eclipse.m2e.core.internal.Bundles - 	Entry: C:\Users\plmin\.p2\pool\plugins\org.apache.commons.commons-codec_1.16.0.jar
2025-02-27 10:23:30,312 [Worker-52: Launching Executing install in E__PJ_Eclipse_SpringBoot_FullExample] INFO  o.eclipse.m2e.core.internal.Bundles - getClasspathEntries(Bundle=com.google.guava.failureaccess_1.0.2 [11])
2025-02-27 10:23:30,312 [Worker-52: Launching Executing install in E__PJ_Eclipse_SpringBoot_FullExample] INFO  o.eclipse.m2e.core.internal.Bundles - 	Entry: C:\Users\plmin\.p2\pool\plugins\com.google.guava.failureaccess_1.0.2.jar
2025-02-27 10:23:30,312 [Worker-52: Launching Executing install in E__PJ_Eclipse_SpringBoot_FullExample] INFO  o.e.m.i.launch.MavenLaunchDelegate - Run build in "E:\PJ\Eclipse\SpringBoot_FullExample":
2025-02-27 10:23:30,312 [Worker-52: Launching Executing install in E__PJ_Eclipse_SpringBoot_FullExample] INFO  o.e.m.i.launch.MavenLaunchDelegate -  mvn  -B -Dstyle.color=always install
2025-02-27 11:11:25,217 [Worker-6: Loading available Gradle versions] INFO  o.e.b.c.i.u.g.PublishedGradleVersions - Gradle version information cache is out-of-date. Trying to update.
2025-02-28 08:28:21,540 [Worker-5: Loading available Gradle versions] INFO  o.e.b.c.i.u.g.PublishedGradleVersions - Gradle version information cache is up-to-date. Trying to read.
2025-02-28 08:45:01,481 [Worker-5: Loading available Gradle versions] INFO  o.e.b.c.i.u.g.PublishedGradleVersions - Gradle version information cache is up-to-date. Trying to read.
2025-02-28 09:09:18,690 [Worker-35: Building] WARN  o.a.m.s.f.DefaultMavenResourcesFiltering - Using platform encoding (UTF-8 actually) to copy filtered resources, i.e. build is platform dependent!
2025-02-28 09:09:18,695 [Worker-35: Building] INFO  o.a.m.s.f.DefaultMavenResourcesFiltering - Copying 0 resource from src\main\resources to target\classes
2025-02-28 09:09:18,698 [Worker-35: Building] WARN  o.a.m.s.f.DefaultMavenResourcesFiltering - Using platform encoding (UTF-8 actually) to copy filtered resources, i.e. build is platform dependent!
2025-02-28 09:09:18,699 [Worker-35: Building] INFO  o.a.m.s.f.DefaultMavenResourcesFiltering - Copying 0 resource from src\test\resources to target\test-classes
2025-02-28 09:09:23,305 [Worker-35: Building] INFO  o.a.m.s.f.DefaultMavenResourcesFiltering - Copying 1 resource from src\main\resources to target\classes
2025-02-28 09:09:23,322 [Worker-35: Building] INFO  o.a.m.s.f.DefaultMavenResourcesFiltering - Copying 0 resource from src\main\resources to target\classes
2025-02-28 09:09:23,325 [Worker-35: Building] INFO  o.a.m.s.f.DefaultMavenResourcesFiltering - skip non existing resourceDirectory E:\PJ\Eclipse\SpringBoot_FullExample\src\test\resources
2025-02-28 09:09:25,467 [Worker-35: Building] INFO  o.a.m.s.f.DefaultMavenResourcesFiltering - Copying 1 resource from src\main\resources to target\classes
2025-02-28 09:09:25,481 [Worker-35: Building] INFO  o.a.m.s.f.DefaultMavenResourcesFiltering - Copying 0 resource from src\main\resources to target\classes
2025-02-28 09:09:25,484 [Worker-35: Building] INFO  o.a.m.s.f.DefaultMavenResourcesFiltering - skip non existing resourceDirectory E:\PJ\Eclipse\demo\src\test\resources
2025-02-28 09:09:25,950 [Worker-35: Building] INFO  o.a.m.s.f.DefaultMavenResourcesFiltering - Copying 1 resource from src\main\resources to target\classes
2025-02-28 09:09:25,970 [Worker-35: Building] INFO  o.a.m.s.f.DefaultMavenResourcesFiltering - Copying 0 resource from src\main\resources to target\classes
2025-02-28 09:09:25,975 [Worker-35: Building] INFO  o.a.m.s.f.DefaultMavenResourcesFiltering - skip non existing resourceDirectory E:\PJ\Eclipse\demo-BuildingARESTfulWebService\demo-BuildingARESTfulWebService\src\test\resources
2025-02-28 09:09:26,916 [Worker-35: Building] INFO  o.a.m.s.f.DefaultMavenResourcesFiltering - Copying 1 resource from src\main\resources to target\classes
2025-02-28 09:09:26,925 [Worker-35: Building] INFO  o.a.m.s.f.DefaultMavenResourcesFiltering - Copying 0 resource from src\main\resources to target\classes
2025-02-28 09:09:26,928 [Worker-35: Building] INFO  o.a.m.s.f.DefaultMavenResourcesFiltering - skip non existing resourceDirectory E:\PJ\Eclipse\demo-BuildingAnApplication\demo-BuildingAnApplication\src\test\resources
2025-02-28 09:15:39,575 [Worker-37: Building] INFO  o.a.m.s.f.DefaultMavenResourcesFiltering - Copying 1 resource from src\main\resources to target\classes
2025-02-28 09:15:39,601 [Worker-37: Building] INFO  o.a.m.s.f.DefaultMavenResourcesFiltering - Copying 0 resource from src\main\resources to target\classes
2025-02-28 09:15:39,606 [Worker-37: Building] INFO  o.a.m.s.f.DefaultMavenResourcesFiltering - skip non existing resourceDirectory E:\PJ\Eclipse\SpringBoot_FullExample\src\test\resources
2025-02-28 09:17:13,787 [Worker-38: Building] INFO  o.a.m.s.f.DefaultMavenResourcesFiltering - Copying 1 resource from src\main\resources to target\classes
2025-02-28 09:17:13,793 [Worker-38: Building] INFO  o.a.m.s.f.DefaultMavenResourcesFiltering - Copying 0 resource from src\main\resources to target\classes
2025-02-28 09:17:13,795 [Worker-38: Building] INFO  o.a.m.s.f.DefaultMavenResourcesFiltering - skip non existing resourceDirectory E:\PJ\Eclipse\SpringBoot_FullExample\src\test\resources
2025-02-28 10:48:51,753 [Worker-5: Loading available Gradle versions] INFO  o.e.b.c.i.u.g.PublishedGradleVersions - Gradle version information cache is up-to-date. Trying to read.
2025-03-10 10:28:17,315 [Worker-3: Loading available Gradle versions] INFO  o.e.b.c.i.u.g.PublishedGradleVersions - Gradle version information cache is out-of-date. Trying to update.
2025-03-18 09:38:12,431 [Worker-7: Loading available Gradle versions] INFO  o.e.b.c.i.u.g.PublishedGradleVersions - Gradle version information cache is out-of-date. Trying to update.
2025-03-18 09:38:15,089 [Worker-9: Building] WARN  o.a.m.s.f.DefaultMavenResourcesFiltering - Using platform encoding (UTF-8 actually) to copy filtered resources, i.e. build is platform dependent!
2025-03-18 09:38:15,097 [Worker-9: Building] INFO  o.a.m.s.f.DefaultMavenResourcesFiltering - Copying 0 resource from src\main\resources to target\classes
2025-03-18 09:38:15,105 [Worker-9: Building] WARN  o.a.m.s.f.DefaultMavenResourcesFiltering - Using platform encoding (UTF-8 actually) to copy filtered resources, i.e. build is platform dependent!
2025-03-18 09:38:15,106 [Worker-9: Building] INFO  o.a.m.s.f.DefaultMavenResourcesFiltering - Copying 0 resource from src\test\resources to target\test-classes
2025-03-18 09:38:18,638 [Worker-9: Building] INFO  o.a.m.s.f.DefaultMavenResourcesFiltering - Copying 1 resource from src\main\resources to target\classes
2025-03-18 09:38:18,667 [Worker-9: Building] INFO  o.a.m.s.f.DefaultMavenResourcesFiltering - Copying 0 resource from src\main\resources to target\classes
2025-03-18 09:38:18,671 [Worker-9: Building] INFO  o.a.m.s.f.DefaultMavenResourcesFiltering - skip non existing resourceDirectory E:\PJ\Eclipse\SpringBoot_FullExample\src\test\resources
2025-03-18 09:38:20,744 [Worker-9: Building] INFO  o.a.m.s.f.DefaultMavenResourcesFiltering - Copying 1 resource from src\main\resources to target\classes
2025-03-18 09:38:20,766 [Worker-9: Building] INFO  o.a.m.s.f.DefaultMavenResourcesFiltering - Copying 0 resource from src\main\resources to target\classes
2025-03-18 09:38:20,771 [Worker-9: Building] INFO  o.a.m.s.f.DefaultMavenResourcesFiltering - skip non existing resourceDirectory E:\PJ\Eclipse\demo\src\test\resources
2025-03-18 09:38:22,038 [Worker-9: Building] INFO  o.a.m.s.f.DefaultMavenResourcesFiltering - Copying 1 resource from src\main\resources to target\classes
2025-03-18 09:38:22,072 [Worker-9: Building] INFO  o.a.m.s.f.DefaultMavenResourcesFiltering - Copying 0 resource from src\main\resources to target\classes
2025-03-18 09:38:22,077 [Worker-9: Building] INFO  o.a.m.s.f.DefaultMavenResourcesFiltering - skip non existing resourceDirectory E:\PJ\Eclipse\demo-BuildingARESTfulWebService\demo-BuildingARESTfulWebService\src\test\resources
2025-03-18 09:38:23,869 [Worker-9: Building] INFO  o.a.m.s.f.DefaultMavenResourcesFiltering - Copying 1 resource from src\main\resources to target\classes
2025-03-18 09:38:23,892 [Worker-9: Building] INFO  o.a.m.s.f.DefaultMavenResourcesFiltering - Copying 0 resource from src\main\resources to target\classes
2025-03-18 09:38:23,900 [Worker-9: Building] INFO  o.a.m.s.f.DefaultMavenResourcesFiltering - skip non existing resourceDirectory E:\PJ\Eclipse\demo-BuildingAnApplication\demo-BuildingAnApplication\src\test\resources
2025-03-18 09:43:34,776 [ModalContext] INFO  o.e.m.c.i.e.AbstractTransferListenerAdapter - Downloading https://repo.maven.apache.org/maven2/org/apache/maven/archetypes/maven-archetype-archetype/1.5/maven-archetype-archetype-1.5.pom
2025-03-18 09:43:34,801 [ModalContext] INFO  o.e.m.c.i.e.AbstractTransferListenerAdapter - Downloaded https://repo.maven.apache.org/maven2/org/apache/maven/archetypes/maven-archetype-archetype/1.5/maven-archetype-archetype-1.5.pom
2025-03-18 09:43:34,869 [ModalContext] INFO  o.e.m.c.i.e.AbstractTransferListenerAdapter - Downloading https://repo.maven.apache.org/maven2/org/apache/maven/archetypes/maven-archetype-bundles/1.5/maven-archetype-bundles-1.5.pom
2025-03-18 09:43:34,901 [ModalContext] INFO  o.e.m.c.i.e.AbstractTransferListenerAdapter - Downloaded https://repo.maven.apache.org/maven2/org/apache/maven/archetypes/maven-archetype-bundles/1.5/maven-archetype-bundles-1.5.pom
2025-03-18 09:43:34,982 [ModalContext] INFO  o.e.m.c.i.e.AbstractTransferListenerAdapter - Downloading https://repo.maven.apache.org/maven2/org/apache/maven/archetypes/maven-archetype-archetype/1.5/maven-archetype-archetype-1.5.jar
2025-03-18 09:43:34,998 [ModalContext] INFO  o.e.m.c.i.e.AbstractTransferListenerAdapter - Downloaded https://repo.maven.apache.org/maven2/org/apache/maven/archetypes/maven-archetype-archetype/1.5/maven-archetype-archetype-1.5.jar
2025-03-18 09:44:19,179 [Worker-36: Launching mavenrun-0cbe601d-5ae5-4e29-a22a-d1b346c2365b] INFO  o.eclipse.m2e.core.internal.Bundles - getClasspathEntries(Bundle=org.eclipse.m2e.maven.runtime_3.9.900.20240824-1409 [298])
2025-03-18 09:44:19,181 [Worker-36: Launching mavenrun-0cbe601d-5ae5-4e29-a22a-d1b346c2365b] INFO  o.eclipse.m2e.core.internal.Bundles - 	Entry: C:\Users\plmin\.p2\pool\plugins\org.eclipse.m2e.maven.runtime_3.9.900.20240824-1409
2025-03-18 09:44:19,182 [Worker-36: Launching mavenrun-0cbe601d-5ae5-4e29-a22a-d1b346c2365b] INFO  o.eclipse.m2e.core.internal.Bundles - 	Entry: C:\Users\plmin\.p2\pool\plugins\org.eclipse.m2e.maven.runtime_3.9.900.20240824-1409\jars\aopalliance-1.0.jar
2025-03-18 09:44:19,182 [Worker-36: Launching mavenrun-0cbe601d-5ae5-4e29-a22a-d1b346c2365b] INFO  o.eclipse.m2e.core.internal.Bundles - 	Entry: C:\Users\plmin\.p2\pool\plugins\org.eclipse.m2e.maven.runtime_3.9.900.20240824-1409\jars\guice-5.1.0.jar
2025-03-18 09:44:19,183 [Worker-36: Launching mavenrun-0cbe601d-5ae5-4e29-a22a-d1b346c2365b] INFO  o.eclipse.m2e.core.internal.Bundles - 	Entry: C:\Users\plmin\.p2\pool\plugins\org.eclipse.m2e.maven.runtime_3.9.900.20240824-1409\jars\httpclient-4.5.14.jar
2025-03-18 09:44:19,183 [Worker-36: Launching mavenrun-0cbe601d-5ae5-4e29-a22a-d1b346c2365b] INFO  o.eclipse.m2e.core.internal.Bundles - 	Entry: C:\Users\plmin\.p2\pool\plugins\org.eclipse.m2e.maven.runtime_3.9.900.20240824-1409\jars\httpcore-4.4.16.jar
2025-03-18 09:44:19,183 [Worker-36: Launching mavenrun-0cbe601d-5ae5-4e29-a22a-d1b346c2365b] INFO  o.eclipse.m2e.core.internal.Bundles - 	Entry: C:\Users\plmin\.p2\pool\plugins\org.eclipse.m2e.maven.runtime_3.9.900.20240824-1409\jars\jansi-2.4.1.jar
2025-03-18 09:44:19,183 [Worker-36: Launching mavenrun-0cbe601d-5ae5-4e29-a22a-d1b346c2365b] INFO  o.eclipse.m2e.core.internal.Bundles - 	Entry: C:\Users\plmin\.p2\pool\plugins\org.eclipse.m2e.maven.runtime_3.9.900.20240824-1409\jars\jcl-over-slf4j-1.7.36.jar
2025-03-18 09:44:19,183 [Worker-36: Launching mavenrun-0cbe601d-5ae5-4e29-a22a-d1b346c2365b] INFO  o.eclipse.m2e.core.internal.Bundles - 	Entry: C:\Users\plmin\.p2\pool\plugins\org.eclipse.m2e.maven.runtime_3.9.900.20240824-1409\jars\maven-artifact-3.9.9.jar
2025-03-18 09:44:19,183 [Worker-36: Launching mavenrun-0cbe601d-5ae5-4e29-a22a-d1b346c2365b] INFO  o.eclipse.m2e.core.internal.Bundles - 	Entry: C:\Users\plmin\.p2\pool\plugins\org.eclipse.m2e.maven.runtime_3.9.900.20240824-1409\jars\maven-builder-support-3.9.9.jar
2025-03-18 09:44:19,183 [Worker-36: Launching mavenrun-0cbe601d-5ae5-4e29-a22a-d1b346c2365b] INFO  o.eclipse.m2e.core.internal.Bundles - 	Entry: C:\Users\plmin\.p2\pool\plugins\org.eclipse.m2e.maven.runtime_3.9.900.20240824-1409\jars\maven-compat-3.9.9.jar
2025-03-18 09:44:19,183 [Worker-36: Launching mavenrun-0cbe601d-5ae5-4e29-a22a-d1b346c2365b] INFO  o.eclipse.m2e.core.internal.Bundles - 	Entry: C:\Users\plmin\.p2\pool\plugins\org.eclipse.m2e.maven.runtime_3.9.900.20240824-1409\jars\maven-core-3.9.9.jar
2025-03-18 09:44:19,183 [Worker-36: Launching mavenrun-0cbe601d-5ae5-4e29-a22a-d1b346c2365b] INFO  o.eclipse.m2e.core.internal.Bundles - 	Entry: C:\Users\plmin\.p2\pool\plugins\org.eclipse.m2e.maven.runtime_3.9.900.20240824-1409\jars\maven-embedder-3.9.9.jar
2025-03-18 09:44:19,183 [Worker-36: Launching mavenrun-0cbe601d-5ae5-4e29-a22a-d1b346c2365b] INFO  o.eclipse.m2e.core.internal.Bundles - 	Entry: C:\Users\plmin\.p2\pool\plugins\org.eclipse.m2e.maven.runtime_3.9.900.20240824-1409\jars\maven-model-3.9.9.jar
2025-03-18 09:44:19,183 [Worker-36: Launching mavenrun-0cbe601d-5ae5-4e29-a22a-d1b346c2365b] INFO  o.eclipse.m2e.core.internal.Bundles - 	Entry: C:\Users\plmin\.p2\pool\plugins\org.eclipse.m2e.maven.runtime_3.9.900.20240824-1409\jars\maven-model-builder-3.9.9.jar
2025-03-18 09:44:19,183 [Worker-36: Launching mavenrun-0cbe601d-5ae5-4e29-a22a-d1b346c2365b] INFO  o.eclipse.m2e.core.internal.Bundles - 	Entry: C:\Users\plmin\.p2\pool\plugins\org.eclipse.m2e.maven.runtime_3.9.900.20240824-1409\jars\maven-plugin-api-3.9.9.jar
2025-03-18 09:44:19,183 [Worker-36: Launching mavenrun-0cbe601d-5ae5-4e29-a22a-d1b346c2365b] INFO  o.eclipse.m2e.core.internal.Bundles - 	Entry: C:\Users\plmin\.p2\pool\plugins\org.eclipse.m2e.maven.runtime_3.9.900.20240824-1409\jars\maven-repository-metadata-3.9.9.jar
2025-03-18 09:44:19,183 [Worker-36: Launching mavenrun-0cbe601d-5ae5-4e29-a22a-d1b346c2365b] INFO  o.eclipse.m2e.core.internal.Bundles - 	Entry: C:\Users\plmin\.p2\pool\plugins\org.eclipse.m2e.maven.runtime_3.9.900.20240824-1409\jars\maven-resolver-api-1.9.22.jar
2025-03-18 09:44:19,183 [Worker-36: Launching mavenrun-0cbe601d-5ae5-4e29-a22a-d1b346c2365b] INFO  o.eclipse.m2e.core.internal.Bundles - 	Entry: C:\Users\plmin\.p2\pool\plugins\org.eclipse.m2e.maven.runtime_3.9.900.20240824-1409\jars\maven-resolver-connector-basic-1.9.22.jar
2025-03-18 09:44:19,183 [Worker-36: Launching mavenrun-0cbe601d-5ae5-4e29-a22a-d1b346c2365b] INFO  o.eclipse.m2e.core.internal.Bundles - 	Entry: C:\Users\plmin\.p2\pool\plugins\org.eclipse.m2e.maven.runtime_3.9.900.20240824-1409\jars\maven-resolver-impl-1.9.22.jar
2025-03-18 09:44:19,184 [Worker-36: Launching mavenrun-0cbe601d-5ae5-4e29-a22a-d1b346c2365b] INFO  o.eclipse.m2e.core.internal.Bundles - 	Entry: C:\Users\plmin\.p2\pool\plugins\org.eclipse.m2e.maven.runtime_3.9.900.20240824-1409\jars\maven-resolver-named-locks-1.9.22.jar
2025-03-18 09:44:19,184 [Worker-36: Launching mavenrun-0cbe601d-5ae5-4e29-a22a-d1b346c2365b] INFO  o.eclipse.m2e.core.internal.Bundles - 	Entry: C:\Users\plmin\.p2\pool\plugins\org.eclipse.m2e.maven.runtime_3.9.900.20240824-1409\jars\maven-resolver-provider-3.9.9.jar
2025-03-18 09:44:19,184 [Worker-36: Launching mavenrun-0cbe601d-5ae5-4e29-a22a-d1b346c2365b] INFO  o.eclipse.m2e.core.internal.Bundles - 	Entry: C:\Users\plmin\.p2\pool\plugins\org.eclipse.m2e.maven.runtime_3.9.900.20240824-1409\jars\maven-resolver-spi-1.9.22.jar
2025-03-18 09:44:19,184 [Worker-36: Launching mavenrun-0cbe601d-5ae5-4e29-a22a-d1b346c2365b] INFO  o.eclipse.m2e.core.internal.Bundles - 	Entry: C:\Users\plmin\.p2\pool\plugins\org.eclipse.m2e.maven.runtime_3.9.900.20240824-1409\jars\maven-resolver-transport-file-1.9.22.jar
2025-03-18 09:44:19,184 [Worker-36: Launching mavenrun-0cbe601d-5ae5-4e29-a22a-d1b346c2365b] INFO  o.eclipse.m2e.core.internal.Bundles - 	Entry: C:\Users\plmin\.p2\pool\plugins\org.eclipse.m2e.maven.runtime_3.9.900.20240824-1409\jars\maven-resolver-transport-http-1.9.22.jar
2025-03-18 09:44:19,184 [Worker-36: Launching mavenrun-0cbe601d-5ae5-4e29-a22a-d1b346c2365b] INFO  o.eclipse.m2e.core.internal.Bundles - 	Entry: C:\Users\plmin\.p2\pool\plugins\org.eclipse.m2e.maven.runtime_3.9.900.20240824-1409\jars\maven-resolver-transport-wagon-1.9.22.jar
2025-03-18 09:44:19,184 [Worker-36: Launching mavenrun-0cbe601d-5ae5-4e29-a22a-d1b346c2365b] INFO  o.eclipse.m2e.core.internal.Bundles - 	Entry: C:\Users\plmin\.p2\pool\plugins\org.eclipse.m2e.maven.runtime_3.9.900.20240824-1409\jars\maven-resolver-util-1.9.22.jar
2025-03-18 09:44:19,184 [Worker-36: Launching mavenrun-0cbe601d-5ae5-4e29-a22a-d1b346c2365b] INFO  o.eclipse.m2e.core.internal.Bundles - 	Entry: C:\Users\plmin\.p2\pool\plugins\org.eclipse.m2e.maven.runtime_3.9.900.20240824-1409\jars\maven-settings-3.9.9.jar
2025-03-18 09:44:19,184 [Worker-36: Launching mavenrun-0cbe601d-5ae5-4e29-a22a-d1b346c2365b] INFO  o.eclipse.m2e.core.internal.Bundles - 	Entry: C:\Users\plmin\.p2\pool\plugins\org.eclipse.m2e.maven.runtime_3.9.900.20240824-1409\jars\maven-settings-builder-3.9.9.jar
2025-03-18 09:44:19,184 [Worker-36: Launching mavenrun-0cbe601d-5ae5-4e29-a22a-d1b346c2365b] INFO  o.eclipse.m2e.core.internal.Bundles - 	Entry: C:\Users\plmin\.p2\pool\plugins\org.eclipse.m2e.maven.runtime_3.9.900.20240824-1409\jars\maven-shared-utils-3.4.2.jar
2025-03-18 09:44:19,185 [Worker-36: Launching mavenrun-0cbe601d-5ae5-4e29-a22a-d1b346c2365b] INFO  o.eclipse.m2e.core.internal.Bundles - 	Entry: C:\Users\plmin\.p2\pool\plugins\org.eclipse.m2e.maven.runtime_3.9.900.20240824-1409\jars\org.eclipse.sisu.inject-0.9.0.M3.jar
2025-03-18 09:44:19,185 [Worker-36: Launching mavenrun-0cbe601d-5ae5-4e29-a22a-d1b346c2365b] INFO  o.eclipse.m2e.core.internal.Bundles - 	Entry: C:\Users\plmin\.p2\pool\plugins\org.eclipse.m2e.maven.runtime_3.9.900.20240824-1409\jars\org.eclipse.sisu.plexus-0.9.0.M3.jar
2025-03-18 09:44:19,185 [Worker-36: Launching mavenrun-0cbe601d-5ae5-4e29-a22a-d1b346c2365b] INFO  o.eclipse.m2e.core.internal.Bundles - 	Entry: C:\Users\plmin\.p2\pool\plugins\org.eclipse.m2e.maven.runtime_3.9.900.20240824-1409\jars\plexus-build-api-0.0.7.jar
2025-03-18 09:44:19,185 [Worker-36: Launching mavenrun-0cbe601d-5ae5-4e29-a22a-d1b346c2365b] INFO  o.eclipse.m2e.core.internal.Bundles - 	Entry: C:\Users\plmin\.p2\pool\plugins\org.eclipse.m2e.maven.runtime_3.9.900.20240824-1409\jars\plexus-build-api-1.2.0.jar
2025-03-18 09:44:19,185 [Worker-36: Launching mavenrun-0cbe601d-5ae5-4e29-a22a-d1b346c2365b] INFO  o.eclipse.m2e.core.internal.Bundles - 	Entry: C:\Users\plmin\.p2\pool\plugins\org.eclipse.m2e.maven.runtime_3.9.900.20240824-1409\jars\plexus-cipher-2.0.jar
2025-03-18 09:44:19,185 [Worker-36: Launching mavenrun-0cbe601d-5ae5-4e29-a22a-d1b346c2365b] INFO  o.eclipse.m2e.core.internal.Bundles - 	Entry: C:\Users\plmin\.p2\pool\plugins\org.eclipse.m2e.maven.runtime_3.9.900.20240824-1409\jars\plexus-classworlds-2.8.0.jar
2025-03-18 09:44:19,185 [Worker-36: Launching mavenrun-0cbe601d-5ae5-4e29-a22a-d1b346c2365b] INFO  o.eclipse.m2e.core.internal.Bundles - 	Entry: C:\Users\plmin\.p2\pool\plugins\org.eclipse.m2e.maven.runtime_3.9.900.20240824-1409\jars\plexus-component-annotations-2.1.0.jar
2025-03-18 09:44:19,185 [Worker-36: Launching mavenrun-0cbe601d-5ae5-4e29-a22a-d1b346c2365b] INFO  o.eclipse.m2e.core.internal.Bundles - 	Entry: C:\Users\plmin\.p2\pool\plugins\org.eclipse.m2e.maven.runtime_3.9.900.20240824-1409\jars\plexus-interpolation-1.27.jar
2025-03-18 09:44:19,185 [Worker-36: Launching mavenrun-0cbe601d-5ae5-4e29-a22a-d1b346c2365b] INFO  o.eclipse.m2e.core.internal.Bundles - 	Entry: C:\Users\plmin\.p2\pool\plugins\org.eclipse.m2e.maven.runtime_3.9.900.20240824-1409\jars\plexus-sec-dispatcher-2.0.jar
2025-03-18 09:44:19,186 [Worker-36: Launching mavenrun-0cbe601d-5ae5-4e29-a22a-d1b346c2365b] INFO  o.eclipse.m2e.core.internal.Bundles - 	Entry: C:\Users\plmin\.p2\pool\plugins\org.eclipse.m2e.maven.runtime_3.9.900.20240824-1409\jars\plexus-utils-3.5.1.jar
2025-03-18 09:44:19,186 [Worker-36: Launching mavenrun-0cbe601d-5ae5-4e29-a22a-d1b346c2365b] INFO  o.eclipse.m2e.core.internal.Bundles - 	Entry: C:\Users\plmin\.p2\pool\plugins\org.eclipse.m2e.maven.runtime_3.9.900.20240824-1409\jars\plexus-xml-3.0.1.jar
2025-03-18 09:44:19,186 [Worker-36: Launching mavenrun-0cbe601d-5ae5-4e29-a22a-d1b346c2365b] INFO  o.eclipse.m2e.core.internal.Bundles - 	Entry: C:\Users\plmin\.p2\pool\plugins\org.eclipse.m2e.maven.runtime_3.9.900.20240824-1409\jars\wagon-file-3.5.3.jar
2025-03-18 09:44:19,186 [Worker-36: Launching mavenrun-0cbe601d-5ae5-4e29-a22a-d1b346c2365b] INFO  o.eclipse.m2e.core.internal.Bundles - 	Entry: C:\Users\plmin\.p2\pool\plugins\org.eclipse.m2e.maven.runtime_3.9.900.20240824-1409\jars\wagon-http-3.5.3.jar
2025-03-18 09:44:19,186 [Worker-36: Launching mavenrun-0cbe601d-5ae5-4e29-a22a-d1b346c2365b] INFO  o.eclipse.m2e.core.internal.Bundles - 	Entry: C:\Users\plmin\.p2\pool\plugins\org.eclipse.m2e.maven.runtime_3.9.900.20240824-1409\jars\wagon-http-shared-3.5.3.jar
2025-03-18 09:44:19,187 [Worker-36: Launching mavenrun-0cbe601d-5ae5-4e29-a22a-d1b346c2365b] INFO  o.eclipse.m2e.core.internal.Bundles - 	Entry: C:\Users\plmin\.p2\pool\plugins\org.eclipse.m2e.maven.runtime_3.9.900.20240824-1409\jars\wagon-provider-api-3.5.3.jar
2025-03-18 09:44:19,189 [Worker-36: Launching mavenrun-0cbe601d-5ae5-4e29-a22a-d1b346c2365b] INFO  o.eclipse.m2e.core.internal.Bundles - getClasspathEntries(Bundle=com.google.guava_33.3.1.jre [10])
2025-03-18 09:44:19,190 [Worker-36: Launching mavenrun-0cbe601d-5ae5-4e29-a22a-d1b346c2365b] INFO  o.eclipse.m2e.core.internal.Bundles - 	Entry: C:\Users\plmin\.p2\pool\plugins\com.google.guava_33.3.1.jre.jar
2025-03-18 09:44:19,190 [Worker-36: Launching mavenrun-0cbe601d-5ae5-4e29-a22a-d1b346c2365b] INFO  o.eclipse.m2e.core.internal.Bundles - getClasspathEntries(Bundle=slf4j.api_2.0.16 [522])
2025-03-18 09:44:19,190 [Worker-36: Launching mavenrun-0cbe601d-5ae5-4e29-a22a-d1b346c2365b] INFO  o.eclipse.m2e.core.internal.Bundles - 	Entry: C:\Users\plmin\.p2\pool\plugins\slf4j.api_2.0.16.jar
2025-03-18 09:44:19,191 [Worker-36: Launching mavenrun-0cbe601d-5ae5-4e29-a22a-d1b346c2365b] INFO  o.eclipse.m2e.core.internal.Bundles - getClasspathEntries(Bundle=jakarta.inject.jakarta.inject-api_1.0.5 [22])
2025-03-18 09:44:19,191 [Worker-36: Launching mavenrun-0cbe601d-5ae5-4e29-a22a-d1b346c2365b] INFO  o.eclipse.m2e.core.internal.Bundles - 	Entry: C:\Users\plmin\.p2\pool\plugins\jakarta.inject.jakarta.inject-api_1.0.5.jar
2025-03-18 09:44:19,191 [Worker-36: Launching mavenrun-0cbe601d-5ae5-4e29-a22a-d1b346c2365b] INFO  o.eclipse.m2e.core.internal.Bundles - getClasspathEntries(Bundle=jakarta.annotation-api_1.3.5 [20])
2025-03-18 09:44:19,191 [Worker-36: Launching mavenrun-0cbe601d-5ae5-4e29-a22a-d1b346c2365b] INFO  o.eclipse.m2e.core.internal.Bundles - 	Entry: C:\Users\plmin\.p2\pool\plugins\jakarta.annotation-api_1.3.5.jar
2025-03-18 09:44:19,191 [Worker-36: Launching mavenrun-0cbe601d-5ae5-4e29-a22a-d1b346c2365b] INFO  o.eclipse.m2e.core.internal.Bundles - getClasspathEntries(Bundle=org.apache.commons.cli_1.9.0 [47])
2025-03-18 09:44:19,192 [Worker-36: Launching mavenrun-0cbe601d-5ae5-4e29-a22a-d1b346c2365b] INFO  o.eclipse.m2e.core.internal.Bundles - 	Entry: C:\Users\plmin\.p2\pool\plugins\org.apache.commons.cli_1.9.0.jar
2025-03-18 09:44:19,192 [Worker-36: Launching mavenrun-0cbe601d-5ae5-4e29-a22a-d1b346c2365b] INFO  o.eclipse.m2e.core.internal.Bundles - getClasspathEntries(Bundle=org.apache.commons.commons-codec_1.16.0 [50])
2025-03-18 09:44:19,192 [Worker-36: Launching mavenrun-0cbe601d-5ae5-4e29-a22a-d1b346c2365b] INFO  o.eclipse.m2e.core.internal.Bundles - 	Entry: C:\Users\plmin\.p2\pool\plugins\org.apache.commons.commons-codec_1.16.0.jar
2025-03-18 09:44:19,192 [Worker-36: Launching mavenrun-0cbe601d-5ae5-4e29-a22a-d1b346c2365b] INFO  o.eclipse.m2e.core.internal.Bundles - getClasspathEntries(Bundle=com.google.guava.failureaccess_1.0.2 [11])
2025-03-18 09:44:19,193 [Worker-36: Launching mavenrun-0cbe601d-5ae5-4e29-a22a-d1b346c2365b] INFO  o.eclipse.m2e.core.internal.Bundles - 	Entry: C:\Users\plmin\.p2\pool\plugins\com.google.guava.failureaccess_1.0.2.jar
2025-03-18 09:44:19,198 [Worker-36: Launching mavenrun-0cbe601d-5ae5-4e29-a22a-d1b346c2365b] INFO  o.e.m.i.launch.MavenLaunchDelegate - Run build in "C:\Users\plmin\AppData\Local\Temp\m2e-archetypeGenerator5789248976913997037":
2025-03-18 09:44:19,205 [Worker-36: Launching mavenrun-0cbe601d-5ae5-4e29-a22a-d1b346c2365b] INFO  o.e.m.i.launch.MavenLaunchDelegate -  mvn  -DarchetypeGroupId=org.apache.maven.archetypes -DarchetypeArtifactId=maven-archetype-archetype -DarchetypeVersion=1.5 -DgroupId=training.fsoft.fsa -DartifactId=training.fsoft -Dversion=0.0.1-SNAPSHOT -Dpackage=training.fsoft.fsa.training.fsoft -DoutputDirectory=E:\PJ\Eclipse -Dstyle.color=always -U archetype:generate
2025-03-18 09:45:10,541 [Worker-0: Creating maven-archetype-archetype] INFO  o.e.m.c.i.p.ProjectConfigurationManager - Collecting project info '/pom.xml' E:\PJ\Eclipse\training.fsoft\pom.xml
2025-03-18 09:45:10,816 [Worker-0: Creating maven-archetype-archetype] INFO  o.e.m.c.i.e.AbstractTransferListenerAdapter - Downloading https://repo.maven.apache.org/maven2/org/apache/maven/archetype/archetype-packaging/3.2.0/archetype-packaging-3.2.0.pom
2025-03-18 09:45:10,824 [Worker-0: Creating maven-archetype-archetype] INFO  o.e.m.c.i.e.AbstractTransferListenerAdapter - Downloaded https://repo.maven.apache.org/maven2/org/apache/maven/archetype/archetype-packaging/3.2.0/archetype-packaging-3.2.0.pom
2025-03-18 09:45:10,890 [Worker-0: Creating maven-archetype-archetype] INFO  o.e.m.c.i.e.AbstractTransferListenerAdapter - Downloading https://repo.maven.apache.org/maven2/org/apache/maven/archetype/maven-archetype/3.2.0/maven-archetype-3.2.0.pom
2025-03-18 09:45:10,902 [Worker-0: Creating maven-archetype-archetype] INFO  o.e.m.c.i.e.AbstractTransferListenerAdapter - Downloaded https://repo.maven.apache.org/maven2/org/apache/maven/archetype/maven-archetype/3.2.0/maven-archetype-3.2.0.pom
2025-03-18 09:45:10,970 [Worker-0: Creating maven-archetype-archetype] INFO  o.e.m.c.i.e.AbstractTransferListenerAdapter - Downloading https://repo.maven.apache.org/maven2/org/apache/maven/archetype/archetype-packaging/3.2.0/archetype-packaging-3.2.0.jar
2025-03-18 09:45:10,977 [Worker-0: Creating maven-archetype-archetype] INFO  o.e.m.c.i.e.AbstractTransferListenerAdapter - Downloaded https://repo.maven.apache.org/maven2/org/apache/maven/archetype/archetype-packaging/3.2.0/archetype-packaging-3.2.0.jar
2025-03-18 09:45:11,231 [Worker-0: Creating maven-archetype-archetype] INFO  o.e.m.c.i.e.AbstractTransferListenerAdapter - Downloading https://repo.maven.apache.org/maven2/org/apache/maven/plugins/maven-archetype-plugin/3.2.0/maven-archetype-plugin-3.2.0.jar
2025-03-18 09:45:11,356 [Worker-0: Creating maven-archetype-archetype] INFO  o.e.m.c.i.e.AbstractTransferListenerAdapter - Downloaded https://repo.maven.apache.org/maven2/org/apache/maven/plugins/maven-archetype-plugin/3.2.0/maven-archetype-plugin-3.2.0.jar
2025-03-18 09:45:11,399 [Worker-0: Creating maven-archetype-archetype] INFO  o.e.m.c.i.l.LifecycleMappingFactory - Using DEFAULT lifecycle mapping for MavenProject: training.fsoft.fsa:training.fsoft:0.0.1-SNAPSHOT @ E:\PJ\Eclipse\training.fsoft\pom.xml.
2025-03-18 09:45:11,483 [Worker-0: Creating maven-archetype-archetype] INFO  o.e.m.c.i.p.ProjectConfigurationManager - Imported and configured 1 project(s) in 0 sec
2025-03-18 09:45:11,770 [Worker-40: Building] INFO  o.a.m.s.f.DefaultMavenResourcesFiltering - Copying 4 resources from src\main\resources to target\classes
2025-03-18 09:45:11,783 [Worker-40: Building] INFO  o.a.m.s.f.DefaultMavenResourcesFiltering - Copying 2 resources from src\test\resources to target\test-classes
2025-03-18 09:48:53,777 [ModalContext] INFO  o.e.m.c.i.e.AbstractTransferListenerAdapter - Downloading https://repo.maven.apache.org/maven2/org/apache/maven/archetypes/maven-archetype-j2ee-simple/1.5/maven-archetype-j2ee-simple-1.5.pom
2025-03-18 09:48:53,796 [ModalContext] INFO  o.e.m.c.i.e.AbstractTransferListenerAdapter - Downloaded https://repo.maven.apache.org/maven2/org/apache/maven/archetypes/maven-archetype-j2ee-simple/1.5/maven-archetype-j2ee-simple-1.5.pom
2025-03-18 09:48:54,136 [ModalContext] INFO  o.e.m.c.i.e.AbstractTransferListenerAdapter - Downloading https://repo.maven.apache.org/maven2/org/apache/maven/archetypes/maven-archetype-j2ee-simple/1.5/maven-archetype-j2ee-simple-1.5.jar
2025-03-18 09:48:54,159 [ModalContext] INFO  o.e.m.c.i.e.AbstractTransferListenerAdapter - Downloaded https://repo.maven.apache.org/maven2/org/apache/maven/archetypes/maven-archetype-j2ee-simple/1.5/maven-archetype-j2ee-simple-1.5.jar
2025-03-18 09:49:04,880 [Worker-40: Launching mavenrun-9c6f209b-923d-4894-9aaa-6925f9a3afde] INFO  o.eclipse.m2e.core.internal.Bundles - getClasspathEntries(Bundle=org.eclipse.m2e.maven.runtime_3.9.900.20240824-1409 [298])
2025-03-18 09:49:04,882 [Worker-40: Launching mavenrun-9c6f209b-923d-4894-9aaa-6925f9a3afde] INFO  o.eclipse.m2e.core.internal.Bundles - 	Entry: C:\Users\plmin\.p2\pool\plugins\org.eclipse.m2e.maven.runtime_3.9.900.20240824-1409
2025-03-18 09:49:04,882 [Worker-40: Launching mavenrun-9c6f209b-923d-4894-9aaa-6925f9a3afde] INFO  o.eclipse.m2e.core.internal.Bundles - 	Entry: C:\Users\plmin\.p2\pool\plugins\org.eclipse.m2e.maven.runtime_3.9.900.20240824-1409\jars\aopalliance-1.0.jar
2025-03-18 09:49:04,882 [Worker-40: Launching mavenrun-9c6f209b-923d-4894-9aaa-6925f9a3afde] INFO  o.eclipse.m2e.core.internal.Bundles - 	Entry: C:\Users\plmin\.p2\pool\plugins\org.eclipse.m2e.maven.runtime_3.9.900.20240824-1409\jars\guice-5.1.0.jar
2025-03-18 09:49:04,882 [Worker-40: Launching mavenrun-9c6f209b-923d-4894-9aaa-6925f9a3afde] INFO  o.eclipse.m2e.core.internal.Bundles - 	Entry: C:\Users\plmin\.p2\pool\plugins\org.eclipse.m2e.maven.runtime_3.9.900.20240824-1409\jars\httpclient-4.5.14.jar
2025-03-18 09:49:04,882 [Worker-40: Launching mavenrun-9c6f209b-923d-4894-9aaa-6925f9a3afde] INFO  o.eclipse.m2e.core.internal.Bundles - 	Entry: C:\Users\plmin\.p2\pool\plugins\org.eclipse.m2e.maven.runtime_3.9.900.20240824-1409\jars\httpcore-4.4.16.jar
2025-03-18 09:49:04,882 [Worker-40: Launching mavenrun-9c6f209b-923d-4894-9aaa-6925f9a3afde] INFO  o.eclipse.m2e.core.internal.Bundles - 	Entry: C:\Users\plmin\.p2\pool\plugins\org.eclipse.m2e.maven.runtime_3.9.900.20240824-1409\jars\jansi-2.4.1.jar
2025-03-18 09:49:04,882 [Worker-40: Launching mavenrun-9c6f209b-923d-4894-9aaa-6925f9a3afde] INFO  o.eclipse.m2e.core.internal.Bundles - 	Entry: C:\Users\plmin\.p2\pool\plugins\org.eclipse.m2e.maven.runtime_3.9.900.20240824-1409\jars\jcl-over-slf4j-1.7.36.jar
2025-03-18 09:49:04,882 [Worker-40: Launching mavenrun-9c6f209b-923d-4894-9aaa-6925f9a3afde] INFO  o.eclipse.m2e.core.internal.Bundles - 	Entry: C:\Users\plmin\.p2\pool\plugins\org.eclipse.m2e.maven.runtime_3.9.900.20240824-1409\jars\maven-artifact-3.9.9.jar
2025-03-18 09:49:04,884 [Worker-40: Launching mavenrun-9c6f209b-923d-4894-9aaa-6925f9a3afde] INFO  o.eclipse.m2e.core.internal.Bundles - 	Entry: C:\Users\plmin\.p2\pool\plugins\org.eclipse.m2e.maven.runtime_3.9.900.20240824-1409\jars\maven-builder-support-3.9.9.jar
2025-03-18 09:49:04,884 [Worker-40: Launching mavenrun-9c6f209b-923d-4894-9aaa-6925f9a3afde] INFO  o.eclipse.m2e.core.internal.Bundles - 	Entry: C:\Users\plmin\.p2\pool\plugins\org.eclipse.m2e.maven.runtime_3.9.900.20240824-1409\jars\maven-compat-3.9.9.jar
2025-03-18 09:49:04,884 [Worker-40: Launching mavenrun-9c6f209b-923d-4894-9aaa-6925f9a3afde] INFO  o.eclipse.m2e.core.internal.Bundles - 	Entry: C:\Users\plmin\.p2\pool\plugins\org.eclipse.m2e.maven.runtime_3.9.900.20240824-1409\jars\maven-core-3.9.9.jar
2025-03-18 09:49:04,884 [Worker-40: Launching mavenrun-9c6f209b-923d-4894-9aaa-6925f9a3afde] INFO  o.eclipse.m2e.core.internal.Bundles - 	Entry: C:\Users\plmin\.p2\pool\plugins\org.eclipse.m2e.maven.runtime_3.9.900.20240824-1409\jars\maven-embedder-3.9.9.jar
2025-03-18 09:49:04,884 [Worker-40: Launching mavenrun-9c6f209b-923d-4894-9aaa-6925f9a3afde] INFO  o.eclipse.m2e.core.internal.Bundles - 	Entry: C:\Users\plmin\.p2\pool\plugins\org.eclipse.m2e.maven.runtime_3.9.900.20240824-1409\jars\maven-model-3.9.9.jar
2025-03-18 09:49:04,884 [Worker-40: Launching mavenrun-9c6f209b-923d-4894-9aaa-6925f9a3afde] INFO  o.eclipse.m2e.core.internal.Bundles - 	Entry: C:\Users\plmin\.p2\pool\plugins\org.eclipse.m2e.maven.runtime_3.9.900.20240824-1409\jars\maven-model-builder-3.9.9.jar
2025-03-18 09:49:04,884 [Worker-40: Launching mavenrun-9c6f209b-923d-4894-9aaa-6925f9a3afde] INFO  o.eclipse.m2e.core.internal.Bundles - 	Entry: C:\Users\plmin\.p2\pool\plugins\org.eclipse.m2e.maven.runtime_3.9.900.20240824-1409\jars\maven-plugin-api-3.9.9.jar
2025-03-18 09:49:04,884 [Worker-40: Launching mavenrun-9c6f209b-923d-4894-9aaa-6925f9a3afde] INFO  o.eclipse.m2e.core.internal.Bundles - 	Entry: C:\Users\plmin\.p2\pool\plugins\org.eclipse.m2e.maven.runtime_3.9.900.20240824-1409\jars\maven-repository-metadata-3.9.9.jar
2025-03-18 09:49:04,884 [Worker-40: Launching mavenrun-9c6f209b-923d-4894-9aaa-6925f9a3afde] INFO  o.eclipse.m2e.core.internal.Bundles - 	Entry: C:\Users\plmin\.p2\pool\plugins\org.eclipse.m2e.maven.runtime_3.9.900.20240824-1409\jars\maven-resolver-api-1.9.22.jar
2025-03-18 09:49:04,884 [Worker-40: Launching mavenrun-9c6f209b-923d-4894-9aaa-6925f9a3afde] INFO  o.eclipse.m2e.core.internal.Bundles - 	Entry: C:\Users\plmin\.p2\pool\plugins\org.eclipse.m2e.maven.runtime_3.9.900.20240824-1409\jars\maven-resolver-connector-basic-1.9.22.jar
2025-03-18 09:49:04,884 [Worker-40: Launching mavenrun-9c6f209b-923d-4894-9aaa-6925f9a3afde] INFO  o.eclipse.m2e.core.internal.Bundles - 	Entry: C:\Users\plmin\.p2\pool\plugins\org.eclipse.m2e.maven.runtime_3.9.900.20240824-1409\jars\maven-resolver-impl-1.9.22.jar
2025-03-18 09:49:04,885 [Worker-40: Launching mavenrun-9c6f209b-923d-4894-9aaa-6925f9a3afde] INFO  o.eclipse.m2e.core.internal.Bundles - 	Entry: C:\Users\plmin\.p2\pool\plugins\org.eclipse.m2e.maven.runtime_3.9.900.20240824-1409\jars\maven-resolver-named-locks-1.9.22.jar
2025-03-18 09:49:04,885 [Worker-40: Launching mavenrun-9c6f209b-923d-4894-9aaa-6925f9a3afde] INFO  o.eclipse.m2e.core.internal.Bundles - 	Entry: C:\Users\plmin\.p2\pool\plugins\org.eclipse.m2e.maven.runtime_3.9.900.20240824-1409\jars\maven-resolver-provider-3.9.9.jar
2025-03-18 09:49:04,885 [Worker-40: Launching mavenrun-9c6f209b-923d-4894-9aaa-6925f9a3afde] INFO  o.eclipse.m2e.core.internal.Bundles - 	Entry: C:\Users\plmin\.p2\pool\plugins\org.eclipse.m2e.maven.runtime_3.9.900.20240824-1409\jars\maven-resolver-spi-1.9.22.jar
2025-03-18 09:49:04,885 [Worker-40: Launching mavenrun-9c6f209b-923d-4894-9aaa-6925f9a3afde] INFO  o.eclipse.m2e.core.internal.Bundles - 	Entry: C:\Users\plmin\.p2\pool\plugins\org.eclipse.m2e.maven.runtime_3.9.900.20240824-1409\jars\maven-resolver-transport-file-1.9.22.jar
2025-03-18 09:49:04,885 [Worker-40: Launching mavenrun-9c6f209b-923d-4894-9aaa-6925f9a3afde] INFO  o.eclipse.m2e.core.internal.Bundles - 	Entry: C:\Users\plmin\.p2\pool\plugins\org.eclipse.m2e.maven.runtime_3.9.900.20240824-1409\jars\maven-resolver-transport-http-1.9.22.jar
2025-03-18 09:49:04,886 [Worker-40: Launching mavenrun-9c6f209b-923d-4894-9aaa-6925f9a3afde] INFO  o.eclipse.m2e.core.internal.Bundles - 	Entry: C:\Users\plmin\.p2\pool\plugins\org.eclipse.m2e.maven.runtime_3.9.900.20240824-1409\jars\maven-resolver-transport-wagon-1.9.22.jar
2025-03-18 09:49:04,886 [Worker-40: Launching mavenrun-9c6f209b-923d-4894-9aaa-6925f9a3afde] INFO  o.eclipse.m2e.core.internal.Bundles - 	Entry: C:\Users\plmin\.p2\pool\plugins\org.eclipse.m2e.maven.runtime_3.9.900.20240824-1409\jars\maven-resolver-util-1.9.22.jar
2025-03-18 09:49:04,886 [Worker-40: Launching mavenrun-9c6f209b-923d-4894-9aaa-6925f9a3afde] INFO  o.eclipse.m2e.core.internal.Bundles - 	Entry: C:\Users\plmin\.p2\pool\plugins\org.eclipse.m2e.maven.runtime_3.9.900.20240824-1409\jars\maven-settings-3.9.9.jar
2025-03-18 09:49:04,886 [Worker-40: Launching mavenrun-9c6f209b-923d-4894-9aaa-6925f9a3afde] INFO  o.eclipse.m2e.core.internal.Bundles - 	Entry: C:\Users\plmin\.p2\pool\plugins\org.eclipse.m2e.maven.runtime_3.9.900.20240824-1409\jars\maven-settings-builder-3.9.9.jar
2025-03-18 09:49:04,886 [Worker-40: Launching mavenrun-9c6f209b-923d-4894-9aaa-6925f9a3afde] INFO  o.eclipse.m2e.core.internal.Bundles - 	Entry: C:\Users\plmin\.p2\pool\plugins\org.eclipse.m2e.maven.runtime_3.9.900.20240824-1409\jars\maven-shared-utils-3.4.2.jar
2025-03-18 09:49:04,887 [Worker-40: Launching mavenrun-9c6f209b-923d-4894-9aaa-6925f9a3afde] INFO  o.eclipse.m2e.core.internal.Bundles - 	Entry: C:\Users\plmin\.p2\pool\plugins\org.eclipse.m2e.maven.runtime_3.9.900.20240824-1409\jars\org.eclipse.sisu.inject-0.9.0.M3.jar
2025-03-18 09:49:04,887 [Worker-40: Launching mavenrun-9c6f209b-923d-4894-9aaa-6925f9a3afde] INFO  o.eclipse.m2e.core.internal.Bundles - 	Entry: C:\Users\plmin\.p2\pool\plugins\org.eclipse.m2e.maven.runtime_3.9.900.20240824-1409\jars\org.eclipse.sisu.plexus-0.9.0.M3.jar
2025-03-18 09:49:04,887 [Worker-40: Launching mavenrun-9c6f209b-923d-4894-9aaa-6925f9a3afde] INFO  o.eclipse.m2e.core.internal.Bundles - 	Entry: C:\Users\plmin\.p2\pool\plugins\org.eclipse.m2e.maven.runtime_3.9.900.20240824-1409\jars\plexus-build-api-0.0.7.jar
2025-03-18 09:49:04,888 [Worker-40: Launching mavenrun-9c6f209b-923d-4894-9aaa-6925f9a3afde] INFO  o.eclipse.m2e.core.internal.Bundles - 	Entry: C:\Users\plmin\.p2\pool\plugins\org.eclipse.m2e.maven.runtime_3.9.900.20240824-1409\jars\plexus-build-api-1.2.0.jar
2025-03-18 09:49:04,888 [Worker-40: Launching mavenrun-9c6f209b-923d-4894-9aaa-6925f9a3afde] INFO  o.eclipse.m2e.core.internal.Bundles - 	Entry: C:\Users\plmin\.p2\pool\plugins\org.eclipse.m2e.maven.runtime_3.9.900.20240824-1409\jars\plexus-cipher-2.0.jar
2025-03-18 09:49:04,888 [Worker-40: Launching mavenrun-9c6f209b-923d-4894-9aaa-6925f9a3afde] INFO  o.eclipse.m2e.core.internal.Bundles - 	Entry: C:\Users\plmin\.p2\pool\plugins\org.eclipse.m2e.maven.runtime_3.9.900.20240824-1409\jars\plexus-classworlds-2.8.0.jar
2025-03-18 09:49:04,888 [Worker-40: Launching mavenrun-9c6f209b-923d-4894-9aaa-6925f9a3afde] INFO  o.eclipse.m2e.core.internal.Bundles - 	Entry: C:\Users\plmin\.p2\pool\plugins\org.eclipse.m2e.maven.runtime_3.9.900.20240824-1409\jars\plexus-component-annotations-2.1.0.jar
2025-03-18 09:49:04,888 [Worker-40: Launching mavenrun-9c6f209b-923d-4894-9aaa-6925f9a3afde] INFO  o.eclipse.m2e.core.internal.Bundles - 	Entry: C:\Users\plmin\.p2\pool\plugins\org.eclipse.m2e.maven.runtime_3.9.900.20240824-1409\jars\plexus-interpolation-1.27.jar
2025-03-18 09:49:04,888 [Worker-40: Launching mavenrun-9c6f209b-923d-4894-9aaa-6925f9a3afde] INFO  o.eclipse.m2e.core.internal.Bundles - 	Entry: C:\Users\plmin\.p2\pool\plugins\org.eclipse.m2e.maven.runtime_3.9.900.20240824-1409\jars\plexus-sec-dispatcher-2.0.jar
2025-03-18 09:49:04,888 [Worker-40: Launching mavenrun-9c6f209b-923d-4894-9aaa-6925f9a3afde] INFO  o.eclipse.m2e.core.internal.Bundles - 	Entry: C:\Users\plmin\.p2\pool\plugins\org.eclipse.m2e.maven.runtime_3.9.900.20240824-1409\jars\plexus-utils-3.5.1.jar
2025-03-18 09:49:04,889 [Worker-40: Launching mavenrun-9c6f209b-923d-4894-9aaa-6925f9a3afde] INFO  o.eclipse.m2e.core.internal.Bundles - 	Entry: C:\Users\plmin\.p2\pool\plugins\org.eclipse.m2e.maven.runtime_3.9.900.20240824-1409\jars\plexus-xml-3.0.1.jar
2025-03-18 09:49:04,889 [Worker-40: Launching mavenrun-9c6f209b-923d-4894-9aaa-6925f9a3afde] INFO  o.eclipse.m2e.core.internal.Bundles - 	Entry: C:\Users\plmin\.p2\pool\plugins\org.eclipse.m2e.maven.runtime_3.9.900.20240824-1409\jars\wagon-file-3.5.3.jar
2025-03-18 09:49:04,889 [Worker-40: Launching mavenrun-9c6f209b-923d-4894-9aaa-6925f9a3afde] INFO  o.eclipse.m2e.core.internal.Bundles - 	Entry: C:\Users\plmin\.p2\pool\plugins\org.eclipse.m2e.maven.runtime_3.9.900.20240824-1409\jars\wagon-http-3.5.3.jar
2025-03-18 09:49:04,889 [Worker-40: Launching mavenrun-9c6f209b-923d-4894-9aaa-6925f9a3afde] INFO  o.eclipse.m2e.core.internal.Bundles - 	Entry: C:\Users\plmin\.p2\pool\plugins\org.eclipse.m2e.maven.runtime_3.9.900.20240824-1409\jars\wagon-http-shared-3.5.3.jar
2025-03-18 09:49:04,889 [Worker-40: Launching mavenrun-9c6f209b-923d-4894-9aaa-6925f9a3afde] INFO  o.eclipse.m2e.core.internal.Bundles - 	Entry: C:\Users\plmin\.p2\pool\plugins\org.eclipse.m2e.maven.runtime_3.9.900.20240824-1409\jars\wagon-provider-api-3.5.3.jar
2025-03-18 09:49:04,889 [Worker-40: Launching mavenrun-9c6f209b-923d-4894-9aaa-6925f9a3afde] INFO  o.eclipse.m2e.core.internal.Bundles - getClasspathEntries(Bundle=com.google.guava_33.3.1.jre [10])
2025-03-18 09:49:04,890 [Worker-40: Launching mavenrun-9c6f209b-923d-4894-9aaa-6925f9a3afde] INFO  o.eclipse.m2e.core.internal.Bundles - 	Entry: C:\Users\plmin\.p2\pool\plugins\com.google.guava_33.3.1.jre.jar
2025-03-18 09:49:04,890 [Worker-40: Launching mavenrun-9c6f209b-923d-4894-9aaa-6925f9a3afde] INFO  o.eclipse.m2e.core.internal.Bundles - getClasspathEntries(Bundle=slf4j.api_2.0.16 [522])
2025-03-18 09:49:04,890 [Worker-40: Launching mavenrun-9c6f209b-923d-4894-9aaa-6925f9a3afde] INFO  o.eclipse.m2e.core.internal.Bundles - 	Entry: C:\Users\plmin\.p2\pool\plugins\slf4j.api_2.0.16.jar
2025-03-18 09:49:04,890 [Worker-40: Launching mavenrun-9c6f209b-923d-4894-9aaa-6925f9a3afde] INFO  o.eclipse.m2e.core.internal.Bundles - getClasspathEntries(Bundle=jakarta.inject.jakarta.inject-api_1.0.5 [22])
2025-03-18 09:49:04,890 [Worker-40: Launching mavenrun-9c6f209b-923d-4894-9aaa-6925f9a3afde] INFO  o.eclipse.m2e.core.internal.Bundles - 	Entry: C:\Users\plmin\.p2\pool\plugins\jakarta.inject.jakarta.inject-api_1.0.5.jar
2025-03-18 09:49:04,890 [Worker-40: Launching mavenrun-9c6f209b-923d-4894-9aaa-6925f9a3afde] INFO  o.eclipse.m2e.core.internal.Bundles - getClasspathEntries(Bundle=jakarta.annotation-api_1.3.5 [20])
2025-03-18 09:49:04,891 [Worker-40: Launching mavenrun-9c6f209b-923d-4894-9aaa-6925f9a3afde] INFO  o.eclipse.m2e.core.internal.Bundles - 	Entry: C:\Users\plmin\.p2\pool\plugins\jakarta.annotation-api_1.3.5.jar
2025-03-18 09:49:04,891 [Worker-40: Launching mavenrun-9c6f209b-923d-4894-9aaa-6925f9a3afde] INFO  o.eclipse.m2e.core.internal.Bundles - getClasspathEntries(Bundle=org.apache.commons.cli_1.9.0 [47])
2025-03-18 09:49:04,891 [Worker-40: Launching mavenrun-9c6f209b-923d-4894-9aaa-6925f9a3afde] INFO  o.eclipse.m2e.core.internal.Bundles - 	Entry: C:\Users\plmin\.p2\pool\plugins\org.apache.commons.cli_1.9.0.jar
2025-03-18 09:49:04,891 [Worker-40: Launching mavenrun-9c6f209b-923d-4894-9aaa-6925f9a3afde] INFO  o.eclipse.m2e.core.internal.Bundles - getClasspathEntries(Bundle=org.apache.commons.commons-codec_1.16.0 [50])
2025-03-18 09:49:04,891 [Worker-40: Launching mavenrun-9c6f209b-923d-4894-9aaa-6925f9a3afde] INFO  o.eclipse.m2e.core.internal.Bundles - 	Entry: C:\Users\plmin\.p2\pool\plugins\org.apache.commons.commons-codec_1.16.0.jar
2025-03-18 09:49:04,891 [Worker-40: Launching mavenrun-9c6f209b-923d-4894-9aaa-6925f9a3afde] INFO  o.eclipse.m2e.core.internal.Bundles - getClasspathEntries(Bundle=com.google.guava.failureaccess_1.0.2 [11])
2025-03-18 09:49:04,891 [Worker-40: Launching mavenrun-9c6f209b-923d-4894-9aaa-6925f9a3afde] INFO  o.eclipse.m2e.core.internal.Bundles - 	Entry: C:\Users\plmin\.p2\pool\plugins\com.google.guava.failureaccess_1.0.2.jar
2025-03-18 09:49:04,893 [Worker-40: Launching mavenrun-9c6f209b-923d-4894-9aaa-6925f9a3afde] INFO  o.e.m.i.launch.MavenLaunchDelegate - Run build in "C:\Users\plmin\AppData\Local\Temp\m2e-archetypeGenerator4064579401695993802":
2025-03-18 09:49:04,893 [Worker-40: Launching mavenrun-9c6f209b-923d-4894-9aaa-6925f9a3afde] INFO  o.e.m.i.launch.MavenLaunchDelegate -  mvn  -DarchetypeGroupId=org.apache.maven.archetypes -DarchetypeArtifactId=maven-archetype-j2ee-simple -DarchetypeVersion=1.5 -DgroupId=training.fsoft.fsa -DartifactId=webapp -Dversion=0.0.1-SNAPSHOT -Dpackage=training.fsoft.fsa.webapp -DoutputDirectory=E:\PJ\Eclipse -Dstyle.color=always -U archetype:generate
2025-03-18 09:49:26,315 [Worker-43: Creating maven-archetype-j2ee-simple] INFO  o.e.m.c.i.p.ProjectConfigurationManager - Collecting project info '/pom.xml' E:\PJ\Eclipse\webapp\pom.xml
2025-03-18 09:49:26,315 [Worker-43: Creating maven-archetype-j2ee-simple] INFO  o.e.m.c.i.p.ProjectConfigurationManager - Collecting project info 'projects/pom.xml' E:\PJ\Eclipse\webapp\projects\pom.xml
2025-03-18 09:49:26,315 [Worker-43: Creating maven-archetype-j2ee-simple] INFO  o.e.m.c.i.p.ProjectConfigurationManager - Collecting project info 'logging/pom.xml' E:\PJ\Eclipse\webapp\projects\logging\pom.xml
2025-03-18 09:49:26,315 [Worker-43: Creating maven-archetype-j2ee-simple] INFO  o.e.m.c.i.p.ProjectConfigurationManager - Collecting project info 'primary-source/pom.xml' E:\PJ\Eclipse\webapp\primary-source\pom.xml
2025-03-18 09:49:26,315 [Worker-43: Creating maven-archetype-j2ee-simple] INFO  o.e.m.c.i.p.ProjectConfigurationManager - Collecting project info 'servlets/pom.xml' E:\PJ\Eclipse\webapp\servlets\pom.xml
2025-03-18 09:49:26,315 [Worker-43: Creating maven-archetype-j2ee-simple] INFO  o.e.m.c.i.p.ProjectConfigurationManager - Collecting project info 'servlet/pom.xml' E:\PJ\Eclipse\webapp\servlets\servlet\pom.xml
2025-03-18 09:49:26,315 [Worker-43: Creating maven-archetype-j2ee-simple] INFO  o.e.m.c.i.p.ProjectConfigurationManager - Collecting project info 'ejbs/pom.xml' E:\PJ\Eclipse\webapp\ejbs\pom.xml
2025-03-18 09:49:26,315 [Worker-43: Creating maven-archetype-j2ee-simple] INFO  o.e.m.c.i.p.ProjectConfigurationManager - Collecting project info 'ear/pom.xml' E:\PJ\Eclipse\webapp\ear\pom.xml
2025-03-18 09:49:26,658 [Worker-43: Creating maven-archetype-j2ee-simple] INFO  o.e.m.c.i.l.LifecycleMappingFactory - Using NULL lifecycle mapping for MavenProject: training.fsoft.fsa:webapp:0.0.1-SNAPSHOT @ E:\PJ\Eclipse\webapp\pom.xml.
2025-03-18 09:49:26,662 [Worker-43: Creating maven-archetype-j2ee-simple] INFO  o.e.m.c.i.l.LifecycleMappingFactory - Using NULL lifecycle mapping for MavenProject: training.fsoft.fsa:projects:0.0.1-SNAPSHOT @ E:\PJ\Eclipse\webapp\projects\pom.xml.
2025-03-18 09:49:26,866 [Worker-43: Creating maven-archetype-j2ee-simple] INFO  o.e.m.c.i.e.AbstractTransferListenerAdapter - Downloading https://repo.maven.apache.org/maven2/org/apache/maven/plugins/maven-surefire-plugin/3.3.0/maven-surefire-plugin-3.3.0.jar
2025-03-18 09:49:26,937 [Worker-43: Creating maven-archetype-j2ee-simple] INFO  o.e.m.c.i.e.AbstractTransferListenerAdapter - Downloaded https://repo.maven.apache.org/maven2/org/apache/maven/plugins/maven-surefire-plugin/3.3.0/maven-surefire-plugin-3.3.0.jar
2025-03-18 09:49:27,236 [Worker-43: Creating maven-archetype-j2ee-simple] INFO  o.e.m.c.i.l.LifecycleMappingFactory - Using org.eclipse.m2e.jdt.JarLifecycleMapping lifecycle mapping for MavenProject: training.fsoft.fsa:logging:0.0.1-SNAPSHOT @ E:\PJ\Eclipse\webapp\projects\logging\pom.xml.
2025-03-18 09:49:27,282 [Worker-43: Creating maven-archetype-j2ee-simple] INFO  o.e.m.c.i.l.LifecycleMappingFactory - Using org.eclipse.m2e.jdt.JarLifecycleMapping lifecycle mapping for MavenProject: training.fsoft.fsa:primary-source:0.0.1-SNAPSHOT @ E:\PJ\Eclipse\webapp\primary-source\pom.xml.
2025-03-18 09:49:27,294 [Worker-43: Creating maven-archetype-j2ee-simple] INFO  o.e.m.c.i.p.WorkspaceClassifierResolverManager - Resolving P/logging: training.fsoft.fsa:logging:0.0.1-SNAPSHOT with classifier  to /logging/target/classes
2025-03-18 09:49:27,297 [Worker-43: Creating maven-archetype-j2ee-simple] INFO  o.e.m.c.i.l.LifecycleMappingFactory - Using NULL lifecycle mapping for MavenProject: training.fsoft.fsa:servlets:0.0.1-SNAPSHOT @ E:\PJ\Eclipse\webapp\servlets\pom.xml.
2025-03-18 09:49:27,373 [Worker-43: Creating maven-archetype-j2ee-simple] INFO  o.e.m.c.i.e.AbstractTransferListenerAdapter - Downloading https://repo.maven.apache.org/maven2/org/apache/maven/plugins/maven-war-plugin/3.4.0/maven-war-plugin-3.4.0.jar
2025-03-18 09:49:27,478 [Worker-43: Creating maven-archetype-j2ee-simple] INFO  o.e.m.c.i.e.AbstractTransferListenerAdapter - Downloaded https://repo.maven.apache.org/maven2/org/apache/maven/plugins/maven-war-plugin/3.4.0/maven-war-plugin-3.4.0.jar
2025-03-18 09:49:27,502 [Worker-43: Creating maven-archetype-j2ee-simple] INFO  o.e.m.c.i.l.LifecycleMappingFactory - Using org.eclipse.m2e.jdt.JarLifecycleMapping lifecycle mapping for MavenProject: training.fsoft.fsa:servlet:0.0.1-SNAPSHOT @ E:\PJ\Eclipse\webapp\servlets\servlet\pom.xml.
2025-03-18 09:49:27,505 [Worker-43: Creating maven-archetype-j2ee-simple] INFO  o.e.m.c.i.p.WorkspaceClassifierResolverManager - Resolving P/primary-source: training.fsoft.fsa:primary-source:0.0.1-SNAPSHOT with classifier  to /primary-source/target/classes
2025-03-18 09:49:27,505 [Worker-43: Creating maven-archetype-j2ee-simple] INFO  o.e.m.c.i.p.WorkspaceClassifierResolverManager - Resolving P/logging: training.fsoft.fsa:logging:0.0.1-SNAPSHOT with classifier  to /logging/target/classes
2025-03-18 09:49:27,579 [Worker-43: Creating maven-archetype-j2ee-simple] INFO  o.e.m.c.i.e.AbstractTransferListenerAdapter - Downloading https://repo.maven.apache.org/maven2/org/apache/maven/plugins/maven-ejb-plugin/3.2.1/maven-ejb-plugin-3.2.1.jar
2025-03-18 09:49:27,602 [Worker-43: Creating maven-archetype-j2ee-simple] INFO  o.e.m.c.i.e.AbstractTransferListenerAdapter - Downloaded https://repo.maven.apache.org/maven2/org/apache/maven/plugins/maven-ejb-plugin/3.2.1/maven-ejb-plugin-3.2.1.jar
2025-03-18 09:49:27,623 [Worker-43: Creating maven-archetype-j2ee-simple] INFO  o.e.m.c.i.l.LifecycleMappingFactory - Using DEFAULT lifecycle mapping for MavenProject: training.fsoft.fsa:ejbs:0.0.1-SNAPSHOT @ E:\PJ\Eclipse\webapp\ejbs\pom.xml.
2025-03-18 09:49:27,624 [Worker-43: Creating maven-archetype-j2ee-simple] INFO  o.e.m.c.i.p.WorkspaceClassifierResolverManager - Resolving P/primary-source: training.fsoft.fsa:primary-source:0.0.1-SNAPSHOT with classifier  to /primary-source/target/classes
2025-03-18 09:49:27,624 [Worker-43: Creating maven-archetype-j2ee-simple] INFO  o.e.m.c.i.p.WorkspaceClassifierResolverManager - Resolving P/logging: training.fsoft.fsa:logging:0.0.1-SNAPSHOT with classifier  to /logging/target/classes
2025-03-18 09:49:27,699 [Worker-43: Creating maven-archetype-j2ee-simple] INFO  o.e.m.c.i.e.AbstractTransferListenerAdapter - Downloading https://repo.maven.apache.org/maven2/org/apache/maven/plugins/maven-ear-plugin/3.3.0/maven-ear-plugin-3.3.0.jar
2025-03-18 09:49:27,760 [Worker-43: Creating maven-archetype-j2ee-simple] INFO  o.e.m.c.i.e.AbstractTransferListenerAdapter - Downloaded https://repo.maven.apache.org/maven2/org/apache/maven/plugins/maven-ear-plugin/3.3.0/maven-ear-plugin-3.3.0.jar
2025-03-18 09:49:27,796 [Worker-43: Creating maven-archetype-j2ee-simple] INFO  o.e.m.c.i.l.LifecycleMappingFactory - Using DEFAULT lifecycle mapping for MavenProject: training.fsoft.fsa:ear:0.0.1-SNAPSHOT @ E:\PJ\Eclipse\webapp\ear\pom.xml.
2025-03-18 09:49:27,809 [Worker-43: Creating maven-archetype-j2ee-simple] INFO  o.e.m.c.i.p.WorkspaceClassifierResolverManager - Resolving P/ejbs: training.fsoft.fsa:ejbs:0.0.1-SNAPSHOT with classifier  to /ejbs/target/classes
2025-03-18 09:49:27,810 [Worker-43: Creating maven-archetype-j2ee-simple] INFO  o.e.m.c.i.p.WorkspaceClassifierResolverManager - Resolving P/servlet: training.fsoft.fsa:servlet:0.0.1-SNAPSHOT with classifier  to /servlet/target/classes
2025-03-18 09:49:27,810 [Worker-43: Creating maven-archetype-j2ee-simple] INFO  o.e.m.c.i.p.WorkspaceClassifierResolverManager - Resolving P/primary-source: training.fsoft.fsa:primary-source:0.0.1-SNAPSHOT with classifier  to /primary-source/target/classes
2025-03-18 09:49:27,810 [Worker-43: Creating maven-archetype-j2ee-simple] INFO  o.e.m.c.i.p.WorkspaceClassifierResolverManager - Resolving P/logging: training.fsoft.fsa:logging:0.0.1-SNAPSHOT with classifier  to /logging/target/classes
2025-03-18 09:49:27,884 [Worker-43: Creating maven-archetype-j2ee-simple] INFO  o.e.m.c.i.e.AbstractTransferListenerAdapter - Downloading https://repo.maven.apache.org/maven2/org/apache/maven/plugins/maven-surefire-plugin/3.3.0/maven-surefire-plugin-3.3.0.pom
2025-03-18 09:49:27,891 [Worker-43: Creating maven-archetype-j2ee-simple] INFO  o.e.m.c.i.e.AbstractTransferListenerAdapter - Downloaded https://repo.maven.apache.org/maven2/org/apache/maven/plugins/maven-surefire-plugin/3.3.0/maven-surefire-plugin-3.3.0.pom
2025-03-18 09:49:27,944 [Worker-43: Creating maven-archetype-j2ee-simple] INFO  o.e.m.c.i.e.AbstractTransferListenerAdapter - Downloading https://repo.maven.apache.org/maven2/org/apache/maven/surefire/surefire/3.3.0/surefire-3.3.0.pom
2025-03-18 09:49:27,963 [Worker-43: Creating maven-archetype-j2ee-simple] INFO  o.e.m.c.i.e.AbstractTransferListenerAdapter - Downloaded https://repo.maven.apache.org/maven2/org/apache/maven/surefire/surefire/3.3.0/surefire-3.3.0.pom
2025-03-18 09:49:28,332 [Worker-43: Creating maven-archetype-j2ee-simple] INFO  o.e.m.j.i.AbstractJavaProjectConfigurator - Adding source folder /logging/src/main/java
2025-03-18 09:49:28,335 [Worker-43: Creating maven-archetype-j2ee-simple] INFO  o.e.m.j.i.AbstractJavaProjectConfigurator - Adding resource folder /logging/src/main/resources
2025-03-18 09:49:28,347 [Worker-43: Creating maven-archetype-j2ee-simple] INFO  o.e.m.j.i.AbstractJavaProjectConfigurator - Adding source folder /logging/src/test/java
2025-03-18 09:49:28,348 [Worker-43: Creating maven-archetype-j2ee-simple] INFO  o.e.m.j.i.AbstractJavaProjectConfigurator - Adding resource folder /logging/src/test/resources
2025-03-18 09:49:28,474 [Worker-43: Creating maven-archetype-j2ee-simple] INFO  o.e.m.j.i.AbstractJavaProjectConfigurator - Adding source folder /primary-source/src/main/java
2025-03-18 09:49:28,475 [Worker-43: Creating maven-archetype-j2ee-simple] INFO  o.e.m.j.i.AbstractJavaProjectConfigurator - Adding resource folder /primary-source/src/main/resources
2025-03-18 09:49:28,480 [Worker-43: Creating maven-archetype-j2ee-simple] INFO  o.e.m.j.i.AbstractJavaProjectConfigurator - Adding source folder /primary-source/src/test/java
2025-03-18 09:49:28,481 [Worker-43: Creating maven-archetype-j2ee-simple] INFO  o.e.m.j.i.AbstractJavaProjectConfigurator - Adding resource folder /primary-source/src/test/resources
2025-03-18 09:49:28,556 [Worker-43: Creating maven-archetype-j2ee-simple] INFO  o.e.m.j.i.AbstractJavaProjectConfigurator - Adding source folder /servlet/src/main/java
2025-03-18 09:49:28,557 [Worker-43: Creating maven-archetype-j2ee-simple] INFO  o.e.m.j.i.AbstractJavaProjectConfigurator - Adding resource folder /servlet/src/main/resources
2025-03-18 09:49:28,563 [Worker-43: Creating maven-archetype-j2ee-simple] INFO  o.e.m.j.i.AbstractJavaProjectConfigurator - Adding source folder /servlet/src/test/java
2025-03-18 09:49:28,563 [Worker-43: Creating maven-archetype-j2ee-simple] INFO  o.e.m.j.i.AbstractJavaProjectConfigurator - Adding resource folder /servlet/src/test/resources
2025-03-18 09:49:28,632 [Worker-43: Creating maven-archetype-j2ee-simple] INFO  o.e.m.j.i.AbstractJavaProjectConfigurator - Adding source folder /ejbs/src/main/java
2025-03-18 09:49:28,632 [Worker-43: Creating maven-archetype-j2ee-simple] INFO  o.e.m.j.i.AbstractJavaProjectConfigurator - Adding resource folder /ejbs/src/main/resources
2025-03-18 09:49:28,646 [Worker-43: Creating maven-archetype-j2ee-simple] INFO  o.e.m.j.i.AbstractJavaProjectConfigurator - Adding source folder /ejbs/src/test/java
2025-03-18 09:49:28,648 [Worker-43: Creating maven-archetype-j2ee-simple] INFO  o.e.m.j.i.AbstractJavaProjectConfigurator - Adding resource folder /ejbs/src/test/resources
2025-03-18 09:49:28,772 [Worker-43: Creating maven-archetype-j2ee-simple] INFO  o.e.m.c.i.e.AbstractTransferListenerAdapter - Downloading https://repo.maven.apache.org/maven2/org/apache/maven/plugins/maven-ear-plugin/3.3.0/maven-ear-plugin-3.3.0.pom
2025-03-18 09:49:28,781 [Worker-43: Creating maven-archetype-j2ee-simple] INFO  o.e.m.c.i.e.AbstractTransferListenerAdapter - Downloaded https://repo.maven.apache.org/maven2/org/apache/maven/plugins/maven-ear-plugin/3.3.0/maven-ear-plugin-3.3.0.pom
2025-03-18 09:49:28,922 [Worker-43: Creating maven-archetype-j2ee-simple] INFO  o.e.m.c.i.e.AbstractTransferListenerAdapter - Downloading https://repo.maven.apache.org/maven2/org/apache/maven/plugins/maven-plugins/37/maven-plugins-37.pom
2025-03-18 09:49:28,932 [Worker-43: Creating maven-archetype-j2ee-simple] INFO  o.e.m.c.i.e.AbstractTransferListenerAdapter - Downloaded https://repo.maven.apache.org/maven2/org/apache/maven/plugins/maven-plugins/37/maven-plugins-37.pom
2025-03-18 09:49:28,960 [Worker-43: Creating maven-archetype-j2ee-simple] INFO  o.e.m.c.i.p.ProjectConfigurationManager - Imported and configured 8 project(s) in 2 sec
2025-03-18 09:49:29,095 [Worker-42: Building] INFO  o.e.m.c.i.p.WorkspaceClassifierResolverManager - Resolving P/ejbs: training.fsoft.fsa:ejbs:0.0.1-SNAPSHOT with classifier  to /ejbs/target/classes
2025-03-18 09:49:29,095 [Worker-42: Building] INFO  o.e.m.c.i.p.WorkspaceClassifierResolverManager - Resolving P/servlet: training.fsoft.fsa:servlet:0.0.1-SNAPSHOT with classifier  to /servlet/target/classes
2025-03-18 09:49:29,095 [Worker-42: Building] INFO  o.e.m.c.i.p.WorkspaceClassifierResolverManager - Resolving P/primary-source: training.fsoft.fsa:primary-source:0.0.1-SNAPSHOT with classifier  to /primary-source/target/classes
2025-03-18 09:49:29,095 [Worker-42: Building] INFO  o.e.m.c.i.p.WorkspaceClassifierResolverManager - Resolving P/logging: training.fsoft.fsa:logging:0.0.1-SNAPSHOT with classifier  to /logging/target/classes
2025-03-18 09:49:29,396 [Worker-42: Building] INFO  o.e.m.c.i.e.AbstractTransferListenerAdapter - Downloading https://repo.maven.apache.org/maven2/org/apache/maven/maven-archiver/3.6.0/maven-archiver-3.6.0.pom
2025-03-18 09:49:29,416 [Worker-42: Building] INFO  o.e.m.c.i.e.AbstractTransferListenerAdapter - Downloaded https://repo.maven.apache.org/maven2/org/apache/maven/maven-archiver/3.6.0/maven-archiver-3.6.0.pom
2025-03-18 09:49:29,515 [Worker-42: Building] INFO  o.e.m.c.i.e.AbstractTransferListenerAdapter - Downloading https://repo.maven.apache.org/maven2/org/codehaus/plexus/plexus-io/3.4.0/plexus-io-3.4.0.pom
2025-03-18 09:49:29,520 [Worker-42: Building] INFO  o.e.m.c.i.e.AbstractTransferListenerAdapter - Downloaded https://repo.maven.apache.org/maven2/org/codehaus/plexus/plexus-io/3.4.0/plexus-io-3.4.0.pom
2025-03-18 09:49:29,602 [Worker-42: Building] INFO  o.e.m.c.i.e.AbstractTransferListenerAdapter - Downloading https://repo.maven.apache.org/maven2/org/codehaus/plexus/plexus-utils/3.3.0/plexus-utils-3.3.0.pom
2025-03-18 09:49:29,623 [Worker-42: Building] INFO  o.e.m.c.i.e.AbstractTransferListenerAdapter - Downloaded https://repo.maven.apache.org/maven2/org/codehaus/plexus/plexus-utils/3.3.0/plexus-utils-3.3.0.pom
2025-03-18 09:49:29,817 [Worker-42: Building] INFO  o.e.m.c.i.e.AbstractTransferListenerAdapter - Downloading https://repo.maven.apache.org/maven2/org/codehaus/plexus/plexus-archiver/4.4.0/plexus-archiver-4.4.0.pom
2025-03-18 09:49:29,824 [Worker-42: Building] INFO  o.e.m.c.i.e.AbstractTransferListenerAdapter - Downloaded https://repo.maven.apache.org/maven2/org/codehaus/plexus/plexus-archiver/4.4.0/plexus-archiver-4.4.0.pom
2025-03-18 09:49:29,919 [Worker-42: Building] INFO  o.e.m.c.i.e.AbstractTransferListenerAdapter - Downloading https://repo.maven.apache.org/maven2/org/apache/commons/commons-compress/1.21/commons-compress-1.21.pom
2025-03-18 09:49:29,957 [Worker-42: Building] INFO  o.e.m.c.i.e.AbstractTransferListenerAdapter - Downloaded https://repo.maven.apache.org/maven2/org/apache/commons/commons-compress/1.21/commons-compress-1.21.pom
2025-03-18 09:49:30,118 [Worker-42: Building] INFO  o.e.m.c.i.e.AbstractTransferListenerAdapter - Downloading https://repo.maven.apache.org/maven2/org/codehaus/plexus/plexus-archiver/4.5.0/plexus-archiver-4.5.0.pom
2025-03-18 09:49:30,131 [Worker-42: Building] INFO  o.e.m.c.i.e.AbstractTransferListenerAdapter - Downloaded https://repo.maven.apache.org/maven2/org/codehaus/plexus/plexus-archiver/4.5.0/plexus-archiver-4.5.0.pom
2025-03-18 09:49:30,198 [Worker-42: Building] INFO  o.e.m.c.i.e.AbstractTransferListenerAdapter - Downloading https://repo.maven.apache.org/maven2/com/github/luben/zstd-jni/1.5.2-4/zstd-jni-1.5.2-4.pom
2025-03-18 09:49:30,203 [Worker-42: Building] INFO  o.e.m.c.i.e.AbstractTransferListenerAdapter - Downloaded https://repo.maven.apache.org/maven2/com/github/luben/zstd-jni/1.5.2-4/zstd-jni-1.5.2-4.pom
2025-03-18 09:49:30,353 [Worker-42: Building] INFO  o.e.m.c.i.e.AbstractTransferListenerAdapter - Downloading https://repo.maven.apache.org/maven2/org/codehaus/plexus/plexus-utils/3.4.2/plexus-utils-3.4.2.pom
2025-03-18 09:49:30,381 [Worker-42: Building] INFO  o.e.m.c.i.e.AbstractTransferListenerAdapter - Downloaded https://repo.maven.apache.org/maven2/org/codehaus/plexus/plexus-utils/3.4.2/plexus-utils-3.4.2.pom
2025-03-18 09:49:30,460 [Worker-42: Building] INFO  o.e.m.c.i.e.AbstractTransferListenerAdapter - Downloading https://repo.maven.apache.org/maven2/org/codehaus/plexus/plexus/8/plexus-8.pom
2025-03-18 09:49:30,522 [Worker-42: Building] INFO  o.e.m.c.i.e.AbstractTransferListenerAdapter - Downloaded https://repo.maven.apache.org/maven2/org/codehaus/plexus/plexus/8/plexus-8.pom
2025-03-18 09:49:30,612 [Worker-42: Building] INFO  o.e.m.c.i.e.AbstractTransferListenerAdapter - Downloading https://repo.maven.apache.org/maven2/org/apache/maven/shared/maven-filtering/3.3.0/maven-filtering-3.3.0.pom
2025-03-18 09:49:30,620 [Worker-42: Building] INFO  o.e.m.c.i.e.AbstractTransferListenerAdapter - Downloaded https://repo.maven.apache.org/maven2/org/apache/maven/shared/maven-filtering/3.3.0/maven-filtering-3.3.0.pom
2025-03-18 09:49:30,726 [Worker-42: Building] INFO  o.e.m.c.i.e.AbstractTransferListenerAdapter - Downloading https://repo.maven.apache.org/maven2/org/apache/maven/shared/maven-mapping/3.0.0/maven-mapping-3.0.0.pom
2025-03-18 09:49:30,739 [Worker-42: Building] INFO  o.e.m.c.i.e.AbstractTransferListenerAdapter - Downloaded https://repo.maven.apache.org/maven2/org/apache/maven/shared/maven-mapping/3.0.0/maven-mapping-3.0.0.pom
2025-03-18 09:49:30,839 [Worker-42: Building] INFO  o.e.m.c.i.e.AbstractTransferListenerAdapter - Downloading https://repo.maven.apache.org/maven2/org/apache/maven/shared/maven-shared-components/22/maven-shared-components-22.pom
2025-03-18 09:49:30,854 [Worker-42: Building] INFO  o.e.m.c.i.e.AbstractTransferListenerAdapter - Downloaded https://repo.maven.apache.org/maven2/org/apache/maven/shared/maven-shared-components/22/maven-shared-components-22.pom
2025-03-18 09:49:31,015 [Worker-42: Building] INFO  o.e.m.c.i.e.AbstractTransferListenerAdapter - Downloading https://repo.maven.apache.org/maven2/org/apache/maven/maven-parent/27/maven-parent-27.pom
2025-03-18 09:49:31,024 [Worker-42: Building] INFO  o.e.m.c.i.e.AbstractTransferListenerAdapter - Downloaded https://repo.maven.apache.org/maven2/org/apache/maven/maven-parent/27/maven-parent-27.pom
2025-03-18 09:49:31,146 [Worker-42: Building] INFO  o.e.m.c.i.e.AbstractTransferListenerAdapter - Downloading https://repo.maven.apache.org/maven2/org/apache/apache/17/apache-17.pom
2025-03-18 09:49:31,155 [Worker-42: Building] INFO  o.e.m.c.i.e.AbstractTransferListenerAdapter - Downloaded https://repo.maven.apache.org/maven2/org/apache/apache/17/apache-17.pom
2025-03-18 09:49:31,239 [Worker-42: Building] INFO  o.e.m.c.i.e.AbstractTransferListenerAdapter - Downloading https://repo.maven.apache.org/maven2/org/apache/maven/maven-core/3.0/maven-core-3.0.pom
2025-03-18 09:49:31,249 [Worker-42: Building] INFO  o.e.m.c.i.e.AbstractTransferListenerAdapter - Downloaded https://repo.maven.apache.org/maven2/org/apache/maven/maven-core/3.0/maven-core-3.0.pom
2025-03-18 09:49:31,329 [Worker-42: Building] INFO  o.e.m.c.i.e.AbstractTransferListenerAdapter - Downloading https://repo.maven.apache.org/maven2/org/apache/maven/maven/3.0/maven-3.0.pom
2025-03-18 09:49:31,349 [Worker-42: Building] INFO  o.e.m.c.i.e.AbstractTransferListenerAdapter - Downloaded https://repo.maven.apache.org/maven2/org/apache/maven/maven/3.0/maven-3.0.pom
2025-03-18 09:49:31,440 [Worker-42: Building] INFO  o.e.m.c.i.e.AbstractTransferListenerAdapter - Downloading https://repo.maven.apache.org/maven2/org/apache/maven/maven-parent/15/maven-parent-15.pom
2025-03-18 09:49:31,487 [Worker-42: Building] INFO  o.e.m.c.i.e.AbstractTransferListenerAdapter - Downloaded https://repo.maven.apache.org/maven2/org/apache/maven/maven-parent/15/maven-parent-15.pom
2025-03-18 09:49:31,604 [Worker-42: Building] INFO  o.e.m.c.i.e.AbstractTransferListenerAdapter - Downloading https://repo.maven.apache.org/maven2/org/apache/apache/6/apache-6.pom
2025-03-18 09:49:31,613 [Worker-42: Building] INFO  o.e.m.c.i.e.AbstractTransferListenerAdapter - Downloaded https://repo.maven.apache.org/maven2/org/apache/apache/6/apache-6.pom
2025-03-18 09:49:31,710 [Worker-42: Building] INFO  o.e.m.c.i.e.AbstractTransferListenerAdapter - Downloading https://repo.maven.apache.org/maven2/org/apache/maven/maven-model/3.0/maven-model-3.0.pom
2025-03-18 09:49:31,718 [Worker-42: Building] INFO  o.e.m.c.i.e.AbstractTransferListenerAdapter - Downloaded https://repo.maven.apache.org/maven2/org/apache/maven/maven-model/3.0/maven-model-3.0.pom
2025-03-18 09:49:31,797 [Worker-42: Building] INFO  o.e.m.c.i.e.AbstractTransferListenerAdapter - Downloading https://repo.maven.apache.org/maven2/org/apache/maven/maven-settings/3.0/maven-settings-3.0.pom
2025-03-18 09:49:31,806 [Worker-42: Building] INFO  o.e.m.c.i.e.AbstractTransferListenerAdapter - Downloaded https://repo.maven.apache.org/maven2/org/apache/maven/maven-settings/3.0/maven-settings-3.0.pom
2025-03-18 09:49:31,893 [Worker-42: Building] INFO  o.e.m.c.i.e.AbstractTransferListenerAdapter - Downloading https://repo.maven.apache.org/maven2/org/apache/maven/maven-settings-builder/3.0/maven-settings-builder-3.0.pom
2025-03-18 09:49:31,900 [Worker-42: Building] INFO  o.e.m.c.i.e.AbstractTransferListenerAdapter - Downloaded https://repo.maven.apache.org/maven2/org/apache/maven/maven-settings-builder/3.0/maven-settings-builder-3.0.pom
2025-03-18 09:49:31,977 [Worker-42: Building] INFO  o.e.m.c.i.e.AbstractTransferListenerAdapter - Downloading https://repo.maven.apache.org/maven2/org/codehaus/plexus/plexus-interpolation/1.14/plexus-interpolation-1.14.pom
2025-03-18 09:49:31,985 [Worker-42: Building] INFO  o.e.m.c.i.e.AbstractTransferListenerAdapter - Downloaded https://repo.maven.apache.org/maven2/org/codehaus/plexus/plexus-interpolation/1.14/plexus-interpolation-1.14.pom
2025-03-18 09:49:32,066 [Worker-42: Building] INFO  o.e.m.c.i.e.AbstractTransferListenerAdapter - Downloading https://repo.maven.apache.org/maven2/org/codehaus/plexus/plexus-components/1.1.18/plexus-components-1.1.18.pom
2025-03-18 09:49:32,077 [Worker-42: Building] INFO  o.e.m.c.i.e.AbstractTransferListenerAdapter - Downloaded https://repo.maven.apache.org/maven2/org/codehaus/plexus/plexus-components/1.1.18/plexus-components-1.1.18.pom
2025-03-18 09:49:32,147 [Worker-42: Building] INFO  o.e.m.c.i.e.AbstractTransferListenerAdapter - Downloading https://repo.maven.apache.org/maven2/org/codehaus/plexus/plexus/2.0.7/plexus-2.0.7.pom
2025-03-18 09:49:32,165 [Worker-42: Building] INFO  o.e.m.c.i.e.AbstractTransferListenerAdapter - Downloaded https://repo.maven.apache.org/maven2/org/codehaus/plexus/plexus/2.0.7/plexus-2.0.7.pom
2025-03-18 09:49:32,266 [Worker-42: Building] INFO  o.e.m.c.i.e.AbstractTransferListenerAdapter - Downloading https://repo.maven.apache.org/maven2/org/codehaus/plexus/plexus-component-annotations/2.1.1/plexus-component-annotations-2.1.1.pom
2025-03-18 09:49:32,271 [Worker-42: Building] INFO  o.e.m.c.i.e.AbstractTransferListenerAdapter - Downloaded https://repo.maven.apache.org/maven2/org/codehaus/plexus/plexus-component-annotations/2.1.1/plexus-component-annotations-2.1.1.pom
2025-03-18 09:49:32,348 [Worker-42: Building] INFO  o.e.m.c.i.e.AbstractTransferListenerAdapter - Downloading https://repo.maven.apache.org/maven2/org/codehaus/plexus/plexus-containers/2.1.1/plexus-containers-2.1.1.pom
2025-03-18 09:49:32,370 [Worker-42: Building] INFO  o.e.m.c.i.e.AbstractTransferListenerAdapter - Downloaded https://repo.maven.apache.org/maven2/org/codehaus/plexus/plexus-containers/2.1.1/plexus-containers-2.1.1.pom
2025-03-18 09:49:32,435 [Worker-42: Building] INFO  o.e.m.c.i.e.AbstractTransferListenerAdapter - Downloading https://repo.maven.apache.org/maven2/org/codehaus/plexus/plexus/6.5/plexus-6.5.pom
2025-03-18 09:49:32,456 [Worker-42: Building] INFO  o.e.m.c.i.e.AbstractTransferListenerAdapter - Downloaded https://repo.maven.apache.org/maven2/org/codehaus/plexus/plexus/6.5/plexus-6.5.pom
2025-03-18 09:49:32,532 [Worker-42: Building] INFO  o.e.m.c.i.e.AbstractTransferListenerAdapter - Downloading https://repo.maven.apache.org/maven2/org/sonatype/plexus/plexus-sec-dispatcher/1.3/plexus-sec-dispatcher-1.3.pom
2025-03-18 09:49:32,547 [Worker-42: Building] INFO  o.e.m.c.i.e.AbstractTransferListenerAdapter - Downloaded https://repo.maven.apache.org/maven2/org/sonatype/plexus/plexus-sec-dispatcher/1.3/plexus-sec-dispatcher-1.3.pom
2025-03-18 09:49:32,633 [Worker-42: Building] INFO  o.e.m.c.i.e.AbstractTransferListenerAdapter - Downloading https://repo.maven.apache.org/maven2/org/sonatype/spice/spice-parent/12/spice-parent-12.pom
2025-03-18 09:49:32,641 [Worker-42: Building] INFO  o.e.m.c.i.e.AbstractTransferListenerAdapter - Downloaded https://repo.maven.apache.org/maven2/org/sonatype/spice/spice-parent/12/spice-parent-12.pom
2025-03-18 09:49:32,708 [Worker-42: Building] INFO  o.e.m.c.i.e.AbstractTransferListenerAdapter - Downloading https://repo.maven.apache.org/maven2/org/sonatype/forge/forge-parent/4/forge-parent-4.pom
2025-03-18 09:49:32,725 [Worker-42: Building] INFO  o.e.m.c.i.e.AbstractTransferListenerAdapter - Downloaded https://repo.maven.apache.org/maven2/org/sonatype/forge/forge-parent/4/forge-parent-4.pom
2025-03-18 09:49:32,792 [Worker-42: Building] INFO  o.e.m.c.i.e.AbstractTransferListenerAdapter - Downloading https://repo.maven.apache.org/maven2/org/sonatype/plexus/plexus-cipher/1.4/plexus-cipher-1.4.pom
2025-03-18 09:49:32,804 [Worker-42: Building] INFO  o.e.m.c.i.e.AbstractTransferListenerAdapter - Downloaded https://repo.maven.apache.org/maven2/org/sonatype/plexus/plexus-cipher/1.4/plexus-cipher-1.4.pom
2025-03-18 09:49:32,879 [Worker-42: Building] INFO  o.e.m.c.i.e.AbstractTransferListenerAdapter - Downloading https://repo.maven.apache.org/maven2/org/apache/maven/maven-repository-metadata/3.0/maven-repository-metadata-3.0.pom
2025-03-18 09:49:32,891 [Worker-42: Building] INFO  o.e.m.c.i.e.AbstractTransferListenerAdapter - Downloaded https://repo.maven.apache.org/maven2/org/apache/maven/maven-repository-metadata/3.0/maven-repository-metadata-3.0.pom
2025-03-18 09:49:32,974 [Worker-42: Building] INFO  o.e.m.c.i.e.AbstractTransferListenerAdapter - Downloading https://repo.maven.apache.org/maven2/org/apache/maven/maven-artifact/3.0/maven-artifact-3.0.pom
2025-03-18 09:49:32,979 [Worker-42: Building] INFO  o.e.m.c.i.e.AbstractTransferListenerAdapter - Downloaded https://repo.maven.apache.org/maven2/org/apache/maven/maven-artifact/3.0/maven-artifact-3.0.pom
2025-03-18 09:49:33,015 [Worker-46: Discover lifecycle mappings] INFO  o.e.m.i.discovery.MavenDiscovery - No lifecyle mapping found at jar:file:/C:/Users/plmin/AppData/Local/Temp/RemoteBundleDiscoveryStrategy15022310444232851635.tmp/org.eclipse.m2e.discovery.oss_catalog_2.x.jar_2932515928876982556.jar!/lifecycle%2Forg.eclipse.m2e.discovery.lifecyclemapping.m2e-egit.xml
2025-03-18 09:49:33,016 [Worker-46: Discover lifecycle mappings] WARN  o.e.m.i.discovery.MavenDiscovery - CatalogItem org.eclipse.m2e.discovery.lifecyclemapping.m2e-egit does not contain lifecycle mapping metadata
2025-03-18 09:49:33,044 [Worker-42: Building] INFO  o.e.m.c.i.e.AbstractTransferListenerAdapter - Downloading https://repo.maven.apache.org/maven2/org/apache/maven/maven-plugin-api/3.0/maven-plugin-api-3.0.pom
2025-03-18 09:49:33,052 [Worker-42: Building] INFO  o.e.m.c.i.e.AbstractTransferListenerAdapter - Downloaded https://repo.maven.apache.org/maven2/org/apache/maven/maven-plugin-api/3.0/maven-plugin-api-3.0.pom
2025-03-18 09:49:33,121 [Worker-42: Building] INFO  o.e.m.c.i.e.AbstractTransferListenerAdapter - Downloading https://repo.maven.apache.org/maven2/org/sonatype/sisu/sisu-inject-plexus/1.4.2/sisu-inject-plexus-1.4.2.pom
2025-03-18 09:49:33,126 [Worker-42: Building] INFO  o.e.m.c.i.e.AbstractTransferListenerAdapter - Downloaded https://repo.maven.apache.org/maven2/org/sonatype/sisu/sisu-inject-plexus/1.4.2/sisu-inject-plexus-1.4.2.pom
2025-03-18 09:49:33,196 [Worker-42: Building] INFO  o.e.m.c.i.e.AbstractTransferListenerAdapter - Downloading https://repo.maven.apache.org/maven2/org/sonatype/sisu/inject/guice-plexus/1.4.2/guice-plexus-1.4.2.pom
2025-03-18 09:49:33,225 [Worker-42: Building] INFO  o.e.m.c.i.e.AbstractTransferListenerAdapter - Downloaded https://repo.maven.apache.org/maven2/org/sonatype/sisu/inject/guice-plexus/1.4.2/guice-plexus-1.4.2.pom
2025-03-18 09:49:33,309 [Worker-42: Building] INFO  o.e.m.c.i.e.AbstractTransferListenerAdapter - Downloading https://repo.maven.apache.org/maven2/org/sonatype/sisu/inject/guice-bean/1.4.2/guice-bean-1.4.2.pom
2025-03-18 09:49:33,315 [Worker-42: Building] INFO  o.e.m.c.i.e.AbstractTransferListenerAdapter - Downloaded https://repo.maven.apache.org/maven2/org/sonatype/sisu/inject/guice-bean/1.4.2/guice-bean-1.4.2.pom
2025-03-18 09:49:33,390 [Worker-42: Building] INFO  o.e.m.c.i.e.AbstractTransferListenerAdapter - Downloading https://repo.maven.apache.org/maven2/org/sonatype/sisu/sisu-inject/1.4.2/sisu-inject-1.4.2.pom
2025-03-18 09:49:33,400 [Worker-42: Building] INFO  o.e.m.c.i.e.AbstractTransferListenerAdapter - Downloaded https://repo.maven.apache.org/maven2/org/sonatype/sisu/sisu-inject/1.4.2/sisu-inject-1.4.2.pom
2025-03-18 09:49:33,512 [Worker-42: Building] INFO  o.e.m.c.i.e.AbstractTransferListenerAdapter - Downloading https://repo.maven.apache.org/maven2/org/sonatype/sisu/sisu-parent/1.4.2/sisu-parent-1.4.2.pom
2025-03-18 09:49:33,526 [Worker-42: Building] INFO  o.e.m.c.i.e.AbstractTransferListenerAdapter - Downloaded https://repo.maven.apache.org/maven2/org/sonatype/sisu/sisu-parent/1.4.2/sisu-parent-1.4.2.pom
2025-03-18 09:49:33,590 [Worker-42: Building] INFO  o.e.m.c.i.e.AbstractTransferListenerAdapter - Downloading https://repo.maven.apache.org/maven2/org/sonatype/forge/forge-parent/6/forge-parent-6.pom
2025-03-18 09:49:33,610 [Worker-42: Building] INFO  o.e.m.c.i.e.AbstractTransferListenerAdapter - Downloaded https://repo.maven.apache.org/maven2/org/sonatype/forge/forge-parent/6/forge-parent-6.pom
2025-03-18 09:49:33,683 [Worker-42: Building] INFO  o.e.m.c.i.e.AbstractTransferListenerAdapter - Downloading https://repo.maven.apache.org/maven2/org/codehaus/plexus/plexus-classworlds/2.2.3/plexus-classworlds-2.2.3.pom
2025-03-18 09:49:33,732 [Worker-42: Building] INFO  o.e.m.c.i.e.AbstractTransferListenerAdapter - Downloaded https://repo.maven.apache.org/maven2/org/codehaus/plexus/plexus-classworlds/2.2.3/plexus-classworlds-2.2.3.pom
2025-03-18 09:49:33,819 [Worker-42: Building] INFO  o.e.m.c.i.e.AbstractTransferListenerAdapter - Downloading https://repo.maven.apache.org/maven2/org/codehaus/plexus/plexus/2.0.6/plexus-2.0.6.pom
2025-03-18 09:49:33,836 [Worker-42: Building] INFO  o.e.m.c.i.e.AbstractTransferListenerAdapter - Downloaded https://repo.maven.apache.org/maven2/org/codehaus/plexus/plexus/2.0.6/plexus-2.0.6.pom
2025-03-18 09:49:33,924 [Worker-42: Building] INFO  o.e.m.c.i.e.AbstractTransferListenerAdapter - Downloading https://repo.maven.apache.org/maven2/org/sonatype/sisu/sisu-inject-bean/1.4.2/sisu-inject-bean-1.4.2.pom
2025-03-18 09:49:33,938 [Worker-42: Building] INFO  o.e.m.c.i.e.AbstractTransferListenerAdapter - Downloaded https://repo.maven.apache.org/maven2/org/sonatype/sisu/sisu-inject-bean/1.4.2/sisu-inject-bean-1.4.2.pom
2025-03-18 09:49:34,006 [Worker-42: Building] INFO  o.e.m.c.i.e.AbstractTransferListenerAdapter - Downloading https://repo.maven.apache.org/maven2/org/sonatype/sisu/sisu-guice/2.1.7/sisu-guice-2.1.7.pom
2025-03-18 09:49:34,019 [Worker-42: Building] INFO  o.e.m.c.i.e.AbstractTransferListenerAdapter - Downloaded https://repo.maven.apache.org/maven2/org/sonatype/sisu/sisu-guice/2.1.7/sisu-guice-2.1.7.pom
2025-03-18 09:49:34,086 [Worker-42: Building] INFO  o.e.m.c.i.e.AbstractTransferListenerAdapter - Downloading https://repo.maven.apache.org/maven2/org/apache/maven/maven-model-builder/3.0/maven-model-builder-3.0.pom
2025-03-18 09:49:34,094 [Worker-42: Building] INFO  o.e.m.c.i.e.AbstractTransferListenerAdapter - Downloaded https://repo.maven.apache.org/maven2/org/apache/maven/maven-model-builder/3.0/maven-model-builder-3.0.pom
2025-03-18 09:49:34,157 [Worker-42: Building] INFO  o.e.m.c.i.e.AbstractTransferListenerAdapter - Downloading https://repo.maven.apache.org/maven2/org/apache/maven/maven-aether-provider/3.0/maven-aether-provider-3.0.pom
2025-03-18 09:49:34,165 [Worker-42: Building] INFO  o.e.m.c.i.e.AbstractTransferListenerAdapter - Downloaded https://repo.maven.apache.org/maven2/org/apache/maven/maven-aether-provider/3.0/maven-aether-provider-3.0.pom
2025-03-18 09:49:34,256 [Worker-42: Building] INFO  o.e.m.c.i.e.AbstractTransferListenerAdapter - Downloading https://repo.maven.apache.org/maven2/org/sonatype/aether/aether-api/1.7/aether-api-1.7.pom
2025-03-18 09:49:34,264 [Worker-42: Building] INFO  o.e.m.c.i.e.AbstractTransferListenerAdapter - Downloaded https://repo.maven.apache.org/maven2/org/sonatype/aether/aether-api/1.7/aether-api-1.7.pom
2025-03-18 09:49:34,341 [Worker-42: Building] INFO  o.e.m.c.i.e.AbstractTransferListenerAdapter - Downloading https://repo.maven.apache.org/maven2/org/sonatype/aether/aether-parent/1.7/aether-parent-1.7.pom
2025-03-18 09:49:34,363 [Worker-42: Building] INFO  o.e.m.c.i.e.AbstractTransferListenerAdapter - Downloaded https://repo.maven.apache.org/maven2/org/sonatype/aether/aether-parent/1.7/aether-parent-1.7.pom
2025-03-18 09:49:34,434 [Worker-42: Building] INFO  o.e.m.c.i.e.AbstractTransferListenerAdapter - Downloading https://repo.maven.apache.org/maven2/org/sonatype/aether/aether-util/1.7/aether-util-1.7.pom
2025-03-18 09:49:34,442 [Worker-42: Building] INFO  o.e.m.c.i.e.AbstractTransferListenerAdapter - Downloaded https://repo.maven.apache.org/maven2/org/sonatype/aether/aether-util/1.7/aether-util-1.7.pom
2025-03-18 09:49:34,520 [Worker-42: Building] INFO  o.e.m.c.i.e.AbstractTransferListenerAdapter - Downloading https://repo.maven.apache.org/maven2/org/sonatype/aether/aether-impl/1.7/aether-impl-1.7.pom
2025-03-18 09:49:34,527 [Worker-42: Building] INFO  o.e.m.c.i.e.AbstractTransferListenerAdapter - Downloaded https://repo.maven.apache.org/maven2/org/sonatype/aether/aether-impl/1.7/aether-impl-1.7.pom
2025-03-18 09:49:34,600 [Worker-42: Building] INFO  o.e.m.c.i.e.AbstractTransferListenerAdapter - Downloading https://repo.maven.apache.org/maven2/org/sonatype/aether/aether-spi/1.7/aether-spi-1.7.pom
2025-03-18 09:49:34,607 [Worker-42: Building] INFO  o.e.m.c.i.e.AbstractTransferListenerAdapter - Downloaded https://repo.maven.apache.org/maven2/org/sonatype/aether/aether-spi/1.7/aether-spi-1.7.pom
2025-03-18 09:49:34,673 [Worker-42: Building] INFO  o.e.m.c.i.e.AbstractTransferListenerAdapter - Downloading https://repo.maven.apache.org/maven2/org/codehaus/plexus/plexus-interpolation/1.21/plexus-interpolation-1.21.pom
2025-03-18 09:49:34,679 [Worker-42: Building] INFO  o.e.m.c.i.e.AbstractTransferListenerAdapter - Downloaded https://repo.maven.apache.org/maven2/org/codehaus/plexus/plexus-interpolation/1.21/plexus-interpolation-1.21.pom
2025-03-18 09:49:34,744 [Worker-42: Building] INFO  o.e.m.c.i.e.AbstractTransferListenerAdapter - Downloading https://repo.maven.apache.org/maven2/org/codehaus/plexus/plexus-components/1.3.1/plexus-components-1.3.1.pom
2025-03-18 09:49:34,754 [Worker-42: Building] INFO  o.e.m.c.i.e.AbstractTransferListenerAdapter - Downloaded https://repo.maven.apache.org/maven2/org/codehaus/plexus/plexus-components/1.3.1/plexus-components-1.3.1.pom
2025-03-18 09:49:34,850 [Worker-42: Building] INFO  o.e.m.c.i.e.AbstractTransferListenerAdapter - Downloading https://repo.maven.apache.org/maven2/org/codehaus/plexus/plexus/3.3.1/plexus-3.3.1.pom
2025-03-18 09:49:34,883 [Worker-42: Building] INFO  o.e.m.c.i.e.AbstractTransferListenerAdapter - Downloaded https://repo.maven.apache.org/maven2/org/codehaus/plexus/plexus/3.3.1/plexus-3.3.1.pom
2025-03-18 09:49:34,962 [Worker-42: Building] INFO  o.e.m.c.i.e.AbstractTransferListenerAdapter - Downloading https://repo.maven.apache.org/maven2/org/sonatype/spice/spice-parent/17/spice-parent-17.pom
2025-03-18 09:49:34,971 [Worker-42: Building] INFO  o.e.m.c.i.e.AbstractTransferListenerAdapter - Downloaded https://repo.maven.apache.org/maven2/org/sonatype/spice/spice-parent/17/spice-parent-17.pom
2025-03-18 09:49:35,117 [Worker-42: Building] INFO  o.e.m.c.i.e.AbstractTransferListenerAdapter - Downloading https://repo.maven.apache.org/maven2/org/sonatype/forge/forge-parent/10/forge-parent-10.pom
2025-03-18 09:49:35,128 [Worker-42: Building] INFO  o.e.m.c.i.e.AbstractTransferListenerAdapter - Downloaded https://repo.maven.apache.org/maven2/org/sonatype/forge/forge-parent/10/forge-parent-10.pom
2025-03-18 09:49:35,211 [Worker-42: Building] INFO  o.e.m.c.i.e.AbstractTransferListenerAdapter - Downloading https://repo.maven.apache.org/maven2/org/apache/maven/shared/maven-shared-utils/3.3.4/maven-shared-utils-3.3.4.pom
2025-03-18 09:49:35,223 [Worker-42: Building] INFO  o.e.m.c.i.e.AbstractTransferListenerAdapter - Downloaded https://repo.maven.apache.org/maven2/org/apache/maven/shared/maven-shared-utils/3.3.4/maven-shared-utils-3.3.4.pom
2025-03-18 09:49:35,339 [Worker-42: Building] INFO  o.e.m.c.i.e.AbstractTransferListenerAdapter - Downloading https://repo.maven.apache.org/maven2/org/apache/maven/shared/maven-shared-components/34/maven-shared-components-34.pom
2025-03-18 09:49:35,353 [Worker-42: Building] INFO  o.e.m.c.i.e.AbstractTransferListenerAdapter - Downloaded https://repo.maven.apache.org/maven2/org/apache/maven/shared/maven-shared-components/34/maven-shared-components-34.pom
2025-03-18 09:49:35,431 [Worker-42: Building] INFO  o.e.m.c.i.e.AbstractTransferListenerAdapter - Downloading https://repo.maven.apache.org/maven2/commons-io/commons-io/2.6/commons-io-2.6.pom
2025-03-18 09:49:35,441 [Worker-42: Building] INFO  o.e.m.c.i.e.AbstractTransferListenerAdapter - Downloaded https://repo.maven.apache.org/maven2/commons-io/commons-io/2.6/commons-io-2.6.pom
2025-03-18 09:49:35,510 [Worker-42: Building] INFO  o.e.m.c.i.e.AbstractTransferListenerAdapter - Downloading https://repo.maven.apache.org/maven2/org/apache/commons/commons-parent/42/commons-parent-42.pom
2025-03-18 09:49:35,577 [Worker-42: Building] INFO  o.e.m.c.i.e.AbstractTransferListenerAdapter - Downloaded https://repo.maven.apache.org/maven2/org/apache/commons/commons-parent/42/commons-parent-42.pom
2025-03-18 09:49:35,650 [Worker-42: Building] INFO  o.e.m.c.i.e.AbstractTransferListenerAdapter - Downloading https://repo.maven.apache.org/maven2/org/apache/apache/18/apache-18.pom
2025-03-18 09:49:35,662 [Worker-42: Building] INFO  o.e.m.c.i.e.AbstractTransferListenerAdapter - Downloaded https://repo.maven.apache.org/maven2/org/apache/apache/18/apache-18.pom
2025-03-18 09:49:35,756 [Worker-42: Building] INFO  o.e.m.c.i.e.AbstractTransferListenerAdapter - Downloading https://repo.maven.apache.org/maven2/org/apache/maven/maven-archiver/3.6.0/maven-archiver-3.6.0.jar
2025-03-18 09:49:35,779 [Worker-42: Building] INFO  o.e.m.c.i.e.AbstractTransferListenerAdapter - Downloaded https://repo.maven.apache.org/maven2/org/apache/maven/maven-archiver/3.6.0/maven-archiver-3.6.0.jar
2025-03-18 09:49:35,846 [BasicRepositoryConnector-repo.maven.apache.org-0-0] INFO  o.e.m.c.i.e.AbstractTransferListenerAdapter - Downloading https://repo.maven.apache.org/maven2/org/codehaus/plexus/plexus-archiver/4.5.0/plexus-archiver-4.5.0.jar
2025-03-18 09:49:35,964 [BasicRepositoryConnector-repo.maven.apache.org-0-3] INFO  o.e.m.c.i.e.AbstractTransferListenerAdapter - Downloading https://repo.maven.apache.org/maven2/org/codehaus/plexus/plexus-utils/3.4.2/plexus-utils-3.4.2.jar
2025-03-18 09:49:35,969 [BasicRepositoryConnector-repo.maven.apache.org-0-0] INFO  o.e.m.c.i.e.AbstractTransferListenerAdapter - Downloaded https://repo.maven.apache.org/maven2/org/codehaus/plexus/plexus-archiver/4.5.0/plexus-archiver-4.5.0.jar
2025-03-18 09:49:35,970 [BasicRepositoryConnector-repo.maven.apache.org-0-2] INFO  o.e.m.c.i.e.AbstractTransferListenerAdapter - Downloading https://repo.maven.apache.org/maven2/com/github/luben/zstd-jni/1.5.2-4/zstd-jni-1.5.2-4.jar
2025-03-18 09:49:35,970 [BasicRepositoryConnector-repo.maven.apache.org-0-4] INFO  o.e.m.c.i.e.AbstractTransferListenerAdapter - Downloading https://repo.maven.apache.org/maven2/org/codehaus/plexus/plexus-io/3.4.0/plexus-io-3.4.0.jar
2025-03-18 09:49:35,991 [BasicRepositoryConnector-repo.maven.apache.org-0-1] INFO  o.e.m.c.i.e.AbstractTransferListenerAdapter - Downloading https://repo.maven.apache.org/maven2/org/apache/commons/commons-compress/1.21/commons-compress-1.21.jar
2025-03-18 09:49:36,100 [BasicRepositoryConnector-repo.maven.apache.org-0-0] INFO  o.e.m.c.i.e.AbstractTransferListenerAdapter - Downloading https://repo.maven.apache.org/maven2/org/apache/maven/shared/maven-filtering/3.3.0/maven-filtering-3.3.0.jar
2025-03-18 09:49:36,125 [BasicRepositoryConnector-repo.maven.apache.org-0-4] INFO  o.e.m.c.i.e.AbstractTransferListenerAdapter - Downloaded https://repo.maven.apache.org/maven2/org/codehaus/plexus/plexus-io/3.4.0/plexus-io-3.4.0.jar
2025-03-18 09:49:36,157 [BasicRepositoryConnector-repo.maven.apache.org-0-0] INFO  o.e.m.c.i.e.AbstractTransferListenerAdapter - Downloaded https://repo.maven.apache.org/maven2/org/apache/maven/shared/maven-filtering/3.3.0/maven-filtering-3.3.0.jar
2025-03-18 09:49:36,252 [BasicRepositoryConnector-repo.maven.apache.org-0-4] INFO  o.e.m.c.i.e.AbstractTransferListenerAdapter - Downloading https://repo.maven.apache.org/maven2/org/apache/maven/shared/maven-mapping/3.0.0/maven-mapping-3.0.0.jar
2025-03-18 09:49:36,265 [BasicRepositoryConnector-repo.maven.apache.org-0-4] INFO  o.e.m.c.i.e.AbstractTransferListenerAdapter - Downloaded https://repo.maven.apache.org/maven2/org/apache/maven/shared/maven-mapping/3.0.0/maven-mapping-3.0.0.jar
2025-03-18 09:49:36,280 [BasicRepositoryConnector-repo.maven.apache.org-0-0] INFO  o.e.m.c.i.e.AbstractTransferListenerAdapter - Downloading https://repo.maven.apache.org/maven2/org/apache/maven/maven-core/3.0/maven-core-3.0.jar
2025-03-18 09:49:36,439 [BasicRepositoryConnector-repo.maven.apache.org-0-4] INFO  o.e.m.c.i.e.AbstractTransferListenerAdapter - Downloading https://repo.maven.apache.org/maven2/org/apache/maven/maven-model/3.0/maven-model-3.0.jar
2025-03-18 09:49:36,569 [BasicRepositoryConnector-repo.maven.apache.org-0-3] INFO  o.e.m.c.i.e.AbstractTransferListenerAdapter - Downloaded https://repo.maven.apache.org/maven2/org/codehaus/plexus/plexus-utils/3.4.2/plexus-utils-3.4.2.jar
2025-03-18 09:49:36,778 [BasicRepositoryConnector-repo.maven.apache.org-0-3] INFO  o.e.m.c.i.e.AbstractTransferListenerAdapter - Downloading https://repo.maven.apache.org/maven2/org/apache/maven/maven-settings/3.0/maven-settings-3.0.jar
2025-03-18 09:49:36,866 [BasicRepositoryConnector-repo.maven.apache.org-0-4] INFO  o.e.m.c.i.e.AbstractTransferListenerAdapter - Downloaded https://repo.maven.apache.org/maven2/org/apache/maven/maven-model/3.0/maven-model-3.0.jar
2025-03-18 09:49:36,881 [BasicRepositoryConnector-repo.maven.apache.org-0-3] INFO  o.e.m.c.i.e.AbstractTransferListenerAdapter - Downloaded https://repo.maven.apache.org/maven2/org/apache/maven/maven-settings/3.0/maven-settings-3.0.jar
2025-03-18 09:49:36,959 [BasicRepositoryConnector-repo.maven.apache.org-0-0] INFO  o.e.m.c.i.e.AbstractTransferListenerAdapter - Downloaded https://repo.maven.apache.org/maven2/org/apache/maven/maven-core/3.0/maven-core-3.0.jar
2025-03-18 09:49:36,996 [BasicRepositoryConnector-repo.maven.apache.org-0-3] INFO  o.e.m.c.i.e.AbstractTransferListenerAdapter - Downloading https://repo.maven.apache.org/maven2/org/apache/maven/maven-repository-metadata/3.0/maven-repository-metadata-3.0.jar
2025-03-18 09:49:36,999 [BasicRepositoryConnector-repo.maven.apache.org-0-4] INFO  o.e.m.c.i.e.AbstractTransferListenerAdapter - Downloading https://repo.maven.apache.org/maven2/org/apache/maven/maven-settings-builder/3.0/maven-settings-builder-3.0.jar
2025-03-18 09:49:37,057 [BasicRepositoryConnector-repo.maven.apache.org-0-3] INFO  o.e.m.c.i.e.AbstractTransferListenerAdapter - Downloaded https://repo.maven.apache.org/maven2/org/apache/maven/maven-repository-metadata/3.0/maven-repository-metadata-3.0.jar
2025-03-18 09:49:37,066 [BasicRepositoryConnector-repo.maven.apache.org-0-4] INFO  o.e.m.c.i.e.AbstractTransferListenerAdapter - Downloaded https://repo.maven.apache.org/maven2/org/apache/maven/maven-settings-builder/3.0/maven-settings-builder-3.0.jar
2025-03-18 09:49:37,077 [BasicRepositoryConnector-repo.maven.apache.org-0-0] INFO  o.e.m.c.i.e.AbstractTransferListenerAdapter - Downloading https://repo.maven.apache.org/maven2/org/apache/maven/maven-artifact/3.0/maven-artifact-3.0.jar
2025-03-18 09:49:37,156 [BasicRepositoryConnector-repo.maven.apache.org-0-3] INFO  o.e.m.c.i.e.AbstractTransferListenerAdapter - Downloading https://repo.maven.apache.org/maven2/org/apache/maven/maven-plugin-api/3.0/maven-plugin-api-3.0.jar
2025-03-18 09:49:37,161 [BasicRepositoryConnector-repo.maven.apache.org-0-0] INFO  o.e.m.c.i.e.AbstractTransferListenerAdapter - Downloaded https://repo.maven.apache.org/maven2/org/apache/maven/maven-artifact/3.0/maven-artifact-3.0.jar
2025-03-18 09:49:37,163 [BasicRepositoryConnector-repo.maven.apache.org-0-4] INFO  o.e.m.c.i.e.AbstractTransferListenerAdapter - Downloading https://repo.maven.apache.org/maven2/org/apache/maven/maven-model-builder/3.0/maven-model-builder-3.0.jar
2025-03-18 09:49:37,234 [BasicRepositoryConnector-repo.maven.apache.org-0-3] INFO  o.e.m.c.i.e.AbstractTransferListenerAdapter - Downloaded https://repo.maven.apache.org/maven2/org/apache/maven/maven-plugin-api/3.0/maven-plugin-api-3.0.jar
2025-03-18 09:49:37,308 [BasicRepositoryConnector-repo.maven.apache.org-0-0] INFO  o.e.m.c.i.e.AbstractTransferListenerAdapter - Downloading https://repo.maven.apache.org/maven2/org/apache/maven/maven-aether-provider/3.0/maven-aether-provider-3.0.jar
2025-03-18 09:49:37,365 [BasicRepositoryConnector-repo.maven.apache.org-0-0] INFO  o.e.m.c.i.e.AbstractTransferListenerAdapter - Downloaded https://repo.maven.apache.org/maven2/org/apache/maven/maven-aether-provider/3.0/maven-aether-provider-3.0.jar
2025-03-18 09:49:37,394 [BasicRepositoryConnector-repo.maven.apache.org-0-3] INFO  o.e.m.c.i.e.AbstractTransferListenerAdapter - Downloading https://repo.maven.apache.org/maven2/org/sonatype/aether/aether-impl/1.7/aether-impl-1.7.jar
2025-03-18 09:49:37,395 [BasicRepositoryConnector-repo.maven.apache.org-0-4] INFO  o.e.m.c.i.e.AbstractTransferListenerAdapter - Downloaded https://repo.maven.apache.org/maven2/org/apache/maven/maven-model-builder/3.0/maven-model-builder-3.0.jar
2025-03-18 09:49:37,506 [BasicRepositoryConnector-repo.maven.apache.org-0-3] INFO  o.e.m.c.i.e.AbstractTransferListenerAdapter - Downloaded https://repo.maven.apache.org/maven2/org/sonatype/aether/aether-impl/1.7/aether-impl-1.7.jar
2025-03-18 09:49:37,516 [BasicRepositoryConnector-repo.maven.apache.org-0-0] INFO  o.e.m.c.i.e.AbstractTransferListenerAdapter - Downloading https://repo.maven.apache.org/maven2/org/sonatype/aether/aether-spi/1.7/aether-spi-1.7.jar
2025-03-18 09:49:37,535 [BasicRepositoryConnector-repo.maven.apache.org-0-0] INFO  o.e.m.c.i.e.AbstractTransferListenerAdapter - Downloaded https://repo.maven.apache.org/maven2/org/sonatype/aether/aether-spi/1.7/aether-spi-1.7.jar
2025-03-18 09:49:37,537 [BasicRepositoryConnector-repo.maven.apache.org-0-4] INFO  o.e.m.c.i.e.AbstractTransferListenerAdapter - Downloading https://repo.maven.apache.org/maven2/org/sonatype/aether/aether-api/1.7/aether-api-1.7.jar
2025-03-18 09:49:37,601 [BasicRepositoryConnector-repo.maven.apache.org-0-4] INFO  o.e.m.c.i.e.AbstractTransferListenerAdapter - Downloaded https://repo.maven.apache.org/maven2/org/sonatype/aether/aether-api/1.7/aether-api-1.7.jar
2025-03-18 09:49:37,620 [BasicRepositoryConnector-repo.maven.apache.org-0-3] INFO  o.e.m.c.i.e.AbstractTransferListenerAdapter - Downloading https://repo.maven.apache.org/maven2/org/sonatype/aether/aether-util/1.7/aether-util-1.7.jar
2025-03-18 09:49:37,688 [BasicRepositoryConnector-repo.maven.apache.org-0-0] INFO  o.e.m.c.i.e.AbstractTransferListenerAdapter - Downloading https://repo.maven.apache.org/maven2/org/sonatype/sisu/sisu-inject-plexus/1.4.2/sisu-inject-plexus-1.4.2.jar
2025-03-18 09:49:37,753 [BasicRepositoryConnector-repo.maven.apache.org-0-4] INFO  o.e.m.c.i.e.AbstractTransferListenerAdapter - Downloading https://repo.maven.apache.org/maven2/org/sonatype/sisu/sisu-inject-bean/1.4.2/sisu-inject-bean-1.4.2.jar
2025-03-18 09:49:37,897 [BasicRepositoryConnector-repo.maven.apache.org-0-3] INFO  o.e.m.c.i.e.AbstractTransferListenerAdapter - Downloaded https://repo.maven.apache.org/maven2/org/sonatype/aether/aether-util/1.7/aether-util-1.7.jar
2025-03-18 09:49:38,003 [BasicRepositoryConnector-repo.maven.apache.org-0-0] INFO  o.e.m.c.i.e.AbstractTransferListenerAdapter - Downloaded https://repo.maven.apache.org/maven2/org/sonatype/sisu/sisu-inject-plexus/1.4.2/sisu-inject-plexus-1.4.2.jar
2025-03-18 09:49:38,087 [BasicRepositoryConnector-repo.maven.apache.org-0-4] INFO  o.e.m.c.i.e.AbstractTransferListenerAdapter - Downloaded https://repo.maven.apache.org/maven2/org/sonatype/sisu/sisu-inject-bean/1.4.2/sisu-inject-bean-1.4.2.jar
2025-03-18 09:49:38,102 [BasicRepositoryConnector-repo.maven.apache.org-0-3] INFO  o.e.m.c.i.e.AbstractTransferListenerAdapter - Downloading https://repo.maven.apache.org/maven2/org/sonatype/sisu/sisu-guice/2.1.7/sisu-guice-2.1.7-noaop.jar
2025-03-18 09:49:38,180 [BasicRepositoryConnector-repo.maven.apache.org-0-0] INFO  o.e.m.c.i.e.AbstractTransferListenerAdapter - Downloading https://repo.maven.apache.org/maven2/org/codehaus/plexus/plexus-classworlds/2.2.3/plexus-classworlds-2.2.3.jar
2025-03-18 09:49:38,255 [BasicRepositoryConnector-repo.maven.apache.org-0-0] INFO  o.e.m.c.i.e.AbstractTransferListenerAdapter - Downloaded https://repo.maven.apache.org/maven2/org/codehaus/plexus/plexus-classworlds/2.2.3/plexus-classworlds-2.2.3.jar
2025-03-18 09:49:38,268 [BasicRepositoryConnector-repo.maven.apache.org-0-4] INFO  o.e.m.c.i.e.AbstractTransferListenerAdapter - Downloading https://repo.maven.apache.org/maven2/org/codehaus/plexus/plexus-component-annotations/2.1.1/plexus-component-annotations-2.1.1.jar
2025-03-18 09:49:38,285 [BasicRepositoryConnector-repo.maven.apache.org-0-4] INFO  o.e.m.c.i.e.AbstractTransferListenerAdapter - Downloaded https://repo.maven.apache.org/maven2/org/codehaus/plexus/plexus-component-annotations/2.1.1/plexus-component-annotations-2.1.1.jar
2025-03-18 09:49:38,428 [BasicRepositoryConnector-repo.maven.apache.org-0-0] INFO  o.e.m.c.i.e.AbstractTransferListenerAdapter - Downloading https://repo.maven.apache.org/maven2/org/sonatype/plexus/plexus-sec-dispatcher/1.3/plexus-sec-dispatcher-1.3.jar
2025-03-18 09:49:38,450 [BasicRepositoryConnector-repo.maven.apache.org-0-4] INFO  o.e.m.c.i.e.AbstractTransferListenerAdapter - Downloading https://repo.maven.apache.org/maven2/org/sonatype/plexus/plexus-cipher/1.4/plexus-cipher-1.4.jar
2025-03-18 09:49:38,480 [BasicRepositoryConnector-repo.maven.apache.org-0-0] INFO  o.e.m.c.i.e.AbstractTransferListenerAdapter - Downloaded https://repo.maven.apache.org/maven2/org/sonatype/plexus/plexus-sec-dispatcher/1.3/plexus-sec-dispatcher-1.3.jar
2025-03-18 09:49:38,489 [BasicRepositoryConnector-repo.maven.apache.org-0-4] INFO  o.e.m.c.i.e.AbstractTransferListenerAdapter - Downloaded https://repo.maven.apache.org/maven2/org/sonatype/plexus/plexus-cipher/1.4/plexus-cipher-1.4.jar
2025-03-18 09:49:38,501 [BasicRepositoryConnector-repo.maven.apache.org-0-1] INFO  o.e.m.c.i.e.AbstractTransferListenerAdapter - Downloaded https://repo.maven.apache.org/maven2/org/apache/commons/commons-compress/1.21/commons-compress-1.21.jar
2025-03-18 09:49:38,632 [BasicRepositoryConnector-repo.maven.apache.org-0-0] INFO  o.e.m.c.i.e.AbstractTransferListenerAdapter - Downloading https://repo.maven.apache.org/maven2/org/apache/maven/shared/maven-shared-utils/3.3.4/maven-shared-utils-3.3.4.jar
2025-03-18 09:49:38,802 [BasicRepositoryConnector-repo.maven.apache.org-0-0] INFO  o.e.m.c.i.e.AbstractTransferListenerAdapter - Downloaded https://repo.maven.apache.org/maven2/org/apache/maven/shared/maven-shared-utils/3.3.4/maven-shared-utils-3.3.4.jar
2025-03-18 09:49:38,825 [BasicRepositoryConnector-repo.maven.apache.org-0-3] INFO  o.e.m.c.i.e.AbstractTransferListenerAdapter - Downloaded https://repo.maven.apache.org/maven2/org/sonatype/sisu/sisu-guice/2.1.7/sisu-guice-2.1.7-noaop.jar
2025-03-18 09:49:42,605 [BasicRepositoryConnector-repo.maven.apache.org-0-2] INFO  o.e.m.c.i.e.AbstractTransferListenerAdapter - Downloaded https://repo.maven.apache.org/maven2/com/github/luben/zstd-jni/1.5.2-4/zstd-jni-1.5.2-4.jar
2025-03-18 09:49:42,866 [Worker-42: Building] INFO  o.e.m.c.i.embedder.EclipseLogger - Generating application.xml
2025-03-18 09:49:42,884 [Worker-42: Building] INFO  o.a.m.s.f.DefaultMavenResourcesFiltering - skip non existing resourceDirectory E:\PJ\Eclipse\webapp\ear\src\main\resources
2025-03-18 09:49:42,895 [Worker-42: Building] INFO  o.a.m.s.f.DefaultMavenResourcesFiltering - skip non existing resourceDirectory E:\PJ\Eclipse\webapp\projects\logging\src\main\resources
2025-03-18 09:49:42,897 [Worker-42: Building] INFO  o.a.m.s.f.DefaultMavenResourcesFiltering - skip non existing resourceDirectory E:\PJ\Eclipse\webapp\projects\logging\src\test\resources
2025-03-18 09:49:42,933 [Worker-42: Building] INFO  o.a.m.s.f.DefaultMavenResourcesFiltering - skip non existing resourceDirectory E:\PJ\Eclipse\webapp\primary-source\src\main\resources
2025-03-18 09:49:42,936 [Worker-42: Building] INFO  o.a.m.s.f.DefaultMavenResourcesFiltering - skip non existing resourceDirectory E:\PJ\Eclipse\webapp\primary-source\src\test\resources
2025-03-18 09:49:42,958 [Worker-42: Building] INFO  o.a.m.s.f.DefaultMavenResourcesFiltering - Copying 1 resource from src\main\resources to target\classes
2025-03-18 09:49:42,964 [Worker-42: Building] INFO  o.a.m.s.f.DefaultMavenResourcesFiltering - skip non existing resourceDirectory E:\PJ\Eclipse\webapp\ejbs\src\test\resources
2025-03-18 09:49:42,980 [Worker-42: Building] INFO  o.a.m.s.f.DefaultMavenResourcesFiltering - skip non existing resourceDirectory E:\PJ\Eclipse\webapp\servlets\servlet\src\main\resources
2025-03-18 09:49:42,983 [Worker-42: Building] INFO  o.a.m.s.f.DefaultMavenResourcesFiltering - skip non existing resourceDirectory E:\PJ\Eclipse\webapp\servlets\servlet\src\test\resources
2025-03-26 09:26:05,792 [Worker-5: Loading available Gradle versions] INFO  o.e.b.c.i.u.g.PublishedGradleVersions - Gradle version information cache is out-of-date. Trying to update.
2025-03-26 11:00:54,883 [Worker-2: Loading available Gradle versions] INFO  o.e.b.c.i.u.g.PublishedGradleVersions - Gradle version information cache is up-to-date. Trying to read.
2025-03-27 09:46:02,325 [Worker-8: Loading available Gradle versions] INFO  o.e.b.c.i.u.g.PublishedGradleVersions - Gradle version information cache is out-of-date. Trying to update.
2025-04-02 08:31:31,375 [Worker-5: Loading available Gradle versions] INFO  o.e.b.c.i.u.g.PublishedGradleVersions - Gradle version information cache is out-of-date. Trying to update.
